itl2_code,itl2_name,census_year,age_base,persons,n_level4plus,share_level4plus
TLC3,Tees Valley,2001,16-74,458813,63174,13.7690
TLC4,"Northumberland, Durham and Tyne & Wear",2001,16-74,1372541,211031,15.3752
TLD1,Cumbria,2001,16-74,354183,60768,17.1572
TLD3,Greater Manchester,2001,16-74,1781882,303553,17.0355
TLD4,Lancashire,2001,16-74,1010542,166466,16.4729
TLD6,Cheshire,2001,16-74,628179,140154,22.3112
TLD7,Merseyside,2001,16-74,1064883,160004,15.0255
TLE1,East Yorkshire and Northern Lincolnshire,2001,16-74,623409,84439,13.5447
TLE2,North Yorkshire,2001,16-74,545130,117592,21.5714
TLE3,South Yorkshire,2001,16-74,916052,132666,14.4824
TLE4,West Yorkshire,2001,16-74,1489740,250705,16.8288
TLF1,Derbyshire and Nottinghamshire,2001,16-74,1429573,240419,16.8175
TLF2,"Leicestershire, Rutland and Northamptonshire",2001,16-74,1124836,195880,17.4141
TLF3,Lincolnshire,2001,16-74,466343,66031,14.1593
TLG1,"Herefordshire, Worcestershire and Warwickshire",2001,16-74,888078,176308,19.8528
TLG2,Shropshire and Staffordshire,2001,16-74,1084788,168209,15.5062
TLG3,West Midlands,2001,16-74,1807918,267657,14.8047
TLH2,Bedfordshire and Hertfordshire,2001,16-74,1153947,250486,21.7069
TLH3,Essex,2001,16-74,1160342,172034,14.8261
TLH4,Cambridgeshire and Peterborough,2001,16-74,518279,119126,22.9849
TLH5,Norfolk,2001,16-74,575464,84483,14.6808
TLH6,Suffolk,2001,16-74,476072,78614,16.5130
TLI3,Inner London - West,2001,16-74,767017,366091,47.7292
TLI4,Inner London - East,2001,16-74,1329523,444148,33.4066
TLI5,Outer London - East and North East,2001,16-74,1112916,210731,18.9350
TLI6,Outer London - South,2001,16-74,828155,220789,26.6603
TLI7,Outer London - West and North West,2001,16-74,1262721,400708,31.7337
TLJ1,"Berkshire, Buckinghamshire and Oxfordshire",2001,16-74,1528836,394716,25.8181
TLJ2,"Surrey, East and West Sussex",2001,16-74,1824474,424753,23.2808
TLJ3,Hampshire and Isle of Wight,2001,16-74,1285845,253926,19.7478
TLJ4,Kent,2001,16-74,1127152,180522,16.0158
TLK3,Cornwall and Isles of Scilly,2001,16-74,359707,56792,15.7884
TLK4,Devon,2001,16-74,769198,129411,16.8241
TLK5,West of England,2001,16-74,581321,133986,23.0485
TLK6,"North Somerset, Somerset and Dorset",2001,16-74,978337,175360,17.9243
TLK7,Gloucestershire and Wiltshire,2001,16-74,845895,170320,20.1349
TLL3,North Wales,2001,16-74,474769,81641,17.1959
TLL4,Mid and South West Wales,2001,16-74,606405,106514,17.5648
TLL5,South East Wales,2001,16-74,994173,172755,17.3768
TLC3,Tees Valley,2011,16+,535508,110042,20.5491
TLC4,"Northumberland, Durham and Tyne & Wear",2011,16+,1598941,363340,22.7238
TLD1,Cumbria,2011,16+,416359,102448,24.6057
TLD3,Greater Manchester,2011,16+,2148505,521777,24.2856
TLD4,Lancashire,2011,16+,1186777,279722,23.5699
TLD6,Cheshire,2011,16+,739324,221830,30.0044
TLD7,Merseyside,2011,16+,1236664,273261,22.0966
TLE1,East Yorkshire and Northern Lincolnshire,2011,16+,751855,151244,20.1161
TLE2,North Yorkshire,2011,16+,660946,198110,29.9737
TLE3,South Yorkshire,2011,16+,1093276,226610,20.7276
TLE4,West Yorkshire,2011,16+,1779864,422754,23.7520
TLF1,Derbyshire and Nottinghamshire,2011,16+,1724560,407397,23.6232
TLF2,"Leicestershire, Rutland and Northamptonshire",2011,16+,1378432,337991,24.5200
TLF3,Lincolnshire,2011,16+,591775,126314,21.3449
TLG1,"Herefordshire, Worcestershire and Warwickshire",2011,16+,1064539,297311,27.9286
TLG2,Shropshire and Staffordshire,2011,16+,1284484,295664,23.0181
TLG3,West Midlands,2011,16+,2158382,457429,21.1931
TLH2,Bedfordshire and Hertfordshire,2011,16+,1379456,412880,29.9306
TLH3,Essex,2011,16+,1397749,312855,22.3828
TLH4,Cambridgeshire and Peterborough,2011,16+,652964,196827,30.1436
TLH5,Norfolk,2011,16+,712903,156412,21.9402
TLH6,Suffolk,2011,16+,595261,139888,23.5003
TLI3,Inner London - West,2011,16+,921559,475655,51.6142
TLI4,Inner London - East,2011,16+,1715294,703097,40.9899
TLI5,Outer London - East and North East,2011,16+,1375759,376319,27.3536
TLI6,Outer London - South,2011,16+,975862,338273,34.6640
TLI7,Outer London - West and North West,2011,16+,1560699,576881,36.9630
TLJ1,"Berkshire, Buckinghamshire and Oxfordshire",2011,16+,1811832,616504,34.0266
TLJ2,"Surrey, East and West Sussex",2011,16+,2240375,713682,31.8555
TLJ3,Hampshire and Isle of Wight,2011,16+,1549762,432021,27.8766
TLJ4,Kent,2011,16+,1390697,331486,23.8360
TLK3,Cornwall and Isles of Scilly,2011,16+,444189,111131,25.0189
TLK4,Devon,2011,16+,944017,241177,25.5480
TLK5,West of England,2011,16+,708929,220336,31.0801
TLK6,"North Somerset, Somerset and Dorset",2011,16+,1224102,323891,26.4595
TLK7,Gloucestershire and Wiltshire,2011,16+,1038020,296802,28.5931
TLL3,North Wales,2011,16+,564584,137501,24.3544
TLL4,Mid and South West Wales,2011,16+,738702,180657,24.4560
TLL5,South East Wales,2011,16+,1203874,295958,24.5838
TLM0,Eastern Scotland,2011,16+,757903,195683,25.8190
TLM1,East Central Scotland,2011,16+,820375,259519,31.6342
TLM2,Highlands and Islands,2011,16+,400141,104648,26.1528
TLM3,West Central Scotland,2011,16+,1216126,290374,23.8770
TLM5,North Eastern Scotland,2011,16+,396242,118639,29.9410
TLM9,Southern Scotland,2011,16+,788285,173799,22.0477
TLN0,Northern Ireland,2011,16+,2863080,677088,23.6489
TLC3,Tees Valley,2021,16+,547084,148821,27.2026
TLC4,"Northumberland, Durham and Tyne & Wear",2021,16+,1631875,473595,29.0215
TLD1,Cumbria,2021,16+,420036,126465,30.1081
TLD3,Greater Manchester,2021,16+,2282930,727689,31.8752
TLD4,Lancashire,2021,16+,1248769,368314,29.4942
TLD6,Cheshire,2021,16+,797548,286127,35.8758
TLD7,Merseyside,2021,16+,1276350,371453,29.1028
TLE1,East Yorkshire and Northern Lincolnshire,2021,16+,769010,195260,25.3911
TLE2,North Yorkshire,2021,16+,688263,245698,35.6983
TLE3,South Yorkshire,2021,16+,1122541,305730,27.2355
TLE4,West Yorkshire,2021,16+,1880489,568769,30.2458
TLF1,Derbyshire and Nottinghamshire,2021,16+,1812397,534841,29.5101
TLF2,"Leicestershire, Rutland and Northamptonshire",2021,16+,1545433,465017,30.0898
TLF3,Lincolnshire,2021,16+,640211,163928,25.6053
TLG1,"Herefordshire, Worcestershire and Warwickshire",2021,16+,1147058,385099,33.5728
TLG2,Shropshire and Staffordshire,2021,16+,1353218,382759,28.2851
TLG3,West Midlands,2021,16+,2301056,645864,28.0682
TLH2,Bedfordshire and Hertfordshire,2021,16+,1516653,559932,36.9189
TLH3,Essex,2021,16+,1506942,416660,27.6494
TLH4,Cambridgeshire and Peterborough,2021,16+,727222,266749,36.6805
TLH5,Norfolk,2021,16+,767097,204803,26.6984
TLH6,Suffolk,2021,16+,630361,177232,28.1160
TLI3,Inner London - West,2021,16+,914655,543842,59.4587
TLI4,Inner London - East,2021,16+,1905642,969038,50.8510
TLI5,Outer London - East and North East,2021,16+,1518430,574452,37.8320
TLI6,Outer London - South,2021,16+,1049379,462733,44.0959
TLI7,Outer London - West and North West,2021,16+,1715881,766767,44.6865
TLJ1,"Berkshire, Buckinghamshire and Oxfordshire",2021,16+,2018719,815347,40.3893
TLJ2,"Surrey, East and West Sussex",2021,16+,2390629,897618,37.5474
TLJ3,Hampshire and Isle of Wight,2021,16+,1645900,542853,32.9821
TLJ4,Kent,2021,16+,1499319,446231,29.7622
TLK3,Cornwall and Isles of Scilly,2021,16+,479155,146545,30.5840
TLK4,Devon,2021,16+,1019126,314472,30.8570
TLK5,West of England,2021,16+,788690,306590,38.8733
TLK6,"North Somerset, Somerset and Dorset",2021,16+,1310317,414127,31.6051
TLK7,Gloucestershire and Wiltshire,2021,16+,1138549,385040,33.8185
TLL3,North Wales,2021,16+,568240,176740,31.1031
TLL4,Mid and South West Wales,2021,16+,747007,233252,31.2249
TLL5,South East Wales,2021,16+,1244168,396782,31.8914
