itl2_code,itl2_name,year,gdhi_per_head_gbp
TLC3,Tees Valley,1997,8986
TLC4,"Northumberland, Durham and Tyne & Wear",1997,9113
TLD1,Cumbria,1997,9768
TLD3,Greater Manchester,1997,9476
TLD4,Lancashire,1997,9345
TLD6,Cheshire,1997,11145
TLD7,Merseyside,1997,9182
TLE1,East Yorkshire and Northern Lincolnshire,1997,9047
TLE2,North Yorkshire,1997,11140
TLE3,South Yorkshire,1997,8930
TLE4,West Yorkshire,1997,9453
TLF1,Derbyshire and Nottinghamshire,1997,9177
TLF2,"Leicestershire, Rutland and Northamptonshire",1997,10195
TLF3,Lincolnshire,1997,9821
TLG1,"Herefordshire, Worcestershire and Warwickshire",1997,10982
TLG2,Shropshire and Staffordshire,1997,9882
TLG3,West Midlands,1997,8961
TLH2,Bedfordshire and Hertfordshire,1997,12256
TLH3,Essex,1997,11425
TLH4,Cambridgeshire and Peterborough,1997,10974
TLH5,Norfolk,1997,9757
TLH6,Suffolk,1997,10016
TLI3,Inner London - West,1997,20580
TLI4,Inner London - East,1997,10846
TLI5,Outer London - East and North East,1997,10957
TLI6,Outer London - South,1997,12552
TLI7,Outer London - West and North West,1997,12881
TLJ1,"Berkshire, Buckinghamshire and Oxfordshire",1997,13407
TLJ2,"Surrey, East and West Sussex",1997,13751
TLJ3,Hampshire and Isle of Wight,1997,11566
TLJ4,Kent,1997,11406
TLK3,Cornwall and Isles of Scilly,1997,9664
TLK4,Devon,1997,10343
TLK5,West of England,1997,11159
TLK6,"North Somerset, Somerset and Dorset",1997,11363
TLK7,Gloucestershire and Wiltshire,1997,11528
TLL3,North Wales,1997,9680
TLL4,Mid and South West Wales,1997,9349
TLL5,South East Wales,1997,9021
TLM0,Eastern Scotland,1997,9527
TLM1,East Central Scotland,1997,10443
TLM2,Highlands and Islands,1997,8730
TLM3,West Central Scotland,1997,9220
TLM5,North Eastern Scotland,1997,10913
TLM9,Southern Scotland,1997,9103
TLN0,Northern Ireland,1997,8613
TLC3,Tees Valley,1998,8810
TLC4,"Northumberland, Durham and Tyne & Wear",1998,9259
TLD1,Cumbria,1998,10150
TLD3,Greater Manchester,1998,9582
TLD4,Lancashire,1998,9461
TLD6,Cheshire,1998,11269
TLD7,Merseyside,1998,9335
TLE1,East Yorkshire and Northern Lincolnshire,1998,9268
TLE2,North Yorkshire,1998,11767
TLE3,South Yorkshire,1998,9086
TLE4,West Yorkshire,1998,9637
TLF1,Derbyshire and Nottinghamshire,1998,9442
TLF2,"Leicestershire, Rutland and Northamptonshire",1998,10268
TLF3,Lincolnshire,1998,10039
TLG1,"Herefordshire, Worcestershire and Warwickshire",1998,11404
TLG2,Shropshire and Staffordshire,1998,10183
TLG3,West Midlands,1998,9158
TLH2,Bedfordshire and Hertfordshire,1998,12506
TLH3,Essex,1998,11550
TLH4,Cambridgeshire and Peterborough,1998,11240
TLH5,Norfolk,1998,9920
TLH6,Suffolk,1998,10090
TLI3,Inner London - West,1998,21604
TLI4,Inner London - East,1998,11186
TLI5,Outer London - East and North East,1998,11183
TLI6,Outer London - South,1998,12936
TLI7,Outer London - West and North West,1998,13309
TLJ1,"Berkshire, Buckinghamshire and Oxfordshire",1998,13625
TLJ2,"Surrey, East and West Sussex",1998,14126
TLJ3,Hampshire and Isle of Wight,1998,11662
TLJ4,Kent,1998,11422
TLK3,Cornwall and Isles of Scilly,1998,9887
TLK4,Devon,1998,10495
TLK5,West of England,1998,11406
TLK6,"North Somerset, Somerset and Dorset",1998,11658
TLK7,Gloucestershire and Wiltshire,1998,11671
TLL3,North Wales,1998,9723
TLL4,Mid and South West Wales,1998,9415
TLL5,South East Wales,1998,9054
TLM0,Eastern Scotland,1998,9790
TLM1,East Central Scotland,1998,10740
TLM2,Highlands and Islands,1998,8917
TLM3,West Central Scotland,1998,9404
TLM5,North Eastern Scotland,1998,11084
TLM9,Southern Scotland,1998,9308
TLN0,Northern Ireland,1998,8633
TLC3,Tees Valley,1999,9253
TLC4,"Northumberland, Durham and Tyne & Wear",1999,9575
TLD1,Cumbria,1999,10432
TLD3,Greater Manchester,1999,10191
TLD4,Lancashire,1999,9820
TLD6,Cheshire,1999,11888
TLD7,Merseyside,1999,9812
TLE1,East Yorkshire and Northern Lincolnshire,1999,9846
TLE2,North Yorkshire,1999,12127
TLE3,South Yorkshire,1999,9580
TLE4,West Yorkshire,1999,10081
TLF1,Derbyshire and Nottinghamshire,1999,9939
TLF2,"Leicestershire, Rutland and Northamptonshire",1999,10682
TLF3,Lincolnshire,1999,10363
TLG1,"Herefordshire, Worcestershire and Warwickshire",1999,11790
TLG2,Shropshire and Staffordshire,1999,10549
TLG3,West Midlands,1999,9545
TLH2,Bedfordshire and Hertfordshire,1999,12879
TLH3,Essex,1999,12194
TLH4,Cambridgeshire and Peterborough,1999,11937
TLH5,Norfolk,1999,10196
TLH6,Suffolk,1999,10428
TLI3,Inner London - West,1999,23082
TLI4,Inner London - East,1999,12059
TLI5,Outer London - East and North East,1999,11666
TLI6,Outer London - South,1999,13673
TLI7,Outer London - West and North West,1999,14053
TLJ1,"Berkshire, Buckinghamshire and Oxfordshire",1999,14039
TLJ2,"Surrey, East and West Sussex",1999,14565
TLJ3,Hampshire and Isle of Wight,1999,12074
TLJ4,Kent,1999,11879
TLK3,Cornwall and Isles of Scilly,1999,10043
TLK4,Devon,1999,10836
TLK5,West of England,1999,11885
TLK6,"North Somerset, Somerset and Dorset",1999,12069
TLK7,Gloucestershire and Wiltshire,1999,12134
TLL3,North Wales,1999,10054
TLL4,Mid and South West Wales,1999,9781
TLL5,South East Wales,1999,9557
TLM0,Eastern Scotland,1999,10045
TLM1,East Central Scotland,1999,11335
TLM2,Highlands and Islands,1999,9169
TLM3,West Central Scotland,1999,9939
TLM5,North Eastern Scotland,1999,10992
TLM9,Southern Scotland,1999,9566
TLN0,Northern Ireland,1999,8956
TLC3,Tees Valley,2000,9721
TLC4,"Northumberland, Durham and Tyne & Wear",2000,10070
TLD1,Cumbria,2000,10826
TLD3,Greater Manchester,2000,10658
TLD4,Lancashire,2000,10315
TLD6,Cheshire,2000,12358
TLD7,Merseyside,2000,10214
TLE1,East Yorkshire and Northern Lincolnshire,2000,10187
TLE2,North Yorkshire,2000,12192
TLE3,South Yorkshire,2000,10042
TLE4,West Yorkshire,2000,10647
TLF1,Derbyshire and Nottinghamshire,2000,10255
TLF2,"Leicestershire, Rutland and Northamptonshire",2000,11184
TLF3,Lincolnshire,2000,10696
TLG1,"Herefordshire, Worcestershire and Warwickshire",2000,12287
TLG2,Shropshire and Staffordshire,2000,10882
TLG3,West Midlands,2000,10064
TLH2,Bedfordshire and Hertfordshire,2000,13688
TLH3,Essex,2000,12660
TLH4,Cambridgeshire and Peterborough,2000,12475
TLH5,Norfolk,2000,10665
TLH6,Suffolk,2000,11237
TLI3,Inner London - West,2000,25095
TLI4,Inner London - East,2000,13026
TLI5,Outer London - East and North East,2000,12349
TLI6,Outer London - South,2000,14580
TLI7,Outer London - West and North West,2000,14915
TLJ1,"Berkshire, Buckinghamshire and Oxfordshire",2000,14872
TLJ2,"Surrey, East and West Sussex",2000,15203
TLJ3,Hampshire and Isle of Wight,2000,12735
TLJ4,Kent,2000,12554
TLK3,Cornwall and Isles of Scilly,2000,10500
TLK4,Devon,2000,11141
TLK5,West of England,2000,12285
TLK6,"North Somerset, Somerset and Dorset",2000,12459
TLK7,Gloucestershire and Wiltshire,2000,12766
TLL3,North Wales,2000,10616
TLL4,Mid and South West Wales,2000,10117
TLL5,South East Wales,2000,10251
TLM0,Eastern Scotland,2000,10581
TLM1,East Central Scotland,2000,11941
TLM2,Highlands and Islands,2000,9636
TLM3,West Central Scotland,2000,10578
TLM5,North Eastern Scotland,2000,11699
TLM9,Southern Scotland,2000,10110
TLN0,Northern Ireland,2000,9427
TLC3,Tees Valley,2001,10252
TLC4,"Northumberland, Durham and Tyne & Wear",2001,10515
TLD1,Cumbria,2001,11567
TLD3,Greater Manchester,2001,10985
TLD4,Lancashire,2001,10745
TLD6,Cheshire,2001,12698
TLD7,Merseyside,2001,10564
TLE1,East Yorkshire and Northern Lincolnshire,2001,10523
TLE2,North Yorkshire,2001,12648
TLE3,South Yorkshire,2001,10502
TLE4,West Yorkshire,2001,10911
TLF1,Derbyshire and Nottinghamshire,2001,10760
TLF2,"Leicestershire, Rutland and Northamptonshire",2001,11571
TLF3,Lincolnshire,2001,11089
TLG1,"Herefordshire, Worcestershire and Warwickshire",2001,12797
TLG2,Shropshire and Staffordshire,2001,11284
TLG3,West Midlands,2001,10440
TLH2,Bedfordshire and Hertfordshire,2001,14331
TLH3,Essex,2001,13257
TLH4,Cambridgeshire and Peterborough,2001,12735
TLH5,Norfolk,2001,11257
TLH6,Suffolk,2001,11837
TLI3,Inner London - West,2001,25268
TLI4,Inner London - East,2001,13480
TLI5,Outer London - East and North East,2001,13122
TLI6,Outer London - South,2001,15104
TLI7,Outer London - West and North West,2001,15517
TLJ1,"Berkshire, Buckinghamshire and Oxfordshire",2001,15247
TLJ2,"Surrey, East and West Sussex",2001,15701
TLJ3,Hampshire and Isle of Wight,2001,13235
TLJ4,Kent,2001,13074
TLK3,Cornwall and Isles of Scilly,2001,11071
TLK4,Devon,2001,11567
TLK5,West of England,2001,12629
TLK6,"North Somerset, Somerset and Dorset",2001,12924
TLK7,Gloucestershire and Wiltshire,2001,13302
TLL3,North Wales,2001,11012
TLL4,Mid and South West Wales,2001,10612
TLL5,South East Wales,2001,10652
TLM0,Eastern Scotland,2001,11157
TLM1,East Central Scotland,2001,12538
TLM2,Highlands and Islands,2001,10151
TLM3,West Central Scotland,2001,11089
TLM5,North Eastern Scotland,2001,12373
TLM9,Southern Scotland,2001,10554
TLN0,Northern Ireland,2001,9740
TLC3,Tees Valley,2002,10416
TLC4,"Northumberland, Durham and Tyne & Wear",2002,10706
TLD1,Cumbria,2002,11803
TLD3,Greater Manchester,2002,11224
TLD4,Lancashire,2002,10913
TLD6,Cheshire,2002,13370
TLD7,Merseyside,2002,10851
TLE1,East Yorkshire and Northern Lincolnshire,2002,10814
TLE2,North Yorkshire,2002,13061
TLE3,South Yorkshire,2002,10704
TLE4,West Yorkshire,2002,11141
TLF1,Derbyshire and Nottinghamshire,2002,11042
TLF2,"Leicestershire, Rutland and Northamptonshire",2002,11843
TLF3,Lincolnshire,2002,11413
TLG1,"Herefordshire, Worcestershire and Warwickshire",2002,13121
TLG2,Shropshire and Staffordshire,2002,11538
TLG3,West Midlands,2002,10628
TLH2,Bedfordshire and Hertfordshire,2002,14694
TLH3,Essex,2002,13594
TLH4,Cambridgeshire and Peterborough,2002,13144
TLH5,Norfolk,2002,11390
TLH6,Suffolk,2002,12155
TLI3,Inner London - West,2002,24956
TLI4,Inner London - East,2002,13729
TLI5,Outer London - East and North East,2002,13335
TLI6,Outer London - South,2002,15366
TLI7,Outer London - West and North West,2002,15848
TLJ1,"Berkshire, Buckinghamshire and Oxfordshire",2002,15584
TLJ2,"Surrey, East and West Sussex",2002,15995
TLJ3,Hampshire and Isle of Wight,2002,13568
TLJ4,Kent,2002,13386
TLK3,Cornwall and Isles of Scilly,2002,11447
TLK4,Devon,2002,11803
TLK5,West of England,2002,12847
TLK6,"North Somerset, Somerset and Dorset",2002,13064
TLK7,Gloucestershire and Wiltshire,2002,13397
TLL3,North Wales,2002,11358
TLL4,Mid and South West Wales,2002,10936
TLL5,South East Wales,2002,10993
TLM0,Eastern Scotland,2002,11458
TLM1,East Central Scotland,2002,12978
TLM2,Highlands and Islands,2002,10547
TLM3,West Central Scotland,2002,11393
TLM5,North Eastern Scotland,2002,12748
TLM9,Southern Scotland,2002,11083
TLN0,Northern Ireland,2002,10215
TLC3,Tees Valley,2003,10667
TLC4,"Northumberland, Durham and Tyne & Wear",2003,11047
TLD1,Cumbria,2003,12190
TLD3,Greater Manchester,2003,11513
TLD4,Lancashire,2003,11247
TLD6,Cheshire,2003,13961
TLD7,Merseyside,2003,11244
TLE1,East Yorkshire and Northern Lincolnshire,2003,11191
TLE2,North Yorkshire,2003,13422
TLE3,South Yorkshire,2003,11080
TLE4,West Yorkshire,2003,11504
TLF1,Derbyshire and Nottinghamshire,2003,11532
TLF2,"Leicestershire, Rutland and Northamptonshire",2003,12263
TLF3,Lincolnshire,2003,11800
TLG1,"Herefordshire, Worcestershire and Warwickshire",2003,13522
TLG2,Shropshire and Staffordshire,2003,11959
TLG3,West Midlands,2003,10841
TLH2,Bedfordshire and Hertfordshire,2003,14981
TLH3,Essex,2003,13899
TLH4,Cambridgeshire and Peterborough,2003,13238
TLH5,Norfolk,2003,11692
TLH6,Suffolk,2003,12460
TLI3,Inner London - West,2003,25733
TLI4,Inner London - East,2003,14376
TLI5,Outer London - East and North East,2003,13910
TLI6,Outer London - South,2003,16216
TLI7,Outer London - West and North West,2003,16654
TLJ1,"Berkshire, Buckinghamshire and Oxfordshire",2003,15849
TLJ2,"Surrey, East and West Sussex",2003,16206
TLJ3,Hampshire and Isle of Wight,2003,13781
TLJ4,Kent,2003,13618
TLK3,Cornwall and Isles of Scilly,2003,11657
TLK4,Devon,2003,12114
TLK5,West of England,2003,13132
TLK6,"North Somerset, Somerset and Dorset",2003,13467
TLK7,Gloucestershire and Wiltshire,2003,13703
TLL3,North Wales,2003,11731
TLL4,Mid and South West Wales,2003,11236
TLL5,South East Wales,2003,11351
TLM0,Eastern Scotland,2003,11782
TLM1,East Central Scotland,2003,13534
TLM2,Highlands and Islands,2003,10810
TLM3,West Central Scotland,2003,11735
TLM5,North Eastern Scotland,2003,13040
TLM9,Southern Scotland,2003,11460
TLN0,Northern Ireland,2003,10770
TLC3,Tees Valley,2004,11149
TLC4,"Northumberland, Durham and Tyne & Wear",2004,11563
TLD1,Cumbria,2004,12736
TLD3,Greater Manchester,2004,11899
TLD4,Lancashire,2004,11696
TLD6,Cheshire,2004,14613
TLD7,Merseyside,2004,11632
TLE1,East Yorkshire and Northern Lincolnshire,2004,11622
TLE2,North Yorkshire,2004,13766
TLE3,South Yorkshire,2004,11517
TLE4,West Yorkshire,2004,11883
TLF1,Derbyshire and Nottinghamshire,2004,12005
TLF2,"Leicestershire, Rutland and Northamptonshire",2004,12752
TLF3,Lincolnshire,2004,12257
TLG1,"Herefordshire, Worcestershire and Warwickshire",2004,14142
TLG2,Shropshire and Staffordshire,2004,12301
TLG3,West Midlands,2004,11175
TLH2,Bedfordshire and Hertfordshire,2004,15391
TLH3,Essex,2004,14341
TLH4,Cambridgeshire and Peterborough,2004,13816
TLH5,Norfolk,2004,11986
TLH6,Suffolk,2004,12979
TLI3,Inner London - West,2004,27636
TLI4,Inner London - East,2004,15207
TLI5,Outer London - East and North East,2004,14420
TLI6,Outer London - South,2004,17138
TLI7,Outer London - West and North West,2004,17195
TLJ1,"Berkshire, Buckinghamshire and Oxfordshire",2004,16466
TLJ2,"Surrey, East and West Sussex",2004,16774
TLJ3,Hampshire and Isle of Wight,2004,14371
TLJ4,Kent,2004,14222
TLK3,Cornwall and Isles of Scilly,2004,12052
TLK4,Devon,2004,12581
TLK5,West of England,2004,13530
TLK6,"North Somerset, Somerset and Dorset",2004,13972
TLK7,Gloucestershire and Wiltshire,2004,14232
TLL3,North Wales,2004,12271
TLL4,Mid and South West Wales,2004,11686
TLL5,South East Wales,2004,11769
TLM0,Eastern Scotland,2004,12554
TLM1,East Central Scotland,2004,14170
TLM2,Highlands and Islands,2004,11239
TLM3,West Central Scotland,2004,12131
TLM5,North Eastern Scotland,2004,14090
TLM9,Southern Scotland,2004,12082
TLN0,Northern Ireland,2004,11424
TLC3,Tees Valley,2005,11550
TLC4,"Northumberland, Durham and Tyne & Wear",2005,11755
TLD1,Cumbria,2005,13163
TLD3,Greater Manchester,2005,12253
TLD4,Lancashire,2005,12159
TLD6,Cheshire,2005,15067
TLD7,Merseyside,2005,11964
TLE1,East Yorkshire and Northern Lincolnshire,2005,11945
TLE2,North Yorkshire,2005,14424
TLE3,South Yorkshire,2005,11707
TLE4,West Yorkshire,2005,12094
TLF1,Derbyshire and Nottinghamshire,2005,12245
TLF2,"Leicestershire, Rutland and Northamptonshire",2005,13117
TLF3,Lincolnshire,2005,12755
TLG1,"Herefordshire, Worcestershire and Warwickshire",2005,14524
TLG2,Shropshire and Staffordshire,2005,12643
TLG3,West Midlands,2005,11225
TLH2,Bedfordshire and Hertfordshire,2005,15891
TLH3,Essex,2005,14836
TLH4,Cambridgeshire and Peterborough,2005,14568
TLH5,Norfolk,2005,12390
TLH6,Suffolk,2005,13390
TLI3,Inner London - West,2005,30014
TLI4,Inner London - East,2005,16233
TLI5,Outer London - East and North East,2005,14874
TLI6,Outer London - South,2005,17895
TLI7,Outer London - West and North West,2005,18000
TLJ1,"Berkshire, Buckinghamshire and Oxfordshire",2005,16987
TLJ2,"Surrey, East and West Sussex",2005,17606
TLJ3,Hampshire and Isle of Wight,2005,14729
TLJ4,Kent,2005,14639
TLK3,Cornwall and Isles of Scilly,2005,12496
TLK4,Devon,2005,13083
TLK5,West of England,2005,13924
TLK6,"North Somerset, Somerset and Dorset",2005,14471
TLK7,Gloucestershire and Wiltshire,2005,14898
TLL3,North Wales,2005,12615
TLL4,Mid and South West Wales,2005,12036
TLL5,South East Wales,2005,12024
TLM0,Eastern Scotland,2005,12834
TLM1,East Central Scotland,2005,14615
TLM2,Highlands and Islands,2005,11632
TLM3,West Central Scotland,2005,12522
TLM5,North Eastern Scotland,2005,15045
TLM9,Southern Scotland,2005,12542
TLN0,Northern Ireland,2005,11975
TLC3,Tees Valley,2006,11954
TLC4,"Northumberland, Durham and Tyne & Wear",2006,12183
TLD1,Cumbria,2006,13715
TLD3,Greater Manchester,2006,12669
TLD4,Lancashire,2006,12544
TLD6,Cheshire,2006,15516
TLD7,Merseyside,2006,12345
TLE1,East Yorkshire and Northern Lincolnshire,2006,12320
TLE2,North Yorkshire,2006,15267
TLE3,South Yorkshire,2006,12014
TLE4,West Yorkshire,2006,12477
TLF1,Derbyshire and Nottinghamshire,2006,12691
TLF2,"Leicestershire, Rutland and Northamptonshire",2006,13566
TLF3,Lincolnshire,2006,13042
TLG1,"Herefordshire, Worcestershire and Warwickshire",2006,15213
TLG2,Shropshire and Staffordshire,2006,13204
TLG3,West Midlands,2006,11529
TLH2,Bedfordshire and Hertfordshire,2006,16538
TLH3,Essex,2006,15226
TLH4,Cambridgeshire and Peterborough,2006,15181
TLH5,Norfolk,2006,12511
TLH6,Suffolk,2006,13759
TLI3,Inner London - West,2006,32824
TLI4,Inner London - East,2006,17343
TLI5,Outer London - East and North East,2006,15255
TLI6,Outer London - South,2006,18412
TLI7,Outer London - West and North West,2006,18562
TLJ1,"Berkshire, Buckinghamshire and Oxfordshire",2006,17916
TLJ2,"Surrey, East and West Sussex",2006,18457
TLJ3,Hampshire and Isle of Wight,2006,15246
TLJ4,Kent,2006,15171
TLK3,Cornwall and Isles of Scilly,2006,13118
TLK4,Devon,2006,13715
TLK5,West of England,2006,14686
TLK6,"North Somerset, Somerset and Dorset",2006,15274
TLK7,Gloucestershire and Wiltshire,2006,15576
TLL3,North Wales,2006,12889
TLL4,Mid and South West Wales,2006,12552
TLL5,South East Wales,2006,12392
TLM0,Eastern Scotland,2006,13253
TLM1,East Central Scotland,2006,15411
TLM2,Highlands and Islands,2006,12538
TLM3,West Central Scotland,2006,13068
TLM5,North Eastern Scotland,2006,15833
TLM9,Southern Scotland,2006,13045
TLN0,Northern Ireland,2006,12558
TLC3,Tees Valley,2007,12259
TLC4,"Northumberland, Durham and Tyne & Wear",2007,12508
TLD1,Cumbria,2007,14292
TLD3,Greater Manchester,2007,13140
TLD4,Lancashire,2007,13071
TLD6,Cheshire,2007,16162
TLD7,Merseyside,2007,12929
TLE1,East Yorkshire and Northern Lincolnshire,2007,12830
TLE2,North Yorkshire,2007,15852
TLE3,South Yorkshire,2007,12458
TLE4,West Yorkshire,2007,13059
TLF1,Derbyshire and Nottinghamshire,2007,13409
TLF2,"Leicestershire, Rutland and Northamptonshire",2007,14394
TLF3,Lincolnshire,2007,13801
TLG1,"Herefordshire, Worcestershire and Warwickshire",2007,15534
TLG2,Shropshire and Staffordshire,2007,13680
TLG3,West Midlands,2007,11861
TLH2,Bedfordshire and Hertfordshire,2007,17363
TLH3,Essex,2007,15794
TLH4,Cambridgeshire and Peterborough,2007,15755
TLH5,Norfolk,2007,13189
TLH6,Suffolk,2007,14230
TLI3,Inner London - West,2007,36657
TLI4,Inner London - East,2007,18532
TLI5,Outer London - East and North East,2007,16191
TLI6,Outer London - South,2007,19496
TLI7,Outer London - West and North West,2007,19640
TLJ1,"Berkshire, Buckinghamshire and Oxfordshire",2007,18854
TLJ2,"Surrey, East and West Sussex",2007,19300
TLJ3,Hampshire and Isle of Wight,2007,16082
TLJ4,Kent,2007,15904
TLK3,Cornwall and Isles of Scilly,2007,13668
TLK4,Devon,2007,14195
TLK5,West of England,2007,15298
TLK6,"North Somerset, Somerset and Dorset",2007,15835
TLK7,Gloucestershire and Wiltshire,2007,16096
TLL3,North Wales,2007,13194
TLL4,Mid and South West Wales,2007,12819
TLL5,South East Wales,2007,12863
TLM0,Eastern Scotland,2007,14058
TLM1,East Central Scotland,2007,16065
TLM2,Highlands and Islands,2007,13239
TLM3,West Central Scotland,2007,13745
TLM5,North Eastern Scotland,2007,16834
TLM9,Southern Scotland,2007,13707
TLN0,Northern Ireland,2007,12847
TLC3,Tees Valley,2008,12521
TLC4,"Northumberland, Durham and Tyne & Wear",2008,12822
TLD1,Cumbria,2008,14566
TLD3,Greater Manchester,2008,13297
TLD4,Lancashire,2008,13398
TLD6,Cheshire,2008,16481
TLD7,Merseyside,2008,13137
TLE1,East Yorkshire and Northern Lincolnshire,2008,12974
TLE2,North Yorkshire,2008,16155
TLE3,South Yorkshire,2008,12627
TLE4,West Yorkshire,2008,13204
TLF1,Derbyshire and Nottinghamshire,2008,13614
TLF2,"Leicestershire, Rutland and Northamptonshire",2008,14457
TLF3,Lincolnshire,2008,14077
TLG1,"Herefordshire, Worcestershire and Warwickshire",2008,15994
TLG2,Shropshire and Staffordshire,2008,14127
TLG3,West Midlands,2008,12104
TLH2,Bedfordshire and Hertfordshire,2008,17749
TLH3,Essex,2008,16350
TLH4,Cambridgeshire and Peterborough,2008,16048
TLH5,Norfolk,2008,13772
TLH6,Suffolk,2008,15064
TLI3,Inner London - West,2008,39023
TLI4,Inner London - East,2008,18864
TLI5,Outer London - East and North East,2008,16575
TLI6,Outer London - South,2008,19832
TLI7,Outer London - West and North West,2008,20148
TLJ1,"Berkshire, Buckinghamshire and Oxfordshire",2008,19236
TLJ2,"Surrey, East and West Sussex",2008,19590
TLJ3,Hampshire and Isle of Wight,2008,16511
TLJ4,Kent,2008,16252
TLK3,Cornwall and Isles of Scilly,2008,14028
TLK4,Devon,2008,14809
TLK5,West of England,2008,15841
TLK6,"North Somerset, Somerset and Dorset",2008,16287
TLK7,Gloucestershire and Wiltshire,2008,16507
TLL3,North Wales,2008,13693
TLL4,Mid and South West Wales,2008,13525
TLL5,South East Wales,2008,13325
TLM0,Eastern Scotland,2008,14673
TLM1,East Central Scotland,2008,16434
TLM2,Highlands and Islands,2008,14662
TLM3,West Central Scotland,2008,14239
TLM5,North Eastern Scotland,2008,17648
TLM9,Southern Scotland,2008,14205
TLN0,Northern Ireland,2008,13076
TLC3,Tees Valley,2009,13094
TLC4,"Northumberland, Durham and Tyne & Wear",2009,13374
TLD1,Cumbria,2009,15245
TLD3,Greater Manchester,2009,13704
TLD4,Lancashire,2009,13923
TLD6,Cheshire,2009,16898
TLD7,Merseyside,2009,13746
TLE1,East Yorkshire and Northern Lincolnshire,2009,13304
TLE2,North Yorkshire,2009,16819
TLE3,South Yorkshire,2009,12989
TLE4,West Yorkshire,2009,13461
TLF1,Derbyshire and Nottinghamshire,2009,13844
TLF2,"Leicestershire, Rutland and Northamptonshire",2009,14629
TLF3,Lincolnshire,2009,14412
TLG1,"Herefordshire, Worcestershire and Warwickshire",2009,16294
TLG2,Shropshire and Staffordshire,2009,14401
TLG3,West Midlands,2009,12456
TLH2,Bedfordshire and Hertfordshire,2009,18178
TLH3,Essex,2009,16809
TLH4,Cambridgeshire and Peterborough,2009,16316
TLH5,Norfolk,2009,14160
TLH6,Suffolk,2009,15541
TLI3,Inner London - West,2009,38891
TLI4,Inner London - East,2009,18949
TLI5,Outer London - East and North East,2009,16563
TLI6,Outer London - South,2009,19522
TLI7,Outer London - West and North West,2009,19980
TLJ1,"Berkshire, Buckinghamshire and Oxfordshire",2009,19479
TLJ2,"Surrey, East and West Sussex",2009,19825
TLJ3,Hampshire and Isle of Wight,2009,17024
TLJ4,Kent,2009,16742
TLK3,Cornwall and Isles of Scilly,2009,14279
TLK4,Devon,2009,15191
TLK5,West of England,2009,15759
TLK6,"North Somerset, Somerset and Dorset",2009,16182
TLK7,Gloucestershire and Wiltshire,2009,16593
TLL3,North Wales,2009,13716
TLL4,Mid and South West Wales,2009,13637
TLL5,South East Wales,2009,13280
TLM0,Eastern Scotland,2009,14761
TLM1,East Central Scotland,2009,16462
TLM2,Highlands and Islands,2009,15074
TLM3,West Central Scotland,2009,14418
TLM5,North Eastern Scotland,2009,18024
TLM9,Southern Scotland,2009,14454
TLN0,Northern Ireland,2009,13256
TLC3,Tees Valley,2010,13213
TLC4,"Northumberland, Durham and Tyne & Wear",2010,13630
TLD1,Cumbria,2010,15588
TLD3,Greater Manchester,2010,13799
TLD4,Lancashire,2010,14024
TLD6,Cheshire,2010,16948
TLD7,Merseyside,2010,13912
TLE1,East Yorkshire and Northern Lincolnshire,2010,13444
TLE2,North Yorkshire,2010,16693
TLE3,South Yorkshire,2010,13052
TLE4,West Yorkshire,2010,13535
TLF1,Derbyshire and Nottinghamshire,2010,13768
TLF2,"Leicestershire, Rutland and Northamptonshire",2010,14686
TLF3,Lincolnshire,2010,14621
TLG1,"Herefordshire, Worcestershire and Warwickshire",2010,16348
TLG2,Shropshire and Staffordshire,2010,14520
TLG3,West Midlands,2010,12642
TLH2,Bedfordshire and Hertfordshire,2010,18251
TLH3,Essex,2010,16799
TLH4,Cambridgeshire and Peterborough,2010,16408
TLH5,Norfolk,2010,14612
TLH6,Suffolk,2010,15635
TLI3,Inner London - West,2010,37834
TLI4,Inner London - East,2010,19431
TLI5,Outer London - East and North East,2010,16785
TLI6,Outer London - South,2010,19927
TLI7,Outer London - West and North West,2010,20287
TLJ1,"Berkshire, Buckinghamshire and Oxfordshire",2010,19358
TLJ2,"Surrey, East and West Sussex",2010,19989
TLJ3,Hampshire and Isle of Wight,2010,17002
TLJ4,Kent,2010,16832
TLK3,Cornwall and Isles of Scilly,2010,14776
TLK4,Devon,2010,15412
TLK5,West of England,2010,16104
TLK6,"North Somerset, Somerset and Dorset",2010,16669
TLK7,Gloucestershire and Wiltshire,2010,16829
TLL3,North Wales,2010,13981
TLL4,Mid and South West Wales,2010,13776
TLL5,South East Wales,2010,13487
TLM0,Eastern Scotland,2010,14852
TLM1,East Central Scotland,2010,16696
TLM2,Highlands and Islands,2010,15425
TLM3,West Central Scotland,2010,14455
TLM5,North Eastern Scotland,2010,18363
TLM9,Southern Scotland,2010,14834
TLN0,Northern Ireland,2010,13318
TLC3,Tees Valley,2011,13424
TLC4,"Northumberland, Durham and Tyne & Wear",2011,13719
TLD1,Cumbria,2011,15624
TLD3,Greater Manchester,2011,13907
TLD4,Lancashire,2011,14214
TLD6,Cheshire,2011,17031
TLD7,Merseyside,2011,13994
TLE1,East Yorkshire and Northern Lincolnshire,2011,13791
TLE2,North Yorkshire,2011,16915
TLE3,South Yorkshire,2011,13216
TLE4,West Yorkshire,2011,13705
TLF1,Derbyshire and Nottinghamshire,2011,13935
TLF2,"Leicestershire, Rutland and Northamptonshire",2011,15036
TLF3,Lincolnshire,2011,14954
TLG1,"Herefordshire, Worcestershire and Warwickshire",2011,16602
TLG2,Shropshire and Staffordshire,2011,14684
TLG3,West Midlands,2011,12774
TLH2,Bedfordshire and Hertfordshire,2011,18278
TLH3,Essex,2011,16957
TLH4,Cambridgeshire and Peterborough,2011,16445
TLH5,Norfolk,2011,14918
TLH6,Suffolk,2011,15623
TLI3,Inner London - West,2011,36384
TLI4,Inner London - East,2011,19446
TLI5,Outer London - East and North East,2011,16746
TLI6,Outer London - South,2011,20096
TLI7,Outer London - West and North West,2011,20251
TLJ1,"Berkshire, Buckinghamshire and Oxfordshire",2011,19541
TLJ2,"Surrey, East and West Sussex",2011,20129
TLJ3,Hampshire and Isle of Wight,2011,17156
TLJ4,Kent,2011,16979
TLK3,Cornwall and Isles of Scilly,2011,15047
TLK4,Devon,2011,15486
TLK5,West of England,2011,16377
TLK6,"North Somerset, Somerset and Dorset",2011,16977
TLK7,Gloucestershire and Wiltshire,2011,17053
TLL3,North Wales,2011,14304
TLL4,Mid and South West Wales,2011,13910
TLL5,South East Wales,2011,13689
TLM0,Eastern Scotland,2011,15213
TLM1,East Central Scotland,2011,17106
TLM2,Highlands and Islands,2011,15355
TLM3,West Central Scotland,2011,14587
TLM5,North Eastern Scotland,2011,19131
TLM9,Southern Scotland,2011,15018
TLN0,Northern Ireland,2011,13617
TLC3,Tees Valley,2012,13986
TLC4,"Northumberland, Durham and Tyne & Wear",2012,14310
TLD1,Cumbria,2012,16350
TLD3,Greater Manchester,2012,14359
TLD4,Lancashire,2012,14453
TLD6,Cheshire,2012,17713
TLD7,Merseyside,2012,14489
TLE1,East Yorkshire and Northern Lincolnshire,2012,14133
TLE2,North Yorkshire,2012,17524
TLE3,South Yorkshire,2012,13641
TLE4,West Yorkshire,2012,14065
TLF1,Derbyshire and Nottinghamshire,2012,14423
TLF2,"Leicestershire, Rutland and Northamptonshire",2012,15522
TLF3,Lincolnshire,2012,15382
TLG1,"Herefordshire, Worcestershire and Warwickshire",2012,17060
TLG2,Shropshire and Staffordshire,2012,15052
TLG3,West Midlands,2012,13128
TLH2,Bedfordshire and Hertfordshire,2012,18930
TLH3,Essex,2012,17488
TLH4,Cambridgeshire and Peterborough,2012,16965
TLH5,Norfolk,2012,15486
TLH6,Suffolk,2012,16248
TLI3,Inner London - West,2012,39331
TLI4,Inner London - East,2012,20545
TLI5,Outer London - East and North East,2012,17668
TLI6,Outer London - South,2012,21127
TLI7,Outer London - West and North West,2012,21454
TLJ1,"Berkshire, Buckinghamshire and Oxfordshire",2012,20119
TLJ2,"Surrey, East and West Sussex",2012,20883
TLJ3,Hampshire and Isle of Wight,2012,17801
TLJ4,Kent,2012,17526
TLK3,Cornwall and Isles of Scilly,2012,15359
TLK4,Devon,2012,15897
TLK5,West of England,2012,16759
TLK6,"North Somerset, Somerset and Dorset",2012,17286
TLK7,Gloucestershire and Wiltshire,2012,17420
TLL3,North Wales,2012,14742
TLL4,Mid and South West Wales,2012,14349
TLL5,South East Wales,2012,14100
TLM0,Eastern Scotland,2012,15622
TLM1,East Central Scotland,2012,17748
TLM2,Highlands and Islands,2012,15968
TLM3,West Central Scotland,2012,14989
TLM5,North Eastern Scotland,2012,19869
TLM9,Southern Scotland,2012,15361
TLN0,Northern Ireland,2012,13823
TLC3,Tees Valley,2013,14230
TLC4,"Northumberland, Durham and Tyne & Wear",2013,14671
TLD1,Cumbria,2013,16902
TLD3,Greater Manchester,2013,14776
TLD4,Lancashire,2013,14828
TLD6,Cheshire,2013,18366
TLD7,Merseyside,2013,14967
TLE1,East Yorkshire and Northern Lincolnshire,2013,14357
TLE2,North Yorkshire,2013,18009
TLE3,South Yorkshire,2013,14008
TLE4,West Yorkshire,2013,14527
TLF1,Derbyshire and Nottinghamshire,2013,14961
TLF2,"Leicestershire, Rutland and Northamptonshire",2013,15904
TLF3,Lincolnshire,2013,15704
TLG1,"Herefordshire, Worcestershire and Warwickshire",2013,17741
TLG2,Shropshire and Staffordshire,2013,15560
TLG3,West Midlands,2013,13514
TLH2,Bedfordshire and Hertfordshire,2013,19781
TLH3,Essex,2013,17965
TLH4,Cambridgeshire and Peterborough,2013,17587
TLH5,Norfolk,2013,15829
TLH6,Suffolk,2013,16756
TLI3,Inner London - West,2013,43308
TLI4,Inner London - East,2013,21362
TLI5,Outer London - East and North East,2013,18192
TLI6,Outer London - South,2013,21878
TLI7,Outer London - West and North West,2013,22440
TLJ1,"Berkshire, Buckinghamshire and Oxfordshire",2013,20794
TLJ2,"Surrey, East and West Sussex",2013,21876
TLJ3,Hampshire and Isle of Wight,2013,18446
TLJ4,Kent,2013,18212
TLK3,Cornwall and Isles of Scilly,2013,15751
TLK4,Devon,2013,16459
TLK5,West of England,2013,17365
TLK6,"North Somerset, Somerset and Dorset",2013,17849
TLK7,Gloucestershire and Wiltshire,2013,18177
TLL3,North Wales,2013,15132
TLL4,Mid and South West Wales,2013,14584
TLL5,South East Wales,2013,14428
TLM0,Eastern Scotland,2013,16265
TLM1,East Central Scotland,2013,18309
TLM2,Highlands and Islands,2013,16455
TLM3,West Central Scotland,2013,15394
TLM5,North Eastern Scotland,2013,21080
TLM9,Southern Scotland,2013,15853
TLN0,Northern Ireland,2013,14314
TLC3,Tees Valley,2014,14716
TLC4,"Northumberland, Durham and Tyne & Wear",2014,15052
TLD1,Cumbria,2014,17417
TLD3,Greater Manchester,2014,15147
TLD4,Lancashire,2014,15195
TLD6,Cheshire,2014,18920
TLD7,Merseyside,2014,15324
TLE1,East Yorkshire and Northern Lincolnshire,2014,14721
TLE2,North Yorkshire,2014,18381
TLE3,South Yorkshire,2014,14573
TLE4,West Yorkshire,2014,14913
TLF1,Derbyshire and Nottinghamshire,2014,15471
TLF2,"Leicestershire, Rutland and Northamptonshire",2014,16364
TLF3,Lincolnshire,2014,16215
TLG1,"Herefordshire, Worcestershire and Warwickshire",2014,18387
TLG2,Shropshire and Staffordshire,2014,16058
TLG3,West Midlands,2014,14070
TLH2,Bedfordshire and Hertfordshire,2014,20465
TLH3,Essex,2014,18451
TLH4,Cambridgeshire and Peterborough,2014,18388
TLH5,Norfolk,2014,16204
TLH6,Suffolk,2014,17217
TLI3,Inner London - West,2014,46258
TLI4,Inner London - East,2014,22371
TLI5,Outer London - East and North East,2014,18738
TLI6,Outer London - South,2014,22497
TLI7,Outer London - West and North West,2014,23275
TLJ1,"Berkshire, Buckinghamshire and Oxfordshire",2014,21388
TLJ2,"Surrey, East and West Sussex",2014,22374
TLJ3,Hampshire and Isle of Wight,2014,18847
TLJ4,Kent,2014,18667
TLK3,Cornwall and Isles of Scilly,2014,16158
TLK4,Devon,2014,16915
TLK5,West of England,2014,18032
TLK6,"North Somerset, Somerset and Dorset",2014,18401
TLK7,Gloucestershire and Wiltshire,2014,18932
TLL3,North Wales,2014,15657
TLL4,Mid and South West Wales,2014,15093
TLL5,South East Wales,2014,14887
TLM0,Eastern Scotland,2014,16639
TLM1,East Central Scotland,2014,18777
TLM2,Highlands and Islands,2014,16703
TLM3,West Central Scotland,2014,15893
TLM5,North Eastern Scotland,2014,21579
TLM9,Southern Scotland,2014,16197
TLN0,Northern Ireland,2014,14799
TLC3,Tees Valley,2015,15125
TLC4,"Northumberland, Durham and Tyne & Wear",2015,15660
TLD1,Cumbria,2015,18137
TLD3,Greater Manchester,2015,15814
TLD4,Lancashire,2015,15875
TLD6,Cheshire,2015,20077
TLD7,Merseyside,2015,15935
TLE1,East Yorkshire and Northern Lincolnshire,2015,15420
TLE2,North Yorkshire,2015,19487
TLE3,South Yorkshire,2015,15133
TLE4,West Yorkshire,2015,15604
TLF1,Derbyshire and Nottinghamshire,2015,16293
TLF2,"Leicestershire, Rutland and Northamptonshire",2015,17147
TLF3,Lincolnshire,2015,16765
TLG1,"Herefordshire, Worcestershire and Warwickshire",2015,19554
TLG2,Shropshire and Staffordshire,2015,16925
TLG3,West Midlands,2015,14631
TLH2,Bedfordshire and Hertfordshire,2015,21652
TLH3,Essex,2015,19572
TLH4,Cambridgeshire and Peterborough,2015,19170
TLH5,Norfolk,2015,17067
TLH6,Suffolk,2015,18189
TLI3,Inner London - West,2015,49442
TLI4,Inner London - East,2015,24142
TLI5,Outer London - East and North East,2015,19928
TLI6,Outer London - South,2015,23975
TLI7,Outer London - West and North West,2015,25081
TLJ1,"Berkshire, Buckinghamshire and Oxfordshire",2015,22736
TLJ2,"Surrey, East and West Sussex",2015,23759
TLJ3,Hampshire and Isle of Wight,2015,19910
TLJ4,Kent,2015,19584
TLK3,Cornwall and Isles of Scilly,2015,16707
TLK4,Devon,2015,17587
TLK5,West of England,2015,19124
TLK6,"North Somerset, Somerset and Dorset",2015,19233
TLK7,Gloucestershire and Wiltshire,2015,19672
TLL3,North Wales,2015,16213
TLL4,Mid and South West Wales,2015,15468
TLL5,South East Wales,2015,15431
TLM0,Eastern Scotland,2015,17199
TLM1,East Central Scotland,2015,19386
TLM2,Highlands and Islands,2015,17363
TLM3,West Central Scotland,2015,16461
TLM5,North Eastern Scotland,2015,21525
TLM9,Southern Scotland,2015,16752
TLN0,Northern Ireland,2015,15270
TLC3,Tees Valley,2016,15329
TLC4,"Northumberland, Durham and Tyne & Wear",2016,15870
TLD1,Cumbria,2016,18261
TLD3,Greater Manchester,2016,15923
TLD4,Lancashire,2016,16080
TLD6,Cheshire,2016,20032
TLD7,Merseyside,2016,16094
TLE1,East Yorkshire and Northern Lincolnshire,2016,15589
TLE2,North Yorkshire,2016,19582
TLE3,South Yorkshire,2016,15248
TLE4,West Yorkshire,2016,15653
TLF1,Derbyshire and Nottinghamshire,2016,16326
TLF2,"Leicestershire, Rutland and Northamptonshire",2016,17168
TLF3,Lincolnshire,2016,16808
TLG1,"Herefordshire, Worcestershire and Warwickshire",2016,20084
TLG2,Shropshire and Staffordshire,2016,17051
TLG3,West Midlands,2016,14905
TLH2,Bedfordshire and Hertfordshire,2016,21894
TLH3,Essex,2016,20086
TLH4,Cambridgeshire and Peterborough,2016,19570
TLH5,Norfolk,2016,17105
TLH6,Suffolk,2016,18372
TLI3,Inner London - West,2016,50380
TLI4,Inner London - East,2016,24792
TLI5,Outer London - East and North East,2016,20427
TLI6,Outer London - South,2016,24325
TLI7,Outer London - West and North West,2016,25280
TLJ1,"Berkshire, Buckinghamshire and Oxfordshire",2016,23029
TLJ2,"Surrey, East and West Sussex",2016,24044
TLJ3,Hampshire and Isle of Wight,2016,20085
TLJ4,Kent,2016,20059
TLK3,Cornwall and Isles of Scilly,2016,17102
TLK4,Devon,2016,17747
TLK5,West of England,2016,19366
TLK6,"North Somerset, Somerset and Dorset",2016,19295
TLK7,Gloucestershire and Wiltshire,2016,19825
TLL3,North Wales,2016,16361
TLL4,Mid and South West Wales,2016,15532
TLL5,South East Wales,2016,15606
TLM0,Eastern Scotland,2016,17448
TLM1,East Central Scotland,2016,19700
TLM2,Highlands and Islands,2016,17593
TLM3,West Central Scotland,2016,16776
TLM5,North Eastern Scotland,2016,20504
TLM9,Southern Scotland,2016,16941
TLN0,Northern Ireland,2016,15486
TLC3,Tees Valley,2017,15646
TLC4,"Northumberland, Durham and Tyne & Wear",2017,16181
TLD1,Cumbria,2017,18612
TLD3,Greater Manchester,2017,16411
TLD4,Lancashire,2017,16637
TLD6,Cheshire,2017,20647
TLD7,Merseyside,2017,16459
TLE1,East Yorkshire and Northern Lincolnshire,2017,16101
TLE2,North Yorkshire,2017,20200
TLE3,South Yorkshire,2017,15684
TLE4,West Yorkshire,2017,16078
TLF1,Derbyshire and Nottinghamshire,2017,16664
TLF2,"Leicestershire, Rutland and Northamptonshire",2017,17745
TLF3,Lincolnshire,2017,17267
TLG1,"Herefordshire, Worcestershire and Warwickshire",2017,20218
TLG2,Shropshire and Staffordshire,2017,17355
TLG3,West Midlands,2017,15087
TLH2,Bedfordshire and Hertfordshire,2017,22438
TLH3,Essex,2017,20847
TLH4,Cambridgeshire and Peterborough,2017,20011
TLH5,Norfolk,2017,17671
TLH6,Suffolk,2017,18704
TLI3,Inner London - West,2017,51427
TLI4,Inner London - East,2017,25532
TLI5,Outer London - East and North East,2017,20832
TLI6,Outer London - South,2017,24524
TLI7,Outer London - West and North West,2017,25480
TLJ1,"Berkshire, Buckinghamshire and Oxfordshire",2017,23689
TLJ2,"Surrey, East and West Sussex",2017,24593
TLJ3,Hampshire and Isle of Wight,2017,20588
TLJ4,Kent,2017,20519
TLK3,Cornwall and Isles of Scilly,2017,17760
TLK4,Devon,2017,18115
TLK5,West of England,2017,19815
TLK6,"North Somerset, Somerset and Dorset",2017,19668
TLK7,Gloucestershire and Wiltshire,2017,20159
TLL3,North Wales,2017,16844
TLL4,Mid and South West Wales,2017,16127
TLL5,South East Wales,2017,16164
TLM0,Eastern Scotland,2017,17796
TLM1,East Central Scotland,2017,20197
TLM2,Highlands and Islands,2017,17987
TLM3,West Central Scotland,2017,17027
TLM5,North Eastern Scotland,2017,20614
TLM9,Southern Scotland,2017,17235
TLN0,Northern Ireland,2017,15923
TLC3,Tees Valley,2018,16037
TLC4,"Northumberland, Durham and Tyne & Wear",2018,16570
TLD1,Cumbria,2018,18989
TLD3,Greater Manchester,2018,16882
TLD4,Lancashire,2018,17081
TLD6,Cheshire,2018,21451
TLD7,Merseyside,2018,16813
TLE1,East Yorkshire and Northern Lincolnshire,2018,16693
TLE2,North Yorkshire,2018,21122
TLE3,South Yorkshire,2018,16118
TLE4,West Yorkshire,2018,16589
TLF1,Derbyshire and Nottinghamshire,2018,17205
TLF2,"Leicestershire, Rutland and Northamptonshire",2018,18228
TLF3,Lincolnshire,2018,17792
TLG1,"Herefordshire, Worcestershire and Warwickshire",2018,20840
TLG2,Shropshire and Staffordshire,2018,17937
TLG3,West Midlands,2018,15434
TLH2,Bedfordshire and Hertfordshire,2018,23252
TLH3,Essex,2018,21738
TLH4,Cambridgeshire and Peterborough,2018,20552
TLH5,Norfolk,2018,18325
TLH6,Suffolk,2018,19390
TLI3,Inner London - West,2018,54688
TLI4,Inner London - East,2018,27033
TLI5,Outer London - East and North East,2018,21890
TLI6,Outer London - South,2018,25891
TLI7,Outer London - West and North West,2018,26675
TLJ1,"Berkshire, Buckinghamshire and Oxfordshire",2018,24491
TLJ2,"Surrey, East and West Sussex",2018,25518
TLJ3,Hampshire and Isle of Wight,2018,21342
TLJ4,Kent,2018,21112
TLK3,Cornwall and Isles of Scilly,2018,18307
TLK4,Devon,2018,18712
TLK5,West of England,2018,20665
TLK6,"North Somerset, Somerset and Dorset",2018,20385
TLK7,Gloucestershire and Wiltshire,2018,20941
TLL3,North Wales,2018,17266
TLL4,Mid and South West Wales,2018,16584
TLL5,South East Wales,2018,16819
TLM0,Eastern Scotland,2018,18099
TLM1,East Central Scotland,2018,20825
TLM2,Highlands and Islands,2018,18746
TLM3,West Central Scotland,2018,17311
TLM5,North Eastern Scotland,2018,20964
TLM9,Southern Scotland,2018,17586
TLN0,Northern Ireland,2018,16287
TLC3,Tees Valley,2019,16677
TLC4,"Northumberland, Durham and Tyne & Wear",2019,17160
TLD1,Cumbria,2019,19586
TLD3,Greater Manchester,2019,17524
TLD4,Lancashire,2019,17640
TLD6,Cheshire,2019,22222
TLD7,Merseyside,2019,17427
TLE1,East Yorkshire and Northern Lincolnshire,2019,17242
TLE2,North Yorkshire,2019,21749
TLE3,South Yorkshire,2019,16649
TLE4,West Yorkshire,2019,17209
TLF1,Derbyshire and Nottinghamshire,2019,17872
TLF2,"Leicestershire, Rutland and Northamptonshire",2019,18851
TLF3,Lincolnshire,2019,18461
TLG1,"Herefordshire, Worcestershire and Warwickshire",2019,21442
TLG2,Shropshire and Staffordshire,2019,18568
TLG3,West Midlands,2019,15944
TLH2,Bedfordshire and Hertfordshire,2019,23868
TLH3,Essex,2019,22350
TLH4,Cambridgeshire and Peterborough,2019,21299
TLH5,Norfolk,2019,19016
TLH6,Suffolk,2019,19876
TLI3,Inner London - West,2019,55725
TLI4,Inner London - East,2019,27901
TLI5,Outer London - East and North East,2019,22346
TLI6,Outer London - South,2019,26301
TLI7,Outer London - West and North West,2019,26979
TLJ1,"Berkshire, Buckinghamshire and Oxfordshire",2019,25350
TLJ2,"Surrey, East and West Sussex",2019,26348
TLJ3,Hampshire and Isle of Wight,2019,22076
TLJ4,Kent,2019,21875
TLK3,Cornwall and Isles of Scilly,2019,18973
TLK4,Devon,2019,19393
TLK5,West of England,2019,21400
TLK6,"North Somerset, Somerset and Dorset",2019,21205
TLK7,Gloucestershire and Wiltshire,2019,21759
TLL3,North Wales,2019,17729
TLL4,Mid and South West Wales,2019,17174
TLL5,South East Wales,2019,17417
TLM0,Eastern Scotland,2019,18793
TLM1,East Central Scotland,2019,21796
TLM2,Highlands and Islands,2019,19524
TLM3,West Central Scotland,2019,18020
TLM5,North Eastern Scotland,2019,21690
TLM9,Southern Scotland,2019,18413
TLN0,Northern Ireland,2019,16940
TLC3,Tees Valley,2020,16916
TLC4,"Northumberland, Durham and Tyne & Wear",2020,17308
TLD1,Cumbria,2020,19705
TLD3,Greater Manchester,2020,17674
TLD4,Lancashire,2020,17761
TLD6,Cheshire,2020,22073
TLD7,Merseyside,2020,17617
TLE1,East Yorkshire and Northern Lincolnshire,2020,17483
TLE2,North Yorkshire,2020,21673
TLE3,South Yorkshire,2020,16869
TLE4,West Yorkshire,2020,17335
TLF1,Derbyshire and Nottinghamshire,2020,18035
TLF2,"Leicestershire, Rutland and Northamptonshire",2020,18891
TLF3,Lincolnshire,2020,18571
TLG1,"Herefordshire, Worcestershire and Warwickshire",2020,21312
TLG2,Shropshire and Staffordshire,2020,18609
TLG3,West Midlands,2020,16090
TLH2,Bedfordshire and Hertfordshire,2020,23529
TLH3,Essex,2020,22246
TLH4,Cambridgeshire and Peterborough,2020,21189
TLH5,Norfolk,2020,18959
TLH6,Suffolk,2020,19817
TLI3,Inner London - West,2020,54017
TLI4,Inner London - East,2020,27785
TLI5,Outer London - East and North East,2020,22376
TLI6,Outer London - South,2020,25925
TLI7,Outer London - West and North West,2020,26419
TLJ1,"Berkshire, Buckinghamshire and Oxfordshire",2020,24805
TLJ2,"Surrey, East and West Sussex",2020,25755
TLJ3,Hampshire and Isle of Wight,2020,21804
TLJ4,Kent,2020,21796
TLK3,Cornwall and Isles of Scilly,2020,19355
TLK4,Devon,2020,19568
TLK5,West of England,2020,21143
TLK6,"North Somerset, Somerset and Dorset",2020,21236
TLK7,Gloucestershire and Wiltshire,2020,21557
TLL3,North Wales,2020,17898
TLL4,Mid and South West Wales,2020,17453
TLL5,South East Wales,2020,17581
TLM0,Eastern Scotland,2020,18768
TLM1,East Central Scotland,2020,21651
TLM2,Highlands and Islands,2020,19403
TLM3,West Central Scotland,2020,18103
TLM5,North Eastern Scotland,2020,20983
TLM9,Southern Scotland,2020,18565
TLN0,Northern Ireland,2020,17196
TLC3,Tees Valley,2021,17331
TLC4,"Northumberland, Durham and Tyne & Wear",2021,17866
TLD1,Cumbria,2021,20224
TLD3,Greater Manchester,2021,18312
TLD4,Lancashire,2021,18322
TLD6,Cheshire,2021,22835
TLD7,Merseyside,2021,18098
TLE1,East Yorkshire and Northern Lincolnshire,2021,18013
TLE2,North Yorkshire,2021,22635
TLE3,South Yorkshire,2021,17424
TLE4,West Yorkshire,2021,17887
TLF1,Derbyshire and Nottinghamshire,2021,18640
TLF2,"Leicestershire, Rutland and Northamptonshire",2021,19608
TLF3,Lincolnshire,2021,19220
TLG1,"Herefordshire, Worcestershire and Warwickshire",2021,22027
TLG2,Shropshire and Staffordshire,2021,19164
TLG3,West Midlands,2021,16739
TLH2,Bedfordshire and Hertfordshire,2021,24612
TLH3,Essex,2021,23148
TLH4,Cambridgeshire and Peterborough,2021,21834
TLH5,Norfolk,2021,19721
TLH6,Suffolk,2021,20809
TLI3,Inner London - West,2021,58361
TLI4,Inner London - East,2021,29308
TLI5,Outer London - East and North East,2021,23210
TLI6,Outer London - South,2021,27063
TLI7,Outer London - West and North West,2021,27914
TLJ1,"Berkshire, Buckinghamshire and Oxfordshire",2021,25735
TLJ2,"Surrey, East and West Sussex",2021,26954
TLJ3,Hampshire and Isle of Wight,2021,22507
TLJ4,Kent,2021,22845
TLK3,Cornwall and Isles of Scilly,2021,20389
TLK4,Devon,2021,20355
TLK5,West of England,2021,22145
TLK6,"North Somerset, Somerset and Dorset",2021,22096
TLK7,Gloucestershire and Wiltshire,2021,22280
TLL3,North Wales,2021,18546
TLL4,Mid and South West Wales,2021,18054
TLL5,South East Wales,2021,18240
TLM0,Eastern Scotland,2021,19365
TLM1,East Central Scotland,2021,22605
TLM2,Highlands and Islands,2021,20018
TLM3,West Central Scotland,2021,18737
TLM5,North Eastern Scotland,2021,21406
TLM9,Southern Scotland,2021,19247
TLN0,Northern Ireland,2021,18065
TLC3,Tees Valley,2022,17938
TLC4,"Northumberland, Durham and Tyne & Wear",2022,18532
TLD1,Cumbria,2022,21204
TLD3,Greater Manchester,2022,19240
TLD4,Lancashire,2022,19096
TLD6,Cheshire,2022,23807
TLD7,Merseyside,2022,18918
TLE1,East Yorkshire and Northern Lincolnshire,2022,18957
TLE2,North Yorkshire,2022,23783
TLE3,South Yorkshire,2022,18243
TLE4,West Yorkshire,2022,18797
TLF1,Derbyshire and Nottinghamshire,2022,19550
TLF2,"Leicestershire, Rutland and Northamptonshire",2022,20507
TLF3,Lincolnshire,2022,20219
TLG1,"Herefordshire, Worcestershire and Warwickshire",2022,23044
TLG2,Shropshire and Staffordshire,2022,20053
TLG3,West Midlands,2022,17579
TLH2,Bedfordshire and Hertfordshire,2022,25957
TLH3,Essex,2022,24262
TLH4,Cambridgeshire and Peterborough,2022,23007
TLH5,Norfolk,2022,20723
TLH6,Suffolk,2022,21939
TLI3,Inner London - West,2022,61141
TLI4,Inner London - East,2022,30748
TLI5,Outer London - East and North East,2022,24525
TLI6,Outer London - South,2022,28516
TLI7,Outer London - West and North West,2022,29542
TLJ1,"Berkshire, Buckinghamshire and Oxfordshire",2022,27191
TLJ2,"Surrey, East and West Sussex",2022,28582
TLJ3,Hampshire and Isle of Wight,2022,23663
TLJ4,Kent,2022,24070
TLK3,Cornwall and Isles of Scilly,2022,21522
TLK4,Devon,2022,21499
TLK5,West of England,2022,23531
TLK6,"North Somerset, Somerset and Dorset",2022,23348
TLK7,Gloucestershire and Wiltshire,2022,23552
TLL3,North Wales,2022,19296
TLL4,Mid and South West Wales,2022,18518
TLL5,South East Wales,2022,18921
TLM0,Eastern Scotland,2022,20534
TLM1,East Central Scotland,2022,23899
TLM2,Highlands and Islands,2022,21128
TLM3,West Central Scotland,2022,19575
TLM5,North Eastern Scotland,2022,22277
TLM9,Southern Scotland,2022,20236
TLN0,Northern Ireland,2022,19230
TLC3,Tees Valley,2023,18939
TLC4,"Northumberland, Durham and Tyne & Wear",2023,19696
TLD1,Cumbria,2023,22832
TLD3,Greater Manchester,2023,20502
TLD4,Lancashire,2023,20394
TLD6,Cheshire,2023,25576
TLD7,Merseyside,2023,20183
TLE1,East Yorkshire and Northern Lincolnshire,2023,20257
TLE2,North Yorkshire,2023,25515
TLE3,South Yorkshire,2023,19462
TLE4,West Yorkshire,2023,20054
TLF1,Derbyshire and Nottinghamshire,2023,20983
TLF2,"Leicestershire, Rutland and Northamptonshire",2023,21744
TLF3,Lincolnshire,2023,21613
TLG1,"Herefordshire, Worcestershire and Warwickshire",2023,24667
TLG2,Shropshire and Staffordshire,2023,21519
TLG3,West Midlands,2023,18655
TLH2,Bedfordshire and Hertfordshire,2023,27418
TLH3,Essex,2023,25689
TLH4,Cambridgeshire and Peterborough,2023,24712
TLH5,Norfolk,2023,22128
TLH6,Suffolk,2023,23374
TLI3,Inner London - West,2023,65865
TLI4,Inner London - East,2023,32143
TLI5,Outer London - East and North East,2023,25710
TLI6,Outer London - South,2023,29918
TLI7,Outer London - West and North West,2023,31071
TLJ1,"Berkshire, Buckinghamshire and Oxfordshire",2023,28781
TLJ2,"Surrey, East and West Sussex",2023,30504
TLJ3,Hampshire and Isle of Wight,2023,25163
TLJ4,Kent,2023,25555
TLK3,Cornwall and Isles of Scilly,2023,23203
TLK4,Devon,2023,23193
TLK5,West of England,2023,25145
TLK6,"North Somerset, Somerset and Dorset",2023,25003
TLK7,Gloucestershire and Wiltshire,2023,25181
TLL3,North Wales,2023,20536
TLL4,Mid and South West Wales,2023,19631
TLL5,South East Wales,2023,20111
TLM0,Eastern Scotland,2023,22167
TLM1,East Central Scotland,2023,25807
TLM2,Highlands and Islands,2023,22879
TLM3,West Central Scotland,2023,20918
TLM5,North Eastern Scotland,2023,23564
TLM9,Southern Scotland,2023,21833
TLN0,Northern Ireland,2023,20675
TLC3,Tees Valley,2024,19921
TLC4,"Northumberland, Durham and Tyne & Wear",2024,20785
TLD1,Cumbria,2024,24315
TLD3,Greater Manchester,2024,21730
TLD4,Lancashire,2024,21545
TLD6,Cheshire,2024,27106
TLD7,Merseyside,2024,21536
TLE1,East Yorkshire and Northern Lincolnshire,2024,21456
TLE2,North Yorkshire,2024,26911
TLE3,South Yorkshire,2024,20556
TLE4,West Yorkshire,2024,21158
TLF1,Derbyshire and Nottinghamshire,2024,22364
TLF2,"Leicestershire, Rutland and Northamptonshire",2024,23080
TLF3,Lincolnshire,2024,23107
TLG1,"Herefordshire, Worcestershire and Warwickshire",2024,26145
TLG2,Shropshire and Staffordshire,2024,22837
TLG3,West Midlands,2024,19688
TLH2,Bedfordshire and Hertfordshire,2024,28970
TLH3,Essex,2024,27257
TLH4,Cambridgeshire and Peterborough,2024,26146
TLH5,Norfolk,2024,23564
TLH6,Suffolk,2024,24802
TLI3,Inner London - West,2024,70233
TLI4,Inner London - East,2024,34185
TLI5,Outer London - East and North East,2024,27342
TLI6,Outer London - South,2024,31849
TLI7,Outer London - West and North West,2024,33116
TLJ1,"Berkshire, Buckinghamshire and Oxfordshire",2024,30378
TLJ2,"Surrey, East and West Sussex",2024,32342
TLJ3,Hampshire and Isle of Wight,2024,26815
TLJ4,Kent,2024,27126
TLK3,Cornwall and Isles of Scilly,2024,24628
TLK4,Devon,2024,24611
TLK5,West of England,2024,26417
TLK6,"North Somerset, Somerset and Dorset",2024,26480
TLK7,Gloucestershire and Wiltshire,2024,26631
TLL3,North Wales,2024,21943
TLL4,Mid and South West Wales,2024,21015
TLL5,South East Wales,2024,21525
TLM0,Eastern Scotland,2024,23765
TLM1,East Central Scotland,2024,27579
TLM2,Highlands and Islands,2024,24664
TLM3,West Central Scotland,2024,22409
TLM5,North Eastern Scotland,2024,25028
TLM9,Southern Scotland,2024,23505
TLN0,Northern Ireland,2024,22258
