itl2_code,itl2_name,year,gva_real_gbp_m
TLC3,Tees Valley,1998,10293
TLC4,"Northumberland, Durham and Tyne & Wear",1998,32204
TLD1,Cumbria,1998,10519
TLD3,Greater Manchester,1998,50667
TLD4,Lancashire,1998,28047
TLD6,Cheshire,1998,22914
TLD7,Merseyside,1998,26894
TLE1,East Yorkshire and Northern Lincolnshire,1998,17708
TLE2,North Yorkshire,1998,18293
TLE3,South Yorkshire,1998,22403
TLE4,West Yorkshire,1998,42446
TLF1,Derbyshire and Nottinghamshire,1998,41576
TLF2,"Leicestershire, Rutland and Northamptonshire",1998,35400
TLF3,Lincolnshire,1998,12722
TLG1,"Herefordshire, Worcestershire and Warwickshire",1998,26607
TLG2,Shropshire and Staffordshire,1998,29646
TLG3,West Midlands,1998,57218
TLH2,Bedfordshire and Hertfordshire,1998,38496
TLH3,Essex,1998,34362
TLH4,Cambridgeshire and Peterborough,1998,18692
TLH5,Norfolk,1998,14989
TLH6,Suffolk,1998,13395
TLI3,Inner London - West,1998,119170
TLI4,Inner London - East,1998,62043
TLI5,Outer London - East and North East,1998,31147
TLI6,Outer London - South,1998,28334
TLI7,Outer London - West and North West,1998,49333
TLJ1,"Berkshire, Buckinghamshire and Oxfordshire",1998,57441
TLJ2,"Surrey, East and West Sussex",1998,67882
TLJ3,Hampshire and Isle of Wight,1998,43480
TLJ4,Kent,1998,35864
TLK3,Cornwall and Isles of Scilly,1998,8749
TLK4,Devon,1998,21036
TLK5,West of England,1998,22054
TLK6,"North Somerset, Somerset and Dorset",1998,30531
TLK7,Gloucestershire and Wiltshire,1998,30492
TLL3,North Wales,1998,12087
TLL4,Mid and South West Wales,1998,15032
TLL5,South East Wales,1998,25241
TLM0,Eastern Scotland,1998,16395
TLM1,East Central Scotland,1998,25520
TLM2,Highlands and Islands,1998,9676
TLM3,West Central Scotland,1998,30774
TLM5,North Eastern Scotland,1998,12282
TLM9,Southern Scotland,1998,17607
TLN0,Northern Ireland,1998,34512
TLC3,Tees Valley,1999,10744
TLC4,"Northumberland, Durham and Tyne & Wear",1999,32355
TLD1,Cumbria,1999,10821
TLD3,Greater Manchester,1999,52799
TLD4,Lancashire,1999,29173
TLD6,Cheshire,1999,23750
TLD7,Merseyside,1999,28060
TLE1,East Yorkshire and Northern Lincolnshire,1999,17863
TLE2,North Yorkshire,1999,18726
TLE3,South Yorkshire,1999,22480
TLE4,West Yorkshire,1999,44638
TLF1,Derbyshire and Nottinghamshire,1999,42886
TLF2,"Leicestershire, Rutland and Northamptonshire",1999,36117
TLF3,Lincolnshire,1999,13049
TLG1,"Herefordshire, Worcestershire and Warwickshire",1999,27979
TLG2,Shropshire and Staffordshire,1999,29901
TLG3,West Midlands,1999,59076
TLH2,Bedfordshire and Hertfordshire,1999,40358
TLH3,Essex,1999,34541
TLH4,Cambridgeshire and Peterborough,1999,19537
TLH5,Norfolk,1999,15496
TLH6,Suffolk,1999,14147
TLI3,Inner London - West,1999,122485
TLI4,Inner London - East,1999,64545
TLI5,Outer London - East and North East,1999,32190
TLI6,Outer London - South,1999,29557
TLI7,Outer London - West and North West,1999,51585
TLJ1,"Berkshire, Buckinghamshire and Oxfordshire",1999,60969
TLJ2,"Surrey, East and West Sussex",1999,71217
TLJ3,Hampshire and Isle of Wight,1999,43859
TLJ4,Kent,1999,36835
TLK3,Cornwall and Isles of Scilly,1999,8889
TLK4,Devon,1999,21762
TLK5,West of England,1999,22849
TLK6,"North Somerset, Somerset and Dorset",1999,31795
TLK7,Gloucestershire and Wiltshire,1999,31722
TLL3,North Wales,1999,12193
TLL4,Mid and South West Wales,1999,15000
TLL5,South East Wales,1999,26142
TLM0,Eastern Scotland,1999,16719
TLM1,East Central Scotland,1999,25779
TLM2,Highlands and Islands,1999,10034
TLM3,West Central Scotland,1999,31216
TLM5,North Eastern Scotland,1999,12206
TLM9,Southern Scotland,1999,18027
TLN0,Northern Ireland,1999,35857
TLC3,Tees Valley,2000,11151
TLC4,"Northumberland, Durham and Tyne & Wear",2000,33080
TLD1,Cumbria,2000,10587
TLD3,Greater Manchester,2000,54042
TLD4,Lancashire,2000,29700
TLD6,Cheshire,2000,24351
TLD7,Merseyside,2000,28980
TLE1,East Yorkshire and Northern Lincolnshire,2000,18707
TLE2,North Yorkshire,2000,19342
TLE3,South Yorkshire,2000,23223
TLE4,West Yorkshire,2000,45658
TLF1,Derbyshire and Nottinghamshire,2000,43310
TLF2,"Leicestershire, Rutland and Northamptonshire",2000,37888
TLF3,Lincolnshire,2000,13529
TLG1,"Herefordshire, Worcestershire and Warwickshire",2000,29184
TLG2,Shropshire and Staffordshire,2000,30471
TLG3,West Midlands,2000,60474
TLH2,Bedfordshire and Hertfordshire,2000,42913
TLH3,Essex,2000,36370
TLH4,Cambridgeshire and Peterborough,2000,20445
TLH5,Norfolk,2000,16359
TLH6,Suffolk,2000,14980
TLI3,Inner London - West,2000,133518
TLI4,Inner London - East,2000,71074
TLI5,Outer London - East and North East,2000,32979
TLI6,Outer London - South,2000,30601
TLI7,Outer London - West and North West,2000,54680
TLJ1,"Berkshire, Buckinghamshire and Oxfordshire",2000,66135
TLJ2,"Surrey, East and West Sussex",2000,74089
TLJ3,Hampshire and Isle of Wight,2000,46189
TLJ4,Kent,2000,37144
TLK3,Cornwall and Isles of Scilly,2000,9207
TLK4,Devon,2000,22039
TLK5,West of England,2000,24129
TLK6,"North Somerset, Somerset and Dorset",2000,32892
TLK7,Gloucestershire and Wiltshire,2000,33035
TLL3,North Wales,2000,12699
TLL4,Mid and South West Wales,2000,15530
TLL5,South East Wales,2000,27426
TLM0,Eastern Scotland,2000,17295
TLM1,East Central Scotland,2000,27421
TLM2,Highlands and Islands,2000,10104
TLM3,West Central Scotland,2000,32305
TLM5,North Eastern Scotland,2000,12334
TLM9,Southern Scotland,2000,18518
TLN0,Northern Ireland,2000,38268
TLC3,Tees Valley,2001,11346
TLC4,"Northumberland, Durham and Tyne & Wear",2001,34697
TLD1,Cumbria,2001,10410
TLD3,Greater Manchester,2001,56032
TLD4,Lancashire,2001,30326
TLD6,Cheshire,2001,27065
TLD7,Merseyside,2001,30004
TLE1,East Yorkshire and Northern Lincolnshire,2001,19316
TLE2,North Yorkshire,2001,20151
TLE3,South Yorkshire,2001,24486
TLE4,West Yorkshire,2001,47062
TLF1,Derbyshire and Nottinghamshire,2001,44448
TLF2,"Leicestershire, Rutland and Northamptonshire",2001,38555
TLF3,Lincolnshire,2001,14191
TLG1,"Herefordshire, Worcestershire and Warwickshire",2001,29130
TLG2,Shropshire and Staffordshire,2001,31192
TLG3,West Midlands,2001,63232
TLH2,Bedfordshire and Hertfordshire,2001,43892
TLH3,Essex,2001,38087
TLH4,Cambridgeshire and Peterborough,2001,21126
TLH5,Norfolk,2001,16750
TLH6,Suffolk,2001,15336
TLI3,Inner London - West,2001,135509
TLI4,Inner London - East,2001,73650
TLI5,Outer London - East and North East,2001,33521
TLI6,Outer London - South,2001,30866
TLI7,Outer London - West and North West,2001,53951
TLJ1,"Berkshire, Buckinghamshire and Oxfordshire",2001,67375
TLJ2,"Surrey, East and West Sussex",2001,74661
TLJ3,Hampshire and Isle of Wight,2001,47486
TLJ4,Kent,2001,37876
TLK3,Cornwall and Isles of Scilly,2001,9495
TLK4,Devon,2001,22698
TLK5,West of England,2001,25559
TLK6,"North Somerset, Somerset and Dorset",2001,32993
TLK7,Gloucestershire and Wiltshire,2001,35072
TLL3,North Wales,2001,13137
TLL4,Mid and South West Wales,2001,15826
TLL5,South East Wales,2001,28123
TLM0,Eastern Scotland,2001,17821
TLM1,East Central Scotland,2001,28479
TLM2,Highlands and Islands,2001,10356
TLM3,West Central Scotland,2001,33719
TLM5,North Eastern Scotland,2001,13022
TLM9,Southern Scotland,2001,19138
TLN0,Northern Ireland,2001,39147
TLC3,Tees Valley,2002,11757
TLC4,"Northumberland, Durham and Tyne & Wear",2002,36347
TLD1,Cumbria,2002,10742
TLD3,Greater Manchester,2002,57273
TLD4,Lancashire,2002,31034
TLD6,Cheshire,2002,27537
TLD7,Merseyside,2002,30818
TLE1,East Yorkshire and Northern Lincolnshire,2002,20077
TLE2,North Yorkshire,2002,21442
TLE3,South Yorkshire,2002,25159
TLE4,West Yorkshire,2002,47817
TLF1,Derbyshire and Nottinghamshire,2002,45059
TLF2,"Leicestershire, Rutland and Northamptonshire",2002,38700
TLF3,Lincolnshire,2002,14579
TLG1,"Herefordshire, Worcestershire and Warwickshire",2002,29229
TLG2,Shropshire and Staffordshire,2002,32106
TLG3,West Midlands,2002,63185
TLH2,Bedfordshire and Hertfordshire,2002,44224
TLH3,Essex,2002,38073
TLH4,Cambridgeshire and Peterborough,2002,21556
TLH5,Norfolk,2002,17094
TLH6,Suffolk,2002,15606
TLI3,Inner London - West,2002,138224
TLI4,Inner London - East,2002,75334
TLI5,Outer London - East and North East,2002,33804
TLI6,Outer London - South,2002,31046
TLI7,Outer London - West and North West,2002,54263
TLJ1,"Berkshire, Buckinghamshire and Oxfordshire",2002,69576
TLJ2,"Surrey, East and West Sussex",2002,75163
TLJ3,Hampshire and Isle of Wight,2002,48729
TLJ4,Kent,2002,38317
TLK3,Cornwall and Isles of Scilly,2002,9912
TLK4,Devon,2002,23106
TLK5,West of England,2002,26120
TLK6,"North Somerset, Somerset and Dorset",2002,33094
TLK7,Gloucestershire and Wiltshire,2002,35336
TLL3,North Wales,2002,13349
TLL4,Mid and South West Wales,2002,15964
TLL5,South East Wales,2002,28769
TLM0,Eastern Scotland,2002,18169
TLM1,East Central Scotland,2002,29652
TLM2,Highlands and Islands,2002,10250
TLM3,West Central Scotland,2002,33728
TLM5,North Eastern Scotland,2002,13279
TLM9,Southern Scotland,2002,19105
TLN0,Northern Ireland,2002,39405
TLC3,Tees Valley,2003,12458
TLC4,"Northumberland, Durham and Tyne & Wear",2003,37440
TLD1,Cumbria,2003,11255
TLD3,Greater Manchester,2003,58504
TLD4,Lancashire,2003,32884
TLD6,Cheshire,2003,27404
TLD7,Merseyside,2003,32373
TLE1,East Yorkshire and Northern Lincolnshire,2003,20961
TLE2,North Yorkshire,2003,22171
TLE3,South Yorkshire,2003,26070
TLE4,West Yorkshire,2003,50040
TLF1,Derbyshire and Nottinghamshire,2003,45852
TLF2,"Leicestershire, Rutland and Northamptonshire",2003,40327
TLF3,Lincolnshire,2003,15010
TLG1,"Herefordshire, Worcestershire and Warwickshire",2003,30184
TLG2,Shropshire and Staffordshire,2003,32854
TLG3,West Midlands,2003,64435
TLH2,Bedfordshire and Hertfordshire,2003,45799
TLH3,Essex,2003,40584
TLH4,Cambridgeshire and Peterborough,2003,21985
TLH5,Norfolk,2003,17558
TLH6,Suffolk,2003,15994
TLI3,Inner London - West,2003,144061
TLI4,Inner London - East,2003,78627
TLI5,Outer London - East and North East,2003,35138
TLI6,Outer London - South,2003,32241
TLI7,Outer London - West and North West,2003,56314
TLJ1,"Berkshire, Buckinghamshire and Oxfordshire",2003,72906
TLJ2,"Surrey, East and West Sussex",2003,75810
TLJ3,Hampshire and Isle of Wight,2003,49224
TLJ4,Kent,2003,39232
TLK3,Cornwall and Isles of Scilly,2003,10363
TLK4,Devon,2003,23648
TLK5,West of England,2003,26774
TLK6,"North Somerset, Somerset and Dorset",2003,33539
TLK7,Gloucestershire and Wiltshire,2003,36070
TLL3,North Wales,2003,13906
TLL4,Mid and South West Wales,2003,16354
TLL5,South East Wales,2003,29951
TLM0,Eastern Scotland,2003,18852
TLM1,East Central Scotland,2003,30914
TLM2,Highlands and Islands,2003,10878
TLM3,West Central Scotland,2003,34692
TLM5,North Eastern Scotland,2003,13165
TLM9,Southern Scotland,2003,19593
TLN0,Northern Ireland,2003,41164
TLC3,Tees Valley,2004,13045
TLC4,"Northumberland, Durham and Tyne & Wear",2004,39802
TLD1,Cumbria,2004,11409
TLD3,Greater Manchester,2004,60268
TLD4,Lancashire,2004,34324
TLD6,Cheshire,2004,28825
TLD7,Merseyside,2004,33141
TLE1,East Yorkshire and Northern Lincolnshire,2004,21491
TLE2,North Yorkshire,2004,22527
TLE3,South Yorkshire,2004,26849
TLE4,West Yorkshire,2004,51833
TLF1,Derbyshire and Nottinghamshire,2004,47795
TLF2,"Leicestershire, Rutland and Northamptonshire",2004,41557
TLF3,Lincolnshire,2004,14595
TLG1,"Herefordshire, Worcestershire and Warwickshire",2004,30679
TLG2,Shropshire and Staffordshire,2004,34069
TLG3,West Midlands,2004,65313
TLH2,Bedfordshire and Hertfordshire,2004,46473
TLH3,Essex,2004,40517
TLH4,Cambridgeshire and Peterborough,2004,22315
TLH5,Norfolk,2004,17695
TLH6,Suffolk,2004,16221
TLI3,Inner London - West,2004,148178
TLI4,Inner London - East,2004,81590
TLI5,Outer London - East and North East,2004,35881
TLI6,Outer London - South,2004,32775
TLI7,Outer London - West and North West,2004,57683
TLJ1,"Berkshire, Buckinghamshire and Oxfordshire",2004,73175
TLJ2,"Surrey, East and West Sussex",2004,75372
TLJ3,Hampshire and Isle of Wight,2004,50825
TLJ4,Kent,2004,40158
TLK3,Cornwall and Isles of Scilly,2004,10431
TLK4,Devon,2004,24931
TLK5,West of England,2004,27307
TLK6,"North Somerset, Somerset and Dorset",2004,34148
TLK7,Gloucestershire and Wiltshire,2004,36350
TLL3,North Wales,2004,14375
TLL4,Mid and South West Wales,2004,17048
TLL5,South East Wales,2004,30492
TLM0,Eastern Scotland,2004,19195
TLM1,East Central Scotland,2004,31964
TLM2,Highlands and Islands,2004,11432
TLM3,West Central Scotland,2004,35997
TLM5,North Eastern Scotland,2004,13718
TLM9,Southern Scotland,2004,19975
TLN0,Northern Ireland,2004,42113
TLC3,Tees Valley,2005,13037
TLC4,"Northumberland, Durham and Tyne & Wear",2005,40512
TLD1,Cumbria,2005,11661
TLD3,Greater Manchester,2005,62700
TLD4,Lancashire,2005,34620
TLD6,Cheshire,2005,29841
TLD7,Merseyside,2005,33512
TLE1,East Yorkshire and Northern Lincolnshire,2005,21411
TLE2,North Yorkshire,2005,22542
TLE3,South Yorkshire,2005,26984
TLE4,West Yorkshire,2005,53763
TLF1,Derbyshire and Nottinghamshire,2005,49669
TLF2,"Leicestershire, Rutland and Northamptonshire",2005,41952
TLF3,Lincolnshire,2005,14785
TLG1,"Herefordshire, Worcestershire and Warwickshire",2005,31026
TLG2,Shropshire and Staffordshire,2005,34496
TLG3,West Midlands,2005,66219
TLH2,Bedfordshire and Hertfordshire,2005,48730
TLH3,Essex,2005,41013
TLH4,Cambridgeshire and Peterborough,2005,23498
TLH5,Norfolk,2005,18127
TLH6,Suffolk,2005,16900
TLI3,Inner London - West,2005,160104
TLI4,Inner London - East,2005,87295
TLI5,Outer London - East and North East,2005,36688
TLI6,Outer London - South,2005,33715
TLI7,Outer London - West and North West,2005,59732
TLJ1,"Berkshire, Buckinghamshire and Oxfordshire",2005,76094
TLJ2,"Surrey, East and West Sussex",2005,77242
TLJ3,Hampshire and Isle of Wight,2005,52452
TLJ4,Kent,2005,41441
TLK3,Cornwall and Isles of Scilly,2005,10736
TLK4,Devon,2005,25159
TLK5,West of England,2005,27643
TLK6,"North Somerset, Somerset and Dorset",2005,34967
TLK7,Gloucestershire and Wiltshire,2005,37054
TLL3,North Wales,2005,14531
TLL4,Mid and South West Wales,2005,16961
TLL5,South East Wales,2005,31145
TLM0,Eastern Scotland,2005,19559
TLM1,East Central Scotland,2005,33121
TLM2,Highlands and Islands,2005,11843
TLM3,West Central Scotland,2005,37620
TLM5,North Eastern Scotland,2005,14176
TLM9,Southern Scotland,2005,20659
TLN0,Northern Ireland,2005,43497
TLC3,Tees Valley,2006,13517
TLC4,"Northumberland, Durham and Tyne & Wear",2006,41773
TLD1,Cumbria,2006,12378
TLD3,Greater Manchester,2006,64617
TLD4,Lancashire,2006,34853
TLD6,Cheshire,2006,31532
TLD7,Merseyside,2006,35058
TLE1,East Yorkshire and Northern Lincolnshire,2006,22496
TLE2,North Yorkshire,2006,22642
TLE3,South Yorkshire,2006,27802
TLE4,West Yorkshire,2006,54783
TLF1,Derbyshire and Nottinghamshire,2006,50371
TLF2,"Leicestershire, Rutland and Northamptonshire",2006,44554
TLF3,Lincolnshire,2006,15506
TLG1,"Herefordshire, Worcestershire and Warwickshire",2006,32330
TLG2,Shropshire and Staffordshire,2006,35172
TLG3,West Midlands,2006,66411
TLH2,Bedfordshire and Hertfordshire,2006,49369
TLH3,Essex,2006,41837
TLH4,Cambridgeshire and Peterborough,2006,24450
TLH5,Norfolk,2006,18952
TLH6,Suffolk,2006,17443
TLI3,Inner London - West,2006,164673
TLI4,Inner London - East,2006,90455
TLI5,Outer London - East and North East,2006,38185
TLI6,Outer London - South,2006,34423
TLI7,Outer London - West and North West,2006,63609
TLJ1,"Berkshire, Buckinghamshire and Oxfordshire",2006,78268
TLJ2,"Surrey, East and West Sussex",2006,79812
TLJ3,Hampshire and Isle of Wight,2006,53029
TLJ4,Kent,2006,41373
TLK3,Cornwall and Isles of Scilly,2006,11143
TLK4,Devon,2006,25969
TLK5,West of England,2006,27993
TLK6,"North Somerset, Somerset and Dorset",2006,35645
TLK7,Gloucestershire and Wiltshire,2006,37238
TLL3,North Wales,2006,15122
TLL4,Mid and South West Wales,2006,17334
TLL5,South East Wales,2006,32150
TLM0,Eastern Scotland,2006,20466
TLM1,East Central Scotland,2006,33401
TLM2,Highlands and Islands,2006,11992
TLM3,West Central Scotland,2006,38356
TLM5,North Eastern Scotland,2006,15971
TLM9,Southern Scotland,2006,21400
TLN0,Northern Ireland,2006,44772
TLC3,Tees Valley,2007,13484
TLC4,"Northumberland, Durham and Tyne & Wear",2007,41588
TLD1,Cumbria,2007,12247
TLD3,Greater Manchester,2007,66892
TLD4,Lancashire,2007,35387
TLD6,Cheshire,2007,32208
TLD7,Merseyside,2007,34589
TLE1,East Yorkshire and Northern Lincolnshire,2007,22532
TLE2,North Yorkshire,2007,23107
TLE3,South Yorkshire,2007,28852
TLE4,West Yorkshire,2007,57162
TLF1,Derbyshire and Nottinghamshire,2007,50447
TLF2,"Leicestershire, Rutland and Northamptonshire",2007,45355
TLF3,Lincolnshire,2007,15579
TLG1,"Herefordshire, Worcestershire and Warwickshire",2007,31544
TLG2,Shropshire and Staffordshire,2007,34825
TLG3,West Midlands,2007,67621
TLH2,Bedfordshire and Hertfordshire,2007,50485
TLH3,Essex,2007,42188
TLH4,Cambridgeshire and Peterborough,2007,25269
TLH5,Norfolk,2007,18916
TLH6,Suffolk,2007,17649
TLI3,Inner London - West,2007,181353
TLI4,Inner London - East,2007,98334
TLI5,Outer London - East and North East,2007,38855
TLI6,Outer London - South,2007,35806
TLI7,Outer London - West and North West,2007,65701
TLJ1,"Berkshire, Buckinghamshire and Oxfordshire",2007,80421
TLJ2,"Surrey, East and West Sussex",2007,81985
TLJ3,Hampshire and Isle of Wight,2007,54983
TLJ4,Kent,2007,41540
TLK3,Cornwall and Isles of Scilly,2007,10887
TLK4,Devon,2007,25375
TLK5,West of England,2007,29414
TLK6,"North Somerset, Somerset and Dorset",2007,35445
TLK7,Gloucestershire and Wiltshire,2007,39213
TLL3,North Wales,2007,14906
TLL4,Mid and South West Wales,2007,17310
TLL5,South East Wales,2007,32974
TLM0,Eastern Scotland,2007,20757
TLM1,East Central Scotland,2007,35582
TLM2,Highlands and Islands,2007,11914
TLM3,West Central Scotland,2007,38555
TLM5,North Eastern Scotland,2007,17204
TLM9,Southern Scotland,2007,20794
TLN0,Northern Ireland,2007,44531
TLC3,Tees Valley,2008,13419
TLC4,"Northumberland, Durham and Tyne & Wear",2008,41014
TLD1,Cumbria,2008,12586
TLD3,Greater Manchester,2008,65935
TLD4,Lancashire,2008,34700
TLD6,Cheshire,2008,31071
TLD7,Merseyside,2008,34992
TLE1,East Yorkshire and Northern Lincolnshire,2008,22537
TLE2,North Yorkshire,2008,22631
TLE3,South Yorkshire,2008,27435
TLE4,West Yorkshire,2008,55598
TLF1,Derbyshire and Nottinghamshire,2008,50096
TLF2,"Leicestershire, Rutland and Northamptonshire",2008,45492
TLF3,Lincolnshire,2008,15926
TLG1,"Herefordshire, Worcestershire and Warwickshire",2008,31853
TLG2,Shropshire and Staffordshire,2008,35382
TLG3,West Midlands,2008,66458
TLH2,Bedfordshire and Hertfordshire,2008,51488
TLH3,Essex,2008,42038
TLH4,Cambridgeshire and Peterborough,2008,25206
TLH5,Norfolk,2008,19149
TLH6,Suffolk,2008,17614
TLI3,Inner London - West,2008,183300
TLI4,Inner London - East,2008,101074
TLI5,Outer London - East and North East,2008,37964
TLI6,Outer London - South,2008,34792
TLI7,Outer London - West and North West,2008,64073
TLJ1,"Berkshire, Buckinghamshire and Oxfordshire",2008,82002
TLJ2,"Surrey, East and West Sussex",2008,83609
TLJ3,Hampshire and Isle of Wight,2008,55984
TLJ4,Kent,2008,42763
TLK3,Cornwall and Isles of Scilly,2008,10987
TLK4,Devon,2008,25219
TLK5,West of England,2008,30027
TLK6,"North Somerset, Somerset and Dorset",2008,35810
TLK7,Gloucestershire and Wiltshire,2008,39573
TLL3,North Wales,2008,14565
TLL4,Mid and South West Wales,2008,16866
TLL5,South East Wales,2008,32064
TLM0,Eastern Scotland,2008,20604
TLM1,East Central Scotland,2008,35497
TLM2,Highlands and Islands,2008,12252
TLM3,West Central Scotland,2008,39267
TLM5,North Eastern Scotland,2008,18220
TLM9,Southern Scotland,2008,21073
TLN0,Northern Ireland,2008,43255
TLC3,Tees Valley,2009,13184
TLC4,"Northumberland, Durham and Tyne & Wear",2009,39340
TLD1,Cumbria,2009,11902
TLD3,Greater Manchester,2009,64623
TLD4,Lancashire,2009,32199
TLD6,Cheshire,2009,29679
TLD7,Merseyside,2009,34559
TLE1,East Yorkshire and Northern Lincolnshire,2009,21460
TLE2,North Yorkshire,2009,21393
TLE3,South Yorkshire,2009,26176
TLE4,West Yorkshire,2009,53317
TLF1,Derbyshire and Nottinghamshire,2009,47372
TLF2,"Leicestershire, Rutland and Northamptonshire",2009,43026
TLF3,Lincolnshire,2009,15062
TLG1,"Herefordshire, Worcestershire and Warwickshire",2009,30256
TLG2,Shropshire and Staffordshire,2009,33050
TLG3,West Midlands,2009,62335
TLH2,Bedfordshire and Hertfordshire,2009,48105
TLH3,Essex,2009,40131
TLH4,Cambridgeshire and Peterborough,2009,23989
TLH5,Norfolk,2009,19055
TLH6,Suffolk,2009,16943
TLI3,Inner London - West,2009,173798
TLI4,Inner London - East,2009,96993
TLI5,Outer London - East and North East,2009,34824
TLI6,Outer London - South,2009,32186
TLI7,Outer London - West and North West,2009,59789
TLJ1,"Berkshire, Buckinghamshire and Oxfordshire",2009,79563
TLJ2,"Surrey, East and West Sussex",2009,80323
TLJ3,Hampshire and Isle of Wight,2009,54435
TLJ4,Kent,2009,39935
TLK3,Cornwall and Isles of Scilly,2009,10398
TLK4,Devon,2009,24322
TLK5,West of England,2009,29033
TLK6,"North Somerset, Somerset and Dorset",2009,34230
TLK7,Gloucestershire and Wiltshire,2009,37804
TLL3,North Wales,2009,13923
TLL4,Mid and South West Wales,2009,16108
TLL5,South East Wales,2009,31216
TLM0,Eastern Scotland,2009,20086
TLM1,East Central Scotland,2009,34548
TLM2,Highlands and Islands,2009,12083
TLM3,West Central Scotland,2009,37670
TLM5,North Eastern Scotland,2009,17622
TLM9,Southern Scotland,2009,20137
TLN0,Northern Ireland,2009,41216
TLC3,Tees Valley,2010,13354
TLC4,"Northumberland, Durham and Tyne & Wear",2010,40087
TLD1,Cumbria,2010,12088
TLD3,Greater Manchester,2010,66170
TLD4,Lancashire,2010,32962
TLD6,Cheshire,2010,30805
TLD7,Merseyside,2010,34903
TLE1,East Yorkshire and Northern Lincolnshire,2010,20752
TLE2,North Yorkshire,2010,21398
TLE3,South Yorkshire,2010,26721
TLE4,West Yorkshire,2010,53642
TLF1,Derbyshire and Nottinghamshire,2010,49265
TLF2,"Leicestershire, Rutland and Northamptonshire",2010,44664
TLF3,Lincolnshire,2010,15116
TLG1,"Herefordshire, Worcestershire and Warwickshire",2010,31318
TLG2,Shropshire and Staffordshire,2010,33891
TLG3,West Midlands,2010,64711
TLH2,Bedfordshire and Hertfordshire,2010,48268
TLH3,Essex,2010,41566
TLH4,Cambridgeshire and Peterborough,2010,24617
TLH5,Norfolk,2010,19135
TLH6,Suffolk,2010,17354
TLI3,Inner London - West,2010,179579
TLI4,Inner London - East,2010,99981
TLI5,Outer London - East and North East,2010,36616
TLI6,Outer London - South,2010,32889
TLI7,Outer London - West and North West,2010,61468
TLJ1,"Berkshire, Buckinghamshire and Oxfordshire",2010,82907
TLJ2,"Surrey, East and West Sussex",2010,83607
TLJ3,Hampshire and Isle of Wight,2010,57258
TLJ4,Kent,2010,41657
TLK3,Cornwall and Isles of Scilly,2010,10530
TLK4,Devon,2010,25376
TLK5,West of England,2010,30451
TLK6,"North Somerset, Somerset and Dorset",2010,34702
TLK7,Gloucestershire and Wiltshire,2010,39842
TLL3,North Wales,2010,14223
TLL4,Mid and South West Wales,2010,16375
TLL5,South East Wales,2010,31895
TLM0,Eastern Scotland,2010,20194
TLM1,East Central Scotland,2010,35191
TLM2,Highlands and Islands,2010,12290
TLM3,West Central Scotland,2010,37315
TLM5,North Eastern Scotland,2010,18059
TLM9,Southern Scotland,2010,20017
TLN0,Northern Ireland,2010,40655
TLC3,Tees Valley,2011,13405
TLC4,"Northumberland, Durham and Tyne & Wear",2011,40772
TLD1,Cumbria,2011,11790
TLD3,Greater Manchester,2011,65578
TLD4,Lancashire,2011,33374
TLD6,Cheshire,2011,30992
TLD7,Merseyside,2011,34449
TLE1,East Yorkshire and Northern Lincolnshire,2011,20087
TLE2,North Yorkshire,2011,22053
TLE3,South Yorkshire,2011,27186
TLE4,West Yorkshire,2011,54605
TLF1,Derbyshire and Nottinghamshire,2011,50696
TLF2,"Leicestershire, Rutland and Northamptonshire",2011,44329
TLF3,Lincolnshire,2011,15391
TLG1,"Herefordshire, Worcestershire and Warwickshire",2011,32929
TLG2,Shropshire and Staffordshire,2011,34996
TLG3,West Midlands,2011,65926
TLH2,Bedfordshire and Hertfordshire,2011,48035
TLH3,Essex,2011,41120
TLH4,Cambridgeshire and Peterborough,2011,25076
TLH5,Norfolk,2011,19315
TLH6,Suffolk,2011,17683
TLI3,Inner London - West,2011,183794
TLI4,Inner London - East,2011,107025
TLI5,Outer London - East and North East,2011,36798
TLI6,Outer London - South,2011,32617
TLI7,Outer London - West and North West,2011,62711
TLJ1,"Berkshire, Buckinghamshire and Oxfordshire",2011,86414
TLJ2,"Surrey, East and West Sussex",2011,83472
TLJ3,Hampshire and Isle of Wight,2011,58514
TLJ4,Kent,2011,42475
TLK3,Cornwall and Isles of Scilly,2011,10810
TLK4,Devon,2011,25554
TLK5,West of England,2011,30555
TLK6,"North Somerset, Somerset and Dorset",2011,35032
TLK7,Gloucestershire and Wiltshire,2011,39597
TLL3,North Wales,2011,14918
TLL4,Mid and South West Wales,2011,16595
TLL5,South East Wales,2011,32910
TLM0,Eastern Scotland,2011,20389
TLM1,East Central Scotland,2011,34775
TLM2,Highlands and Islands,2011,12804
TLM3,West Central Scotland,2011,38286
TLM5,North Eastern Scotland,2011,18433
TLM9,Southern Scotland,2011,20418
TLN0,Northern Ireland,2011,41387
TLC3,Tees Valley,2012,13702
TLC4,"Northumberland, Durham and Tyne & Wear",2012,41463
TLD1,Cumbria,2012,12248
TLD3,Greater Manchester,2012,67787
TLD4,Lancashire,2012,33941
TLD6,Cheshire,2012,31976
TLD7,Merseyside,2012,33893
TLE1,East Yorkshire and Northern Lincolnshire,2012,20289
TLE2,North Yorkshire,2012,22156
TLE3,South Yorkshire,2012,27873
TLE4,West Yorkshire,2012,55407
TLF1,Derbyshire and Nottinghamshire,2012,51290
TLF2,"Leicestershire, Rutland and Northamptonshire",2012,45361
TLF3,Lincolnshire,2012,15657
TLG1,"Herefordshire, Worcestershire and Warwickshire",2012,34036
TLG2,Shropshire and Staffordshire,2012,35124
TLG3,West Midlands,2012,66702
TLH2,Bedfordshire and Hertfordshire,2012,48441
TLH3,Essex,2012,41588
TLH4,Cambridgeshire and Peterborough,2012,25730
TLH5,Norfolk,2012,19913
TLH6,Suffolk,2012,18090
TLI3,Inner London - West,2012,190320
TLI4,Inner London - East,2012,109064
TLI5,Outer London - East and North East,2012,38245
TLI6,Outer London - South,2012,33472
TLI7,Outer London - West and North West,2012,65482
TLJ1,"Berkshire, Buckinghamshire and Oxfordshire",2012,89172
TLJ2,"Surrey, East and West Sussex",2012,85676
TLJ3,Hampshire and Isle of Wight,2012,59460
TLJ4,Kent,2012,42682
TLK3,Cornwall and Isles of Scilly,2012,10920
TLK4,Devon,2012,25601
TLK5,West of England,2012,31534
TLK6,"North Somerset, Somerset and Dorset",2012,35168
TLK7,Gloucestershire and Wiltshire,2012,39939
TLL3,North Wales,2012,15072
TLL4,Mid and South West Wales,2012,16904
TLL5,South East Wales,2012,33575
TLM0,Eastern Scotland,2012,20761
TLM1,East Central Scotland,2012,35676
TLM2,Highlands and Islands,2012,12776
TLM3,West Central Scotland,2012,38462
TLM5,North Eastern Scotland,2012,19111
TLM9,Southern Scotland,2012,20291
TLN0,Northern Ireland,2012,42233
TLC3,Tees Valley,2013,13758
TLC4,"Northumberland, Durham and Tyne & Wear",2013,41156
TLD1,Cumbria,2013,12366
TLD3,Greater Manchester,2013,69526
TLD4,Lancashire,2013,34118
TLD6,Cheshire,2013,32452
TLD7,Merseyside,2013,34202
TLE1,East Yorkshire and Northern Lincolnshire,2013,20445
TLE2,North Yorkshire,2013,22368
TLE3,South Yorkshire,2013,28055
TLE4,West Yorkshire,2013,55944
TLF1,Derbyshire and Nottinghamshire,2013,52039
TLF2,"Leicestershire, Rutland and Northamptonshire",2013,46719
TLF3,Lincolnshire,2013,16169
TLG1,"Herefordshire, Worcestershire and Warwickshire",2013,35367
TLG2,Shropshire and Staffordshire,2013,35750
TLG3,West Midlands,2013,67933
TLH2,Bedfordshire and Hertfordshire,2013,50991
TLH3,Essex,2013,41813
TLH4,Cambridgeshire and Peterborough,2013,25805
TLH5,Norfolk,2013,20401
TLH6,Suffolk,2013,18580
TLI3,Inner London - West,2013,196931
TLI4,Inner London - East,2013,111159
TLI5,Outer London - East and North East,2013,39381
TLI6,Outer London - South,2013,33690
TLI7,Outer London - West and North West,2013,68395
TLJ1,"Berkshire, Buckinghamshire and Oxfordshire",2013,90815
TLJ2,"Surrey, East and West Sussex",2013,87142
TLJ3,Hampshire and Isle of Wight,2013,60425
TLJ4,Kent,2013,43204
TLK3,Cornwall and Isles of Scilly,2013,11098
TLK4,Devon,2013,26171
TLK5,West of England,2013,31370
TLK6,"North Somerset, Somerset and Dorset",2013,35433
TLK7,Gloucestershire and Wiltshire,2013,40386
TLL3,North Wales,2013,15501
TLL4,Mid and South West Wales,2013,17310
TLL5,South East Wales,2013,33837
TLM0,Eastern Scotland,2013,21431
TLM1,East Central Scotland,2013,35805
TLM2,Highlands and Islands,2013,13139
TLM3,West Central Scotland,2013,39539
TLM5,North Eastern Scotland,2013,19994
TLM9,Southern Scotland,2013,20801
TLN0,Northern Ireland,2013,42811
TLC3,Tees Valley,2014,14350
TLC4,"Northumberland, Durham and Tyne & Wear",2014,41835
TLD1,Cumbria,2014,12894
TLD3,Greater Manchester,2014,70533
TLD4,Lancashire,2014,34991
TLD6,Cheshire,2014,34102
TLD7,Merseyside,2014,35485
TLE1,East Yorkshire and Northern Lincolnshire,2014,21026
TLE2,North Yorkshire,2014,22613
TLE3,South Yorkshire,2014,28559
TLE4,West Yorkshire,2014,56888
TLF1,Derbyshire and Nottinghamshire,2014,52469
TLF2,"Leicestershire, Rutland and Northamptonshire",2014,48159
TLF3,Lincolnshire,2014,16553
TLG1,"Herefordshire, Worcestershire and Warwickshire",2014,37034
TLG2,Shropshire and Staffordshire,2014,36528
TLG3,West Midlands,2014,70421
TLH2,Bedfordshire and Hertfordshire,2014,54170
TLH3,Essex,2014,43545
TLH4,Cambridgeshire and Peterborough,2014,26717
TLH5,Norfolk,2014,20858
TLH6,Suffolk,2014,19107
TLI3,Inner London - West,2014,206477
TLI4,Inner London - East,2014,115112
TLI5,Outer London - East and North East,2014,40034
TLI6,Outer London - South,2014,34905
TLI7,Outer London - West and North West,2014,72337
TLJ1,"Berkshire, Buckinghamshire and Oxfordshire",2014,94880
TLJ2,"Surrey, East and West Sussex",2014,88990
TLJ3,Hampshire and Isle of Wight,2014,61773
TLJ4,Kent,2014,44166
TLK3,Cornwall and Isles of Scilly,2014,11393
TLK4,Devon,2014,26663
TLK5,West of England,2014,32837
TLK6,"North Somerset, Somerset and Dorset",2014,36766
TLK7,Gloucestershire and Wiltshire,2014,42423
TLL3,North Wales,2014,15353
TLL4,Mid and South West Wales,2014,17915
TLL5,South East Wales,2014,34388
TLM0,Eastern Scotland,2014,21951
TLM1,East Central Scotland,2014,36609
TLM2,Highlands and Islands,2014,13375
TLM3,West Central Scotland,2014,41201
TLM5,North Eastern Scotland,2014,21022
TLM9,Southern Scotland,2014,21344
TLN0,Northern Ireland,2014,43702
TLC3,Tees Valley,2015,15201
TLC4,"Northumberland, Durham and Tyne & Wear",2015,42880
TLD1,Cumbria,2015,13190
TLD3,Greater Manchester,2015,72996
TLD4,Lancashire,2015,36246
TLD6,Cheshire,2015,34473
TLD7,Merseyside,2015,36268
TLE1,East Yorkshire and Northern Lincolnshire,2015,22163
TLE2,North Yorkshire,2015,22517
TLE3,South Yorkshire,2015,29312
TLE4,West Yorkshire,2015,59144
TLF1,Derbyshire and Nottinghamshire,2015,52890
TLF2,"Leicestershire, Rutland and Northamptonshire",2015,49338
TLF3,Lincolnshire,2015,16377
TLG1,"Herefordshire, Worcestershire and Warwickshire",2015,38416
TLG2,Shropshire and Staffordshire,2015,36960
TLG3,West Midlands,2015,72408
TLH2,Bedfordshire and Hertfordshire,2015,55621
TLH3,Essex,2015,44613
TLH4,Cambridgeshire and Peterborough,2015,26912
TLH5,Norfolk,2015,20796
TLH6,Suffolk,2015,19408
TLI3,Inner London - West,2015,209962
TLI4,Inner London - East,2015,117522
TLI5,Outer London - East and North East,2015,40616
TLI6,Outer London - South,2015,34550
TLI7,Outer London - West and North West,2015,72562
TLJ1,"Berkshire, Buckinghamshire and Oxfordshire",2015,97869
TLJ2,"Surrey, East and West Sussex",2015,91443
TLJ3,Hampshire and Isle of Wight,2015,62865
TLJ4,Kent,2015,45695
TLK3,Cornwall and Isles of Scilly,2015,11445
TLK4,Devon,2015,27038
TLK5,West of England,2015,33163
TLK6,"North Somerset, Somerset and Dorset",2015,36828
TLK7,Gloucestershire and Wiltshire,2015,42594
TLL3,North Wales,2015,15518
TLL4,Mid and South West Wales,2015,18716
TLL5,South East Wales,2015,34935
TLM0,Eastern Scotland,2015,22261
TLM1,East Central Scotland,2015,37517
TLM2,Highlands and Islands,2015,13263
TLM3,West Central Scotland,2015,41473
TLM5,North Eastern Scotland,2015,21484
TLM9,Southern Scotland,2015,21163
TLN0,Northern Ireland,2015,44177
TLC3,Tees Valley,2016,15127
TLC4,"Northumberland, Durham and Tyne & Wear",2016,42854
TLD1,Cumbria,2016,12954
TLD3,Greater Manchester,2016,74303
TLD4,Lancashire,2016,37546
TLD6,Cheshire,2016,35207
TLD7,Merseyside,2016,36047
TLE1,East Yorkshire and Northern Lincolnshire,2016,22378
TLE2,North Yorkshire,2016,22944
TLE3,South Yorkshire,2016,29351
TLE4,West Yorkshire,2016,59538
TLF1,Derbyshire and Nottinghamshire,2016,53319
TLF2,"Leicestershire, Rutland and Northamptonshire",2016,50230
TLF3,Lincolnshire,2016,16429
TLG1,"Herefordshire, Worcestershire and Warwickshire",2016,38182
TLG2,Shropshire and Staffordshire,2016,37645
TLG3,West Midlands,2016,75609
TLH2,Bedfordshire and Hertfordshire,2016,56884
TLH3,Essex,2016,45816
TLH4,Cambridgeshire and Peterborough,2016,27541
TLH5,Norfolk,2016,20874
TLH6,Suffolk,2016,19867
TLI3,Inner London - West,2016,223651
TLI4,Inner London - East,2016,121191
TLI5,Outer London - East and North East,2016,41119
TLI6,Outer London - South,2016,35244
TLI7,Outer London - West and North West,2016,73938
TLJ1,"Berkshire, Buckinghamshire and Oxfordshire",2016,97525
TLJ2,"Surrey, East and West Sussex",2016,91685
TLJ3,Hampshire and Isle of Wight,2016,62601
TLJ4,Kent,2016,46759
TLK3,Cornwall and Isles of Scilly,2016,11828
TLK4,Devon,2016,27558
TLK5,West of England,2016,34213
TLK6,"North Somerset, Somerset and Dorset",2016,37521
TLK7,Gloucestershire and Wiltshire,2016,42601
TLL3,North Wales,2016,15838
TLL4,Mid and South West Wales,2016,19318
TLL5,South East Wales,2016,35892
TLM0,Eastern Scotland,2016,22487
TLM1,East Central Scotland,2016,39319
TLM2,Highlands and Islands,2016,13240
TLM3,West Central Scotland,2016,41803
TLM5,North Eastern Scotland,2016,19750
TLM9,Southern Scotland,2016,21319
TLN0,Northern Ireland,2016,46116
TLC3,Tees Valley,2017,14918
TLC4,"Northumberland, Durham and Tyne & Wear",2017,44120
TLD1,Cumbria,2017,13072
TLD3,Greater Manchester,2017,78503
TLD4,Lancashire,2017,38030
TLD6,Cheshire,2017,36065
TLD7,Merseyside,2017,37001
TLE1,East Yorkshire and Northern Lincolnshire,2017,22817
TLE2,North Yorkshire,2017,23942
TLE3,South Yorkshire,2017,30159
TLE4,West Yorkshire,2017,61137
TLF1,Derbyshire and Nottinghamshire,2017,53968
TLF2,"Leicestershire, Rutland and Northamptonshire",2017,50739
TLF3,Lincolnshire,2017,17147
TLG1,"Herefordshire, Worcestershire and Warwickshire",2017,40849
TLG2,Shropshire and Staffordshire,2017,38736
TLG3,West Midlands,2017,77090
TLH2,Bedfordshire and Hertfordshire,2017,60610
TLH3,Essex,2017,48702
TLH4,Cambridgeshire and Peterborough,2017,28969
TLH5,Norfolk,2017,21553
TLH6,Suffolk,2017,20333
TLI3,Inner London - West,2017,229949
TLI4,Inner London - East,2017,124655
TLI5,Outer London - East and North East,2017,40836
TLI6,Outer London - South,2017,35183
TLI7,Outer London - West and North West,2017,74089
TLJ1,"Berkshire, Buckinghamshire and Oxfordshire",2017,99535
TLJ2,"Surrey, East and West Sussex",2017,93563
TLJ3,Hampshire and Isle of Wight,2017,64642
TLJ4,Kent,2017,47636
TLK3,Cornwall and Isles of Scilly,2017,12695
TLK4,Devon,2017,28348
TLK5,West of England,2017,35233
TLK6,"North Somerset, Somerset and Dorset",2017,39033
TLK7,Gloucestershire and Wiltshire,2017,43838
TLL3,North Wales,2017,16240
TLL4,Mid and South West Wales,2017,19443
TLL5,South East Wales,2017,36734
TLM0,Eastern Scotland,2017,22980
TLM1,East Central Scotland,2017,41191
TLM2,Highlands and Islands,2017,13931
TLM3,West Central Scotland,2017,43678
TLM5,North Eastern Scotland,2017,19331
TLM9,Southern Scotland,2017,22039
TLN0,Northern Ireland,2017,47169
TLC3,Tees Valley,2018,15106
TLC4,"Northumberland, Durham and Tyne & Wear",2018,44288
TLD1,Cumbria,2018,13058
TLD3,Greater Manchester,2018,80810
TLD4,Lancashire,2018,37474
TLD6,Cheshire,2018,36385
TLD7,Merseyside,2018,36827
TLE1,East Yorkshire and Northern Lincolnshire,2018,23145
TLE2,North Yorkshire,2018,23657
TLE3,South Yorkshire,2018,29936
TLE4,West Yorkshire,2018,63279
TLF1,Derbyshire and Nottinghamshire,2018,54985
TLF2,"Leicestershire, Rutland and Northamptonshire",2018,52170
TLF3,Lincolnshire,2018,17287
TLG1,"Herefordshire, Worcestershire and Warwickshire",2018,41506
TLG2,Shropshire and Staffordshire,2018,39493
TLG3,West Midlands,2018,77852
TLH2,Bedfordshire and Hertfordshire,2018,60721
TLH3,Essex,2018,49119
TLH4,Cambridgeshire and Peterborough,2018,29387
TLH5,Norfolk,2018,20851
TLH6,Suffolk,2018,20443
TLI3,Inner London - West,2018,237383
TLI4,Inner London - East,2018,125863
TLI5,Outer London - East and North East,2018,41255
TLI6,Outer London - South,2018,35375
TLI7,Outer London - West and North West,2018,74682
TLJ1,"Berkshire, Buckinghamshire and Oxfordshire",2018,103118
TLJ2,"Surrey, East and West Sussex",2018,94053
TLJ3,Hampshire and Isle of Wight,2018,65383
TLJ4,Kent,2018,48334
TLK3,Cornwall and Isles of Scilly,2018,12695
TLK4,Devon,2018,28180
TLK5,West of England,2018,34898
TLK6,"North Somerset, Somerset and Dorset",2018,39404
TLK7,Gloucestershire and Wiltshire,2018,44727
TLL3,North Wales,2018,16615
TLL4,Mid and South West Wales,2018,19786
TLL5,South East Wales,2018,37776
TLM0,Eastern Scotland,2018,22665
TLM1,East Central Scotland,2018,42119
TLM2,Highlands and Islands,2018,13828
TLM3,West Central Scotland,2018,43862
TLM5,North Eastern Scotland,2018,18776
TLM9,Southern Scotland,2018,21622
TLN0,Northern Ireland,2018,47460
TLC3,Tees Valley,2019,15178
TLC4,"Northumberland, Durham and Tyne & Wear",2019,45736
TLD1,Cumbria,2019,13498
TLD3,Greater Manchester,2019,82549
TLD4,Lancashire,2019,38124
TLD6,Cheshire,2019,37191
TLD7,Merseyside,2019,38181
TLE1,East Yorkshire and Northern Lincolnshire,2019,23662
TLE2,North Yorkshire,2019,23996
TLE3,South Yorkshire,2019,30434
TLE4,West Yorkshire,2019,63584
TLF1,Derbyshire and Nottinghamshire,2019,55668
TLF2,"Leicestershire, Rutland and Northamptonshire",2019,52407
TLF3,Lincolnshire,2019,17830
TLG1,"Herefordshire, Worcestershire and Warwickshire",2019,41175
TLG2,Shropshire and Staffordshire,2019,39668
TLG3,West Midlands,2019,77025
TLH2,Bedfordshire and Hertfordshire,2019,61856
TLH3,Essex,2019,48896
TLH4,Cambridgeshire and Peterborough,2019,29858
TLH5,Norfolk,2019,22241
TLH6,Suffolk,2019,21173
TLI3,Inner London - West,2019,242035
TLI4,Inner London - East,2019,126748
TLI5,Outer London - East and North East,2019,41657
TLI6,Outer London - South,2019,35627
TLI7,Outer London - West and North West,2019,74888
TLJ1,"Berkshire, Buckinghamshire and Oxfordshire",2019,107111
TLJ2,"Surrey, East and West Sussex",2019,96347
TLJ3,Hampshire and Isle of Wight,2019,68065
TLJ4,Kent,2019,49714
TLK3,Cornwall and Isles of Scilly,2019,12809
TLK4,Devon,2019,28745
TLK5,West of England,2019,35978
TLK6,"North Somerset, Somerset and Dorset",2019,39945
TLK7,Gloucestershire and Wiltshire,2019,45766
TLL3,North Wales,2019,16894
TLL4,Mid and South West Wales,2019,19954
TLL5,South East Wales,2019,38566
TLM0,Eastern Scotland,2019,23181
TLM1,East Central Scotland,2019,42819
TLM2,Highlands and Islands,2019,14066
TLM3,West Central Scotland,2019,44871
TLM5,North Eastern Scotland,2019,18792
TLM9,Southern Scotland,2019,21707
TLN0,Northern Ireland,2019,49047
TLC3,Tees Valley,2020,13744
TLC4,"Northumberland, Durham and Tyne & Wear",2020,40223
TLD1,Cumbria,2020,11869
TLD3,Greater Manchester,2020,77516
TLD4,Lancashire,2020,34509
TLD6,Cheshire,2020,34407
TLD7,Merseyside,2020,34013
TLE1,East Yorkshire and Northern Lincolnshire,2020,21191
TLE2,North Yorkshire,2020,21722
TLE3,South Yorkshire,2020,28253
TLE4,West Yorkshire,2020,57219
TLF1,Derbyshire and Nottinghamshire,2020,52515
TLF2,"Leicestershire, Rutland and Northamptonshire",2020,46725
TLF3,Lincolnshire,2020,16160
TLG1,"Herefordshire, Worcestershire and Warwickshire",2020,38043
TLG2,Shropshire and Staffordshire,2020,36063
TLG3,West Midlands,2020,67233
TLH2,Bedfordshire and Hertfordshire,2020,55423
TLH3,Essex,2020,42544
TLH4,Cambridgeshire and Peterborough,2020,28099
TLH5,Norfolk,2020,20170
TLH6,Suffolk,2020,19127
TLI3,Inner London - West,2020,220028
TLI4,Inner London - East,2020,111005
TLI5,Outer London - East and North East,2020,34351
TLI6,Outer London - South,2020,30307
TLI7,Outer London - West and North West,2020,59401
TLJ1,"Berkshire, Buckinghamshire and Oxfordshire",2020,103676
TLJ2,"Surrey, East and West Sussex",2020,88992
TLJ3,Hampshire and Isle of Wight,2020,62490
TLJ4,Kent,2020,46422
TLK3,Cornwall and Isles of Scilly,2020,11526
TLK4,Devon,2020,25117
TLK5,West of England,2020,33149
TLK6,"North Somerset, Somerset and Dorset",2020,36707
TLK7,Gloucestershire and Wiltshire,2020,41562
TLL3,North Wales,2020,15240
TLL4,Mid and South West Wales,2020,17533
TLL5,South East Wales,2020,35404
TLM0,Eastern Scotland,2020,20614
TLM1,East Central Scotland,2020,37953
TLM2,Highlands and Islands,2020,12522
TLM3,West Central Scotland,2020,40278
TLM5,North Eastern Scotland,2020,16435
TLM9,Southern Scotland,2020,19190
TLN0,Northern Ireland,2020,43793
TLC3,Tees Valley,2021,15006
TLC4,"Northumberland, Durham and Tyne & Wear",2021,44961
TLD1,Cumbria,2021,12547
TLD3,Greater Manchester,2021,84160
TLD4,Lancashire,2021,38512
TLD6,Cheshire,2021,36396
TLD7,Merseyside,2021,38237
TLE1,East Yorkshire and Northern Lincolnshire,2021,25436
TLE2,North Yorkshire,2021,24628
TLE3,South Yorkshire,2021,30825
TLE4,West Yorkshire,2021,64032
TLF1,Derbyshire and Nottinghamshire,2021,55877
TLF2,"Leicestershire, Rutland and Northamptonshire",2021,52380
TLF3,Lincolnshire,2021,17597
TLG1,"Herefordshire, Worcestershire and Warwickshire",2021,39912
TLG2,Shropshire and Staffordshire,2021,41723
TLG3,West Midlands,2021,73580
TLH2,Bedfordshire and Hertfordshire,2021,60807
TLH3,Essex,2021,48182
TLH4,Cambridgeshire and Peterborough,2021,30055
TLH5,Norfolk,2021,21847
TLH6,Suffolk,2021,20473
TLI3,Inner London - West,2021,239991
TLI4,Inner London - East,2021,118738
TLI5,Outer London - East and North East,2021,38451
TLI6,Outer London - South,2021,31911
TLI7,Outer London - West and North West,2021,61311
TLJ1,"Berkshire, Buckinghamshire and Oxfordshire",2021,109705
TLJ2,"Surrey, East and West Sussex",2021,93252
TLJ3,Hampshire and Isle of Wight,2021,66168
TLJ4,Kent,2021,48966
TLK3,Cornwall and Isles of Scilly,2021,13378
TLK4,Devon,2021,29885
TLK5,West of England,2021,37360
TLK6,"North Somerset, Somerset and Dorset",2021,39878
TLK7,Gloucestershire and Wiltshire,2021,45082
TLL3,North Wales,2021,16606
TLL4,Mid and South West Wales,2021,18542
TLL5,South East Wales,2021,37260
TLM0,Eastern Scotland,2021,22431
TLM1,East Central Scotland,2021,41916
TLM2,Highlands and Islands,2021,13456
TLM3,West Central Scotland,2021,45195
TLM5,North Eastern Scotland,2021,16874
TLM9,Southern Scotland,2021,20678
TLN0,Northern Ireland,2021,49270
TLC3,Tees Valley,2022,15708
TLC4,"Northumberland, Durham and Tyne & Wear",2022,46656
TLD1,Cumbria,2022,13736
TLD3,Greater Manchester,2022,91098
TLD4,Lancashire,2022,39584
TLD6,Cheshire,2022,37783
TLD7,Merseyside,2022,39644
TLE1,East Yorkshire and Northern Lincolnshire,2022,25007
TLE2,North Yorkshire,2022,25762
TLE3,South Yorkshire,2022,32458
TLE4,West Yorkshire,2022,67457
TLF1,Derbyshire and Nottinghamshire,2022,56927
TLF2,"Leicestershire, Rutland and Northamptonshire",2022,53785
TLF3,Lincolnshire,2022,17542
TLG1,"Herefordshire, Worcestershire and Warwickshire",2022,42288
TLG2,Shropshire and Staffordshire,2022,40557
TLG3,West Midlands,2022,76115
TLH2,Bedfordshire and Hertfordshire,2022,62995
TLH3,Essex,2022,50685
TLH4,Cambridgeshire and Peterborough,2022,30695
TLH5,Norfolk,2022,22195
TLH6,Suffolk,2022,21037
TLI3,Inner London - West,2022,254288
TLI4,Inner London - East,2022,130328
TLI5,Outer London - East and North East,2022,41200
TLI6,Outer London - South,2022,33975
TLI7,Outer London - West and North West,2022,69980
TLJ1,"Berkshire, Buckinghamshire and Oxfordshire",2022,111615
TLJ2,"Surrey, East and West Sussex",2022,97570
TLJ3,Hampshire and Isle of Wight,2022,66842
TLJ4,Kent,2022,50117
TLK3,Cornwall and Isles of Scilly,2022,13532
TLK4,Devon,2022,30709
TLK5,West of England,2022,38792
TLK6,"North Somerset, Somerset and Dorset",2022,40901
TLK7,Gloucestershire and Wiltshire,2022,46689
TLL3,North Wales,2022,17093
TLL4,Mid and South West Wales,2022,19480
TLL5,South East Wales,2022,38404
TLM0,Eastern Scotland,2022,23024
TLM1,East Central Scotland,2022,44558
TLM2,Highlands and Islands,2022,14165
TLM3,West Central Scotland,2022,46835
TLM5,North Eastern Scotland,2022,17027
TLM9,Southern Scotland,2022,21256
TLN0,Northern Ireland,2022,50701
TLC3,Tees Valley,2023,15470
TLC4,"Northumberland, Durham and Tyne & Wear",2023,48025
TLD1,Cumbria,2023,13870
TLD3,Greater Manchester,2023,92220
TLD4,Lancashire,2023,39573
TLD6,Cheshire,2023,38323
TLD7,Merseyside,2023,39873
TLE1,East Yorkshire and Northern Lincolnshire,2023,24733
TLE2,North Yorkshire,2023,26077
TLE3,South Yorkshire,2023,32364
TLE4,West Yorkshire,2023,67721
TLF1,Derbyshire and Nottinghamshire,2023,56621
TLF2,"Leicestershire, Rutland and Northamptonshire",2023,54280
TLF3,Lincolnshire,2023,17637
TLG1,"Herefordshire, Worcestershire and Warwickshire",2023,43617
TLG2,Shropshire and Staffordshire,2023,40241
TLG3,West Midlands,2023,76889
TLH2,Bedfordshire and Hertfordshire,2023,63718
TLH3,Essex,2023,50588
TLH4,Cambridgeshire and Peterborough,2023,31433
TLH5,Norfolk,2023,22474
TLH6,Suffolk,2023,21076
TLI3,Inner London - West,2023,255763
TLI4,Inner London - East,2023,132388
TLI5,Outer London - East and North East,2023,40388
TLI6,Outer London - South,2023,34028
TLI7,Outer London - West and North West,2023,68965
TLJ1,"Berkshire, Buckinghamshire and Oxfordshire",2023,111262
TLJ2,"Surrey, East and West Sussex",2023,97760
TLJ3,Hampshire and Isle of Wight,2023,66735
TLJ4,Kent,2023,50300
TLK3,Cornwall and Isles of Scilly,2023,13292
TLK4,Devon,2023,30450
TLK5,West of England,2023,39970
TLK6,"North Somerset, Somerset and Dorset",2023,41148
TLK7,Gloucestershire and Wiltshire,2023,46005
TLL3,North Wales,2023,17414
TLL4,Mid and South West Wales,2023,19298
TLL5,South East Wales,2023,38183
TLM0,Eastern Scotland,2023,22789
TLM1,East Central Scotland,2023,45330
TLM2,Highlands and Islands,2023,14214
TLM3,West Central Scotland,2023,47410
TLM5,North Eastern Scotland,2023,16993
TLM9,Southern Scotland,2023,21521
TLN0,Northern Ireland,2023,51465
