itl2_code,itl2_name,year,gva_real_gbp_m,population,gva_per_capita_gbp
TLC3,Tees Valley,1998,10293,652787.0,15767.777238210932
TLC4,"Northumberland, Durham and Tyne & Wear",1998,32204,1908096.0,16877.557523311196
TLD1,Cumbria,1998,10519,489033.0,21509.79586244691
TLD3,Greater Manchester,1998,50667,2521915.0,20090.68505480954
TLD4,Lancashire,1998,28047,1412688.0,19853.640718969793
TLD6,Cheshire,1998,22914,861767.0,26589.553788901176
TLD7,Merseyside,1998,26894,1506770.0,17848.775858292905
TLE1,East Yorkshire and Northern Lincolnshire,1998,17708,876664.0,20199.30098646688
TLE2,North Yorkshire,1998,18293,734384.0,24909.311749711324
TLE3,South Yorkshire,1998,22403,1273604.0,17590.23998040207
TLE4,West Yorkshire,1998,42446,2073051.0,20475.135440469145
TLF1,Derbyshire and Nottinghamshire,1998,41576,1974703.0,21054.30538161941
TLF2,"Leicestershire, Rutland and Northamptonshire",1998,35400,1531948.0,23107.83394736636
TLF3,Lincolnshire,1998,12722,625994.0,20322.878494043074
TLG1,"Herefordshire, Worcestershire and Warwickshire",1998,26607,1205431.0,22072.603077239593
TLG2,Shropshire and Staffordshire,1998,29646,1479300.0,20040.559724193874
TLG3,West Midlands,1998,57218,2586621.0,22120.751358625792
TLH2,Bedfordshire and Hertfordshire,1998,38496,1569592.0,24526.11888949485
TLH3,Essex,1998,34362,1586716.0,21656.0493497261
TLH4,Cambridgeshire and Peterborough,1998,18692,700823.0,26671.49908036694
TLH5,Norfolk,1998,14989,780863.0,19195.42864753484
TLH6,Suffolk,1998,13395,664034.0,20172.159859284315
TLI3,Inner London - West,1998,119170,933846.0,127612.04738254487
TLI4,Inner London - East,1998,62043,1765363.0,35144.61331748768
TLI5,Outer London - East and North East,1998,31147,1540391.0,20220.19084764842
TLI6,Outer London - South,1998,28334,1128731.0,25102.526642751905
TLI7,Outer London - West and North West,1998,49333,1697166.0,29067.869613225812
TLJ1,"Berkshire, Buckinghamshire and Oxfordshire",1998,57441,2067712.0,27779.980964467006
TLJ2,"Surrey, East and West Sussex",1998,67882,2512816.0,27014.313821624823
TLJ3,Hampshire and Isle of Wight,1998,43480,1756246.0,24757.351760516467
TLJ4,Kent,1998,35864,1552064.0,23107.294544554865
TLK3,Cornwall and Isles of Scilly,1998,8749,488031.0,17927.139874311262
TLK4,Devon,1998,21036,1055269.0,19934.253730565382
TLK5,West of England,1998,22054,793717.0,27785.722115061162
TLK6,"North Somerset, Somerset and Dorset",1998,30531,1356789.0,22502.39351881538
TLK7,Gloucestershire and Wiltshire,1998,30492,1155658.0,26384.968563363902
TLL3,North Wales,1998,12087,656936.0,18399.05257133115
TLL4,Mid and South West Wales,1998,15032,843596.0,17818.955993153122
TLL5,South East Wales,1998,25241,1398989.0,18042.314843075965
TLM0,Eastern Scotland,1998,16395,873680.0,18765.451881695815
TLM1,East Central Scotland,1998,25520,911800.0,27988.593989910067
TLM2,Highlands and Islands,1998,9676,594620.0,16272.577444418284
TLM3,West Central Scotland,1998,30774,1462670.0,21039.60565267627
TLM5,North Eastern Scotland,1998,12282,441870.0,27795.50546540838
TLM9,Southern Scotland,1998,17607,929900.0,18934.294010108613
TLN0,Northern Ireland,1998,34512,0.0,inf
TLC3,Tees Valley,1999,10744,651261.0,16497.226150498802
TLC4,"Northumberland, Durham and Tyne & Wear",1999,32355,1899053.0,17037.43918679468
TLD1,Cumbria,1999,10821,488145.0,22167.59364533079
TLD3,Greater Manchester,1999,52799,2515488.0,20989.565444160336
TLD4,Lancashire,1999,29173,1410858.0,20677.488450290533
TLD6,Cheshire,1999,23750,860850.0,27589.01086135796
TLD7,Merseyside,1999,28060,1497774.0,18734.46861809592
TLE1,East Yorkshire and Northern Lincolnshire,1999,17863,874966.0,20415.650436702683
TLE2,North Yorkshire,1999,18726,739157.0,25334.26592726579
TLE3,South Yorkshire,1999,22480,1269924.0,17701.846724685885
TLE4,West Yorkshire,1999,44638,2072278.0,21540.54620084757
TLF1,Derbyshire and Nottinghamshire,1999,42886,1977966.0,21681.86915245257
TLF2,"Leicestershire, Rutland and Northamptonshire",1999,36117,1541768.0,23425.7034780849
TLF3,Lincolnshire,1999,13049,632709.0,20624.01514756389
TLG1,"Herefordshire, Worcestershire and Warwickshire",1999,27979,1208941.0,23143.39574884134
TLG2,Shropshire and Staffordshire,1999,29901,1480814.0,20192.27262843274
TLG3,West Midlands,1999,59076,2582204.0,22878.13046529244
TLH2,Bedfordshire and Hertfordshire,1999,40358,1583397.0,25488.23826241934
TLH3,Essex,1999,34541,1597427.0,21622.897321755547
TLH4,Cambridgeshire and Peterborough,1999,19537,704102.0,27747.400234625096
TLH5,Norfolk,1999,15496,786454.0,19703.631744513983
TLH6,Suffolk,1999,14147,667342.0,21199.025387282683
TLI3,Inner London - West,1999,122485,958349.0,127808.34539400574
TLI4,Inner London - East,1999,64545,1792367.0,36011.04014970148
TLI5,Outer London - East and North East,1999,32190,1549708.0,20771.655047273423
TLI6,Outer London - South,1999,29557,1137408.0,25986.277571460723
TLI7,Outer London - West and North West,1999,51585,1716080.0,30059.787422497786
TLJ1,"Berkshire, Buckinghamshire and Oxfordshire",1999,60969,2083133.0,29267.934404572345
TLJ2,"Surrey, East and West Sussex",1999,71217,2542247.0,28013.407037160432
TLJ3,Hampshire and Isle of Wight,1999,43859,1766641.0,24826.20973927357
TLJ4,Kent,1999,36835,1563103.0,23565.305677233042
TLK3,Cornwall and Isles of Scilly,1999,8889,492588.0,18045.506589685498
TLK4,Devon,1999,21762,1060583.0,20518.90328243994
TLK5,West of England,1999,22849,799681.0,28572.643341532435
TLK6,"North Somerset, Somerset and Dorset",1999,31795,1362514.0,23335.540038487678
TLK7,Gloucestershire and Wiltshire,1999,31722,1165592.0,27215.35494409708
TLL3,North Wales,1999,12193,657902.0,18533.15539396445
TLL4,Mid and South West Wales,1999,15000,844110.0,17770.19582755802
TLL5,South East Wales,1999,26142,1398587.0,18691.72243128243
TLM0,Eastern Scotland,1999,16719,873450.0,19141.336081057874
TLM1,East Central Scotland,1999,25779,916260.0,28135.02717569249
TLM2,Highlands and Islands,1999,10034,593940.0,16893.96235309964
TLM3,West Central Scotland,1999,31216,1456410.0,21433.52490026847
TLM5,North Eastern Scotland,1999,12206,441870.0,27623.509176907235
TLM9,Southern Scotland,1999,18027,927180.0,19442.826635604735
TLN0,Northern Ireland,1999,35857,0.0,inf
TLC3,Tees Valley,2000,11151,651860.0,17106.433896849016
TLC4,"Northumberland, Durham and Tyne & Wear",2000,33080,1891561.0,17488.201543592833
TLD1,Cumbria,2000,10587,487602.0,21712.38017891641
TLD3,Greater Manchester,2000,54042,2516339.0,21476.438587964498
TLD4,Lancashire,2000,29700,1414141.0,21002.14900777221
TLD6,Cheshire,2000,24351,862976.0,28217.47070602195
TLD7,Merseyside,2000,28980,1493165.0,19408.437781490993
TLE1,East Yorkshire and Northern Lincolnshire,2000,18707,873900.0,21406.33939810047
TLE2,North Yorkshire,2000,19342,744717.0,25972.28208836377
TLE3,South Yorkshire,2000,23223,1266337.0,18338.720261668102
TLE4,West Yorkshire,2000,45658,2073655.0,22018.12741270848
TLF1,Derbyshire and Nottinghamshire,2000,43310,1978848.0,21886.471320687593
TLF2,"Leicestershire, Rutland and Northamptonshire",2000,37888,1549065.0,24458.625041557327
TLF3,Lincolnshire,2000,13529,640163.0,21133.68001587096
TLG1,"Herefordshire, Worcestershire and Warwickshire",2000,29184,1214415.0,24031.323723768233
TLG2,Shropshire and Staffordshire,2000,30471,1483811.0,20535.6342553061
TLG3,West Midlands,2000,60474,2571400.0,23517.92797697752
TLH2,Bedfordshire and Hertfordshire,2000,42913,1593458.0,26930.738055223293
TLH3,Essex,2000,36370,1607515.0,22624.983281649005
TLH4,Cambridgeshire and Peterborough,2000,20445,707984.0,28877.771249067777
TLH5,Norfolk,2000,16359,793509.0,20616.023258715402
TLH6,Suffolk,2000,14980,672506.0,22274.89420168742
TLI3,Inner London - West,2000,133518,986415.0,135356.8224327489
TLI4,Inner London - East,2000,71074,1818534.0,39083.129597796906
TLI5,Outer London - East and North East,2000,32979,1558421.0,21161.804159466537
TLI6,Outer London - South,2000,30601,1145567.0,26712.536237513825
TLI7,Outer London - West and North West,2000,54680,1727775.0,31647.639304886343
TLJ1,"Berkshire, Buckinghamshire and Oxfordshire",2000,66135,2094772.0,31571.45503186027
TLJ2,"Surrey, East and West Sussex",2000,74089,2549741.0,29057.46113036579
TLJ3,Hampshire and Isle of Wight,2000,46189,1772932.0,26052.32462384344
TLJ4,Kent,2000,37144,1573153.0,23611.180857805946
TLK3,Cornwall and Isles of Scilly,2000,9207,497473.0,18507.537092465318
TLK4,Devon,2000,22039,1071082.0,20576.389109330565
TLK5,West of England,2000,24129,803726.0,30021.425212074762
TLK6,"North Somerset, Somerset and Dorset",2000,32892,1372347.0,23967.699131487883
TLK7,Gloucestershire and Wiltshire,2000,33035,1172446.0,28176.137749627702
TLL3,North Wales,2000,12699,661356.0,19201.45882096783
TLL4,Mid and South West Wales,2000,15530,845797.0,18361.37985828751
TLL5,South East Wales,2000,27426,1399717.0,19593.960779214656
TLM0,Eastern Scotland,2000,17295,873100.0,19808.72752262055
TLM1,East Central Scotland,2000,27421,921150.0,29768.224501981218
TLM2,Highlands and Islands,2000,10104,591520.0,17081.417365431433
TLM3,West Central Scotland,2000,32305,1448340.0,22304.84554731624
TLM5,North Eastern Scotland,2000,12334,440360.0,28008.901807611954
TLM9,Southern Scotland,2000,18518,924830.0,20023.139387779374
TLN0,Northern Ireland,2000,38268,0.0,inf
TLC3,Tees Valley,2001,11346,652233.0,17395.623956469542
TLC4,"Northumberland, Durham and Tyne & Wear",2001,34697,1887857.0,18379.04036163756
TLD1,Cumbria,2001,10410,487795.0,21340.932153876118
TLD3,Greater Manchester,2001,56032,2516096.0,22269.420562649437
TLD4,Lancashire,2001,30326,1417265.0,21397.550916730463
TLD6,Cheshire,2001,27065,865460.0,31272.38693873778
TLD7,Merseyside,2001,30004,1486369.0,20186.104527206906
TLE1,East Yorkshire and Northern Lincolnshire,2001,19316,875682.0,22058.23575224796
TLE2,North Yorkshire,2001,20151,751385.0,26818.475215768216
TLE3,South Yorkshire,2001,24486,1266475.0,19333.97816774907
TLE4,West Yorkshire,2001,47062,2083101.0,22592.279491008838
TLF1,Derbyshire and Nottinghamshire,2001,44448,1983362.0,22410.432387027682
TLF2,"Leicestershire, Rutland and Northamptonshire",2001,38555,1558620.0,24736.625989657517
TLF3,Lincolnshire,2001,14191,647640.0,21911.864616144772
TLG1,"Herefordshire, Worcestershire and Warwickshire",2001,29130,1223311.0,23812.423823541194
TLG2,Shropshire and Staffordshire,2001,31192,1489401.0,20942.647413288967
TLG3,West Midlands,2001,63232,2568015.0,24622.909134097736
TLH2,Bedfordshire and Hertfordshire,2001,43892,1603531.0,27372.093211793224
TLH3,Essex,2001,38087,1616258.0,23564.925896731835
TLH4,Cambridgeshire and Peterborough,2001,21126,712143.0,29665.390237634856
TLH5,Norfolk,2001,16750,798618.0,20973.73212224117
TLH6,Suffolk,2001,15336,669913.0,22892.52485024175
TLI3,Inner London - West,2001,135509,1016570.0,133300.2154303196
TLI4,Inner London - East,2001,73650,1842805.0,39966.24710699179
TLI5,Outer London - East and North East,2001,33521,1567762.0,21381.43417176842
TLI6,Outer London - South,2001,30866,1152942.0,26771.51148973669
TLI7,Outer London - West and North West,2001,53951,1742324.0,30964.964036539703
TLJ1,"Berkshire, Buckinghamshire and Oxfordshire",2001,67375,2102395.0,32046.78473835792
TLJ2,"Surrey, East and West Sussex",2001,74661,2558218.0,29184.76845992015
TLJ3,Hampshire and Isle of Wight,2001,47486,1781938.0,26648.51414583448
TLJ4,Kent,2001,37876,1580898.0,23958.534959244684
TLK3,Cornwall and Isles of Scilly,2001,9495,502077.0,18911.441870470066
TLK4,Devon,2001,22698,1076487.0,21085.252306809092
TLK5,West of England,2001,25559,805192.0,31742.73961986706
TLK6,"North Somerset, Somerset and Dorset",2001,32993,1380972.0,23891.14333961876
TLK7,Gloucestershire and Wiltshire,2001,35072,1178636.0,29756.430314363384
TLL3,North Wales,2001,13137,664563.0,19767.877537569802
TLL4,Mid and South West Wales,2001,15826,846368.0,18698.72206888729
TLL5,South East Wales,2001,28123,1399301.0,20097.891733086733
TLM0,Eastern Scotland,2001,17821,872820.0,20417.726449898033
TLM1,East Central Scotland,2001,28479,924450.0,30806.425442154796
TLM2,Highlands and Islands,2001,10356,590670.0,17532.632434354207
TLM3,West Central Scotland,2001,33719,1447870.0,23288.693045646363
TLM5,North Eastern Scotland,2001,13022,438850.0,29673.009000797538
TLM9,Southern Scotland,2001,19138,925360.0,20681.68064320913
TLN0,Northern Ireland,2001,39147,1688838.0,23179.843182116936
TLC3,Tees Valley,2002,11757,652017.0,18031.738436267766
TLC4,"Northumberland, Durham and Tyne & Wear",2002,36347,1888583.0,19245.64607433192
TLD1,Cumbria,2002,10742,488681.0,21981.619911557846
TLD3,Greater Manchester,2002,57273,2523214.0,22698.431444974543
TLD4,Lancashire,2002,31034,1420076.0,21853.759939608866
TLD6,Cheshire,2002,27537,867620.0,31738.549134413683
TLD7,Merseyside,2002,30818,1485289.0,20748.823966244952
TLE1,East Yorkshire and Northern Lincolnshire,2002,20077,880339.0,22805.98723900679
TLE2,North Yorkshire,2002,21442,755274.0,28389.696984140854
TLE3,South Yorkshire,2002,25159,1271309.0,19789.8386623551
TLE4,West Yorkshire,2002,47817,2093189.0,22844.09100181589
TLF1,Derbyshire and Nottinghamshire,2002,45059,1994738.0,22588.931478720515
TLF2,"Leicestershire, Rutland and Northamptonshire",2002,38700,1571435.0,24627.17197975099
TLF3,Lincolnshire,2002,14579,655580.0,22238.32331675768
TLG1,"Herefordshire, Worcestershire and Warwickshire",2002,29229,1230423.0,23755.24514740053
TLG2,Shropshire and Staffordshire,2002,32106,1494456.0,21483.40265621738
TLG3,West Midlands,2002,63185,2576364.0,24524.8730381266
TLH2,Bedfordshire and Hertfordshire,2002,44224,1611904.0,27435.877074565236
TLH3,Essex,2002,38073,1625032.0,23429.07708894348
TLH4,Cambridgeshire and Peterborough,2002,21556,717710.0,30034.415014420865
TLH5,Norfolk,2002,17094,803463.0,21275.40409452582
TLH6,Suffolk,2002,15606,674579.0,23134.429029068502
TLI3,Inner London - West,2002,138224,1030085.0,134186.98456923457
TLI4,Inner London - East,2002,75334,1860838.0,40483.911012135395
TLI5,Outer London - East and North East,2002,33804,1580804.0,21384.055202289466
TLI6,Outer London - South,2002,31046,1153551.0,26913.41778560289
TLI7,Outer London - West and North West,2002,54263,1751393.0,30982.76628946216
TLJ1,"Berkshire, Buckinghamshire and Oxfordshire",2002,69576,2104641.0,33058.369574668555
TLJ2,"Surrey, East and West Sussex",2002,75163,2563405.0,29321.54692684145
TLJ3,Hampshire and Isle of Wight,2002,48729,1787916.0,27254.636123844746
TLJ4,Kent,2002,38317,1589230.0,24110.418252864594
TLK3,Cornwall and Isles of Scilly,2002,9912,506814.0,19557.470788099778
TLK4,Devon,2002,23106,1083011.0,21334.963356789543
TLK5,West of England,2002,26120,807309.0,32354.40209386988
TLK6,"North Somerset, Somerset and Dorset",2002,33094,1392054.0,23773.50303939359
TLK7,Gloucestershire and Wiltshire,2002,35336,1186941.0,29770.645718700423
TLL3,North Wales,2002,13349,666867.0,20017.484745833877
TLL4,Mid and South West Wales,2002,15964,851105.0,18756.792640156033
TLL5,South East Wales,2002,28769,1404904.0,20477.555761817177
TLM0,Eastern Scotland,2002,18169,873820.0,20792.611750703807
TLM1,East Central Scotland,2002,29652,925730.0,32030.937746427146
TLM2,Highlands and Islands,2002,10250,592040.0,17313.019390581718
TLM3,West Central Scotland,2002,33728,1445320.0,23336.008634766004
TLM5,North Eastern Scotland,2002,13279,439510.0,30213.191963777845
TLM9,Southern Scotland,2002,19105,925470.0,20643.564891352504
TLN0,Northern Ireland,2002,39405,1697534.0,23213.08439182956
TLC3,Tees Valley,2003,12458,652359.0,19096.84698149332
TLC4,"Northumberland, Durham and Tyne & Wear",2003,37440,1888102.0,19829.43718083027
TLD1,Cumbria,2003,11255,491329.0,22907.257662381013
TLD3,Greater Manchester,2003,58504,2538555.0,23046.181784519147
TLD4,Lancashire,2003,32884,1427668.0,23033.36630084866
TLD6,Cheshire,2003,27404,871894.0,31430.42617565897
TLD7,Merseyside,2003,32373,1485214.0,21796.858903834735
TLE1,East Yorkshire and Northern Lincolnshire,2003,20961,887042.0,23630.22269520496
TLE2,North Yorkshire,2003,22171,760090.0,29168.914207528054
TLE3,South Yorkshire,2003,26070,1276501.0,20423.015728150625
TLE4,West Yorkshire,2003,50040,2102681.0,23798.18907385381
TLF1,Derbyshire and Nottinghamshire,2003,45852,2007042.0,22845.560780491887
TLF2,"Leicestershire, Rutland and Northamptonshire",2003,40327,1584841.0,25445.4547806373
TLF3,Lincolnshire,2003,15010,663197.0,22632.792367878625
TLG1,"Herefordshire, Worcestershire and Warwickshire",2003,30184,1237975.0,24381.752458652234
TLG2,Shropshire and Staffordshire,2003,32854,1502020.0,21873.210742866275
TLG3,West Midlands,2003,64435,2585480.0,24921.871373980848
TLH2,Bedfordshire and Hertfordshire,2003,45799,1619584.0,28278.249229431756
TLH3,Essex,2003,40584,1633493.0,24844.918221259595
TLH4,Cambridgeshire and Peterborough,2003,21985,729521.0,30136.21266557097
TLH5,Norfolk,2003,17558,810127.0,21673.14507478457
TLH6,Suffolk,2003,15994,681408.0,23471.987414295105
TLI3,Inner London - West,2003,144061,1035984.0,139057.1669060526
TLI4,Inner London - East,2003,78627,1862579.0,42214.04837056576
TLI5,Outer London - East and North East,2003,35138,1589139.0,22111.344570865105
TLI6,Outer London - South,2003,32241,1153420.0,27952.523798789687
TLI7,Outer London - West and North West,2003,56314,1753695.0,32111.627164358684
TLJ1,"Berkshire, Buckinghamshire and Oxfordshire",2003,72906,2115498.0,34462.807338981176
TLJ2,"Surrey, East and West Sussex",2003,75810,2574651.0,29444.76746557106
TLJ3,Hampshire and Isle of Wight,2003,49224,1797570.0,27383.634573340678
TLJ4,Kent,2003,39232,1600205.0,24516.858777469137
TLK3,Cornwall and Isles of Scilly,2003,10363,510734.0,20290.405573155498
TLK4,Devon,2003,23648,1088683.0,21721.658187002093
TLK5,West of England,2003,26774,810991.0,33013.929870985005
TLK6,"North Somerset, Somerset and Dorset",2003,33539,1399963.0,23957.06172234552
TLK7,Gloucestershire and Wiltshire,2003,36070,1196282.0,30151.75351631137
TLL3,North Wales,2003,13906,669372.0,20774.696282485675
TLL4,Mid and South West Wales,2003,16354,857739.0,19066.405981306667
TLL5,South East Wales,2003,29951,1410610.0,21232.65821169565
TLM0,Eastern Scotland,2003,18852,875330.0,21537.02032376361
TLM1,East Central Scotland,2003,30914,925710.0,33394.907692473884
TLM2,Highlands and Islands,2003,10878,595630.0,18263.01563050887
TLM3,West Central Scotland,2003,34692,1440170.0,24088.82284730275
TLM5,North Eastern Scotland,2003,13165,440530.0,29884.45735818219
TLM9,Southern Scotland,2003,19593,927440.0,21125.89493659967
TLN0,Northern Ireland,2003,41164,1704924.0,24144.18472612269
TLC3,Tees Valley,2004,13045,652441.0,19994.145064457934
TLC4,"Northumberland, Durham and Tyne & Wear",2004,39802,1888061.0,21080.886687453425
TLD1,Cumbria,2004,11409,494918.0,23052.303613932007
TLD3,Greater Manchester,2004,60268,2549752.0,23636.80859942457
TLD4,Lancashire,2004,34324,1434024.0,23935.44320039274
TLD6,Cheshire,2004,28825,874687.0,32954.64549032968
TLD7,Merseyside,2004,33141,1486988.0,22287.335203781066
TLE1,East Yorkshire and Northern Lincolnshire,2004,21491,894919.0,24014.46387885384
TLE2,North Yorkshire,2004,22527,766602.0,29385.522083167016
TLE3,South Yorkshire,2004,26849,1283439.0,20919.57623229464
TLE4,West Yorkshire,2004,51833,2118239.0,24469.85444041017
TLF1,Derbyshire and Nottinghamshire,2004,47795,2020561.0,23654.321745297468
TLF2,"Leicestershire, Rutland and Northamptonshire",2004,41557,1598500.0,25997.497654050672
TLF3,Lincolnshire,2004,14595,672415.0,21705.3456570719
TLG1,"Herefordshire, Worcestershire and Warwickshire",2004,30679,1243330.0,24674.86508006724
TLG2,Shropshire and Staffordshire,2004,34069,1509054.0,22576.395543168102
TLG3,West Midlands,2004,65313,2593992.0,25178.566472063136
TLH2,Bedfordshire and Hertfordshire,2004,46473,1622681.0,28639.640200384427
TLH3,Essex,2004,40517,1643176.0,24657.735994196606
TLH4,Cambridgeshire and Peterborough,2004,22315,737930.0,30239.995663545324
TLH5,Norfolk,2004,17695,815690.0,21693.29034314507
TLH6,Suffolk,2004,16221,689087.0,23539.843299902626
TLI3,Inner London - West,2004,148178,1045466.0,141733.9253500353
TLI4,Inner London - East,2004,81590,1870446.0,43620.61241008829
TLI5,Outer London - East and North East,2004,35881,1595479.0,22489.170963704317
TLI6,Outer London - South,2004,32775,1155498.0,28364.393534216415
TLI7,Outer London - West and North West,2004,57683,1765841.0,32666.021459463223
TLJ1,"Berkshire, Buckinghamshire and Oxfordshire",2004,73175,2125892.0,34420.84546157566
TLJ2,"Surrey, East and West Sussex",2004,75372,2585983.0,29146.363297825235
TLJ3,Hampshire and Isle of Wight,2004,50825,1808382.0,28105.234402908234
TLJ4,Kent,2004,40158,1612843.0,24898.889724542314
TLK3,Cornwall and Isles of Scilly,2004,10431,514020.0,20292.984708766195
TLK4,Devon,2004,24931,1094801.0,22772.17503454966
TLK5,West of England,2004,27307,817554.0,33400.85180917713
TLK6,"North Somerset, Somerset and Dorset",2004,34148,1407246.0,24265.83553977059
TLK7,Gloucestershire and Wiltshire,2004,36350,1204663.0,30174.413923229982
TLL3,North Wales,2004,14375,672442.0,21377.308377525496
TLL4,Mid and South West Wales,2004,17048,864578.0,19718.29031041734
TLL5,South East Wales,2004,30492,1420402.0,21467.162113260893
TLM0,Eastern Scotland,2004,19195,878820.0,21841.78785189231
TLM1,East Central Scotland,2004,31964,930110.0,34365.827697799185
TLM2,Highlands and Islands,2004,11432,599590.0,19066.36201404293
TLM3,West Central Scotland,2004,35997,1437410.0,25042.95921135932
TLM5,North Eastern Scotland,2004,13718,442510.0,31000.429368827823
TLM9,Southern Scotland,2004,19975,932360.0,21424.128019220043
TLN0,Northern Ireland,2004,42113,1714042.0,24569.40961773399
TLC3,Tees Valley,2005,13037,653788.0,19940.714727098082
TLC4,"Northumberland, Durham and Tyne & Wear",2005,40512,1893339.0,21397.119057918313
TLD1,Cumbria,2005,11661,497040.0,23460.888459681315
TLD3,Greater Manchester,2005,62700,2564055.0,24453.453611564495
TLD4,Lancashire,2005,34620,1440141.0,24039.31281728664
TLD6,Cheshire,2005,29841,879968.0,33911.460416742426
TLD7,Merseyside,2005,33512,1488817.0,22509.14652371648
TLE1,East Yorkshire and Northern Lincolnshire,2005,21411,900831.0,23768.054163322533
TLE2,North Yorkshire,2005,22542,772215.0,29191.35214933665
TLE3,South Yorkshire,2005,26984,1293188.0,20866.262291329644
TLE4,West Yorkshire,2005,53763,2142174.0,25097.401051455203
TLF1,Derbyshire and Nottinghamshire,2005,49669,2034828.0,24409.434114333006
TLF2,"Leicestershire, Rutland and Northamptonshire",2005,41952,1616960.0,25944.983178309914
TLF3,Lincolnshire,2005,14785,677324.0,21828.54881858608
TLG1,"Herefordshire, Worcestershire and Warwickshire",2005,31026,1251572.0,24789.624568143103
TLG2,Shropshire and Staffordshire,2005,34496,1517252.0,22735.840849114054
TLG3,West Midlands,2005,66219,2611863.0,25353.16745173847
TLH2,Bedfordshire and Hertfordshire,2005,48730,1634684.0,29810.042797262344
TLH3,Essex,2005,41013,1656371.0,24760.757100915194
TLH4,Cambridgeshire and Peterborough,2005,23498,750871.0,31294.323525612257
TLH5,Norfolk,2005,18127,822890.0,22028.460669105225
TLH6,Suffolk,2005,16900,697837.0,24217.68980435259
TLI3,Inner London - West,2005,160104,1066247.0,150156.57722835327
TLI4,Inner London - East,2005,87295,1890801.0,46168.26413779134
TLI5,Outer London - East and North East,2005,36688,1609236.0,22798.396257602988
TLI6,Outer London - South,2005,33715,1163648.0,28973.538389616104
TLI7,Outer London - West and North West,2005,59732,1789077.0,33387.048181827835
TLJ1,"Berkshire, Buckinghamshire and Oxfordshire",2005,76094,2148393.0,35419.03180656426
TLJ2,"Surrey, East and West Sussex",2005,77242,2603961.0,29663.270686465734
TLJ3,Hampshire and Isle of Wight,2005,52452,1823227.0,28768.770975857642
TLJ4,Kent,2005,41441,1627315.0,25465.874769174992
TLK3,Cornwall and Isles of Scilly,2005,10736,517308.0,20753.593603810496
TLK4,Devon,2005,25159,1105314.0,22761.857716449806
TLK5,West of England,2005,27643,829859.0,33310.47804506549
TLK6,"North Somerset, Somerset and Dorset",2005,34967,1418378.0,24652.807643660577
TLK7,Gloucestershire and Wiltshire,2005,37054,1215262.0,30490.54442581106
TLL3,North Wales,2005,14531,673227.0,21584.10164773546
TLL4,Mid and South West Wales,2005,16961,868145.0,19537.058901450793
TLL5,South East Wales,2005,31145,1427937.0,21811.186347857085
TLM0,Eastern Scotland,2005,19559,885130.0,22097.31903788144
TLM1,East Central Scotland,2005,33121,937390.0,35333.212430258485
TLM2,Highlands and Islands,2005,11843,604440.0,19593.342598107338
TLM3,West Central Scotland,2005,37620,1437950.0,26162.244862477834
TLM5,North Eastern Scotland,2005,14176,446260.0,31766.234930309685
TLM9,Southern Scotland,2005,20659,935720.0,22078.18578207156
TLN0,Northern Ireland,2005,43497,1727733.0,25175.76500535673
TLC3,Tees Valley,2006,13517,655350.0,20625.619897764554
TLC4,"Northumberland, Durham and Tyne & Wear",2006,41773,1897218.0,22018.02850278671
TLD1,Cumbria,2006,12378,498813.0,24814.91059775908
TLD3,Greater Manchester,2006,64617,2582260.0,25023.429089247402
TLD4,Lancashire,2006,34853,1445983.0,24103.326249340415
TLD6,Cheshire,2006,31532,885010.0,35628.97594377465
TLD7,Merseyside,2006,35058,1489519.0,23536.457071041055
TLE1,East Yorkshire and Northern Lincolnshire,2006,22496,903857.0,24888.89282264783
TLE2,North Yorkshire,2006,22642,776276.0,29167.461057665056
TLE3,South Yorkshire,2006,27802,1299676.0,21391.485262480805
TLE4,West Yorkshire,2006,54783,2154207.0,25430.70373459932
TLF1,Derbyshire and Nottinghamshire,2006,50371,2045045.0,24630.753846492375
TLF2,"Leicestershire, Rutland and Northamptonshire",2006,44554,1636217.0,27229.88454465392
TLF3,Lincolnshire,2006,15506,685414.0,22622.8235781586
TLG1,"Herefordshire, Worcestershire and Warwickshire",2006,32330,1261862.0,25620.86820904346
TLG2,Shropshire and Staffordshire,2006,35172,1527631.0,23023.88469466776
TLG3,West Midlands,2006,66411,2626028.0,25289.52471184618
TLH2,Bedfordshire and Hertfordshire,2006,49369,1647211.0,29971.26658333389
TLH3,Essex,2006,41837,1668283.0,25077.87947248758
TLH4,Cambridgeshire and Peterborough,2006,24450,758777.0,32222.906071217236
TLH5,Norfolk,2006,18952,829062.0,22859.569006901776
TLH6,Suffolk,2006,17443,702961.0,24813.609858868414
TLI3,Inner London - West,2006,164673,1068573.0,154105.5220373339
TLI4,Inner London - East,2006,90455,1921097.0,47085.0769117853
TLI5,Outer London - East and North East,2006,38185,1626375.0,23478.59503497041
TLI6,Outer London - South,2006,34423,1170481.0,29409.2770408063
TLI7,Outer London - West and North West,2006,63609,1811299.0,35117.89053049772
TLJ1,"Berkshire, Buckinghamshire and Oxfordshire",2006,78268,2167530.0,36109.30413881238
TLJ2,"Surrey, East and West Sussex",2006,79812,2627332.0,30377.584561068034
TLJ3,Hampshire and Isle of Wight,2006,53029,1832887.0,28931.952706304317
TLJ4,Kent,2006,41373,1643112.0,25179.659085929627
TLK3,Cornwall and Isles of Scilly,2006,11143,520248.0,21418.6311143916
TLK4,Devon,2006,25969,1110627.0,23382.287662734652
TLK5,West of England,2006,27993,834890.0,33528.96788798524
TLK6,"North Somerset, Somerset and Dorset",2006,35645,1427987.0,24961.711836312235
TLK7,Gloucestershire and Wiltshire,2006,37238,1226088.0,30371.392591722615
TLL3,North Wales,2006,15122,675881.0,22373.761061488636
TLL4,Mid and South West Wales,2006,17334,873277.0,19849.371963306032
TLL5,South East Wales,2006,32150,1436510.0,22380.630834452946
TLM0,Eastern Scotland,2006,20466,890130.0,22992.147214451823
TLM1,East Central Scotland,2006,33401,944080.0,35379.41699855944
TLM2,Highlands and Islands,2006,11992,608820.0,19697.119017115074
TLM3,West Central Scotland,2006,38356,1437540.0,26681.69233551762
TLM5,North Eastern Scotland,2006,15971,450810.0,35427.34189569885
TLM9,Southern Scotland,2006,21400,938410.0,22804.5310685095
TLN0,Northern Ireland,2006,44772,1743113.0,25685.081804794067
TLC3,Tees Valley,2007,13484,656668.0,20533.968458947293
TLC4,"Northumberland, Durham and Tyne & Wear",2007,41588,1905377.0,21826.65162852286
TLD1,Cumbria,2007,12247,500779.0,24455.89771136569
TLD3,Greater Manchester,2007,66892,2598619.0,25741.36493268155
TLD4,Lancashire,2007,35387,1449418.0,24414.627112399598
TLD6,Cheshire,2007,32208,890926.0,36151.15060061105
TLD7,Merseyside,2007,34589,1489535.0,23221.34088826379
TLE1,East Yorkshire and Northern Lincolnshire,2007,22532,908016.0,24814.54071293898
TLE2,North Yorkshire,2007,23107,781017.0,29585.783664119986
TLE3,South Yorkshire,2007,28852,1306289.0,22086.996062892667
TLE4,West Yorkshire,2007,57162,2168816.0,26356.316072917205
TLF1,Derbyshire and Nottinghamshire,2007,50447,2056005.0,24536.418928942294
TLF2,"Leicestershire, Rutland and Northamptonshire",2007,45355,1655030.0,27404.337081503054
TLF3,Lincolnshire,2007,15579,693739.0,22456.572284389375
TLG1,"Herefordshire, Worcestershire and Warwickshire",2007,31544,1272346.0,24791.99840295014
TLG2,Shropshire and Staffordshire,2007,34825,1537820.0,22645.693254086953
TLG3,West Midlands,2007,67621,2641758.0,25596.969896561306
TLH2,Bedfordshire and Hertfordshire,2007,50485,1662606.0,30364.98124029385
TLH3,Essex,2007,42188,1680058.0,25111.037833217662
TLH4,Cambridgeshire and Peterborough,2007,25269,766781.0,32954.650676007885
TLH5,Norfolk,2007,18916,834945.0,22655.384486403294
TLH6,Suffolk,2007,17649,709144.0,24887.751993953272
TLI3,Inner London - West,2007,181353,1070541.0,169403.13355583764
TLI4,Inner London - East,2007,98334,1960223.0,50164.70064885475
TLI5,Outer London - East and North East,2007,38855,1647144.0,23589.31580966813
TLI6,Outer London - South,2007,35806,1179573.0,30355.052209570753
TLI7,Outer London - West and North West,2007,65701,1835992.0,35785.01431378786
TLJ1,"Berkshire, Buckinghamshire and Oxfordshire",2007,80421,2189942.0,36722.89037791869
TLJ2,"Surrey, East and West Sussex",2007,81985,2653974.0,30891.41039060669
TLJ3,Hampshire and Isle of Wight,2007,54983,1843860.0,29819.509073356978
TLJ4,Kent,2007,41540,1663615.0,24969.719556507967
TLK3,Cornwall and Isles of Scilly,2007,10887,524250.0,20766.809728183118
TLK4,Devon,2007,25375,1119735.0,22661.611899244017
TLK5,West of England,2007,29414,841176.0,34967.711870048595
TLK6,"North Somerset, Somerset and Dorset",2007,35445,1444179.0,24543.356467584697
TLK7,Gloucestershire and Wiltshire,2007,39213,1241197.0,31592.889766894375
TLL3,North Wales,2007,14906,679485.0,21937.2024400833
TLL4,Mid and South West Wales,2007,17310,879679.0,19677.63240909468
TLL5,South East Wales,2007,32974,1447135.0,22785.711077404667
TLM0,Eastern Scotland,2007,20757,896150.0,23162.41700608157
TLM1,East Central Scotland,2007,35582,953770.0,37306.688195267205
TLM2,Highlands and Islands,2007,11914,613790.0,19410.547581420356
TLM3,West Central Scotland,2007,38555,1443160.0,26715.679481138613
TLM5,North Eastern Scotland,2007,17204,456860.0,37657.050299873044
TLM9,Southern Scotland,2007,20794,943690.0,22034.778370015578
TLN0,Northern Ireland,2007,44531,1761683.0,25277.53290461451
TLC3,Tees Valley,2008,13419,658509.0,20377.85360564548
TLC4,"Northumberland, Durham and Tyne & Wear",2008,41014,1910803.0,21464.274443780967
TLD1,Cumbria,2008,12586,500916.0,25125.969224380933
TLD3,Greater Manchester,2008,65935,2620007.0,25165.963297044626
TLD4,Lancashire,2008,34700,1451175.0,23911.657794545798
TLD6,Cheshire,2008,31071,894700.0,34727.84173465966
TLD7,Merseyside,2008,34992,1491749.0,23457.02929916494
TLE1,East Yorkshire and Northern Lincolnshire,2008,22537,912437.0,24699.787492177544
TLE2,North Yorkshire,2008,22631,785747.0,28801.891703054545
TLE3,South Yorkshire,2008,27435,1315448.0,20856.012552377593
TLE4,West Yorkshire,2008,55598,2185043.0,25444.80817997632
TLF1,Derbyshire and Nottinghamshire,2008,50096,2069957.0,24201.468919402672
TLF2,"Leicestershire, Rutland and Northamptonshire",2008,45492,1670388.0,27234.391051659855
TLF3,Lincolnshire,2008,15926,700780.0,22726.105197066125
TLG1,"Herefordshire, Worcestershire and Warwickshire",2008,31853,1281965.0,24847.012203921324
TLG2,Shropshire and Staffordshire,2008,35382,1548213.0,22853.444584175435
TLG3,West Midlands,2008,66458,2666062.0,24927.40228846891
TLH2,Bedfordshire and Hertfordshire,2008,51488,1680717.0,30634.54466159383
TLH3,Essex,2008,42038,1694955.0,24801.838396889594
TLH4,Cambridgeshire and Peterborough,2008,25206,776835.0,32447.04473923034
TLH5,Norfolk,2008,19149,841495.0,22755.92843688911
TLH6,Suffolk,2008,17614,714348.0,24657.449870371303
TLI3,Inner London - West,2008,183300,1070347.0,171252.87406794247
TLI4,Inner London - East,2008,101074,2008567.0,50321.448077161476
TLI5,Outer London - East and North East,2008,37964,1675638.0,22656.44488845443
TLI6,Outer London - South,2008,34792,1192022.0,29187.380769818006
TLI7,Outer London - West and North West,2008,64073,1865587.0,34344.68614972124
TLJ1,"Berkshire, Buckinghamshire and Oxfordshire",2008,82002,2211708.0,37076.32291423642
TLJ2,"Surrey, East and West Sussex",2008,83609,2676436.0,31238.93117563805
TLJ3,Hampshire and Isle of Wight,2008,55984,1856723.0,30152.047451343038
TLJ4,Kent,2008,42763,1681532.0,25430.976038517256
TLK3,Cornwall and Isles of Scilly,2008,10987,527306.0,20836.09896341024
TLK4,Devon,2008,25219,1124479.0,22427.27520923023
TLK5,West of England,2008,30027,846357.0,35477.936615399885
TLK6,"North Somerset, Somerset and Dorset",2008,35810,1453764.0,24632.60886911493
TLK7,Gloucestershire and Wiltshire,2008,39573,1253138.0,31579.12376769358
TLL3,North Wales,2008,14565,682644.0,21336.157645859334
TLL4,Mid and South West Wales,2008,16866,885107.0,19055.32325470254
TLL5,South East Wales,2008,32064,1458116.0,21990.019998408905
TLM0,Eastern Scotland,2008,20604,901680.0,22850.678733031673
TLM1,East Central Scotland,2008,35497,962230.0,36890.34846138657
TLM2,Highlands and Islands,2008,12252,618130.0,19821.073237021337
TLM3,West Central Scotland,2008,39267,1450120.0,27078.44868010923
TLM5,North Eastern Scotland,2008,18220,460850.0,39535.64066399045
TLM9,Southern Scotland,2008,21073,947800.0,22233.593585144547
TLN0,Northern Ireland,2008,43255,1779152.0,24312.14421252372
TLC3,Tees Valley,2009,13184,659003.0,20005.978728473165
TLC4,"Northumberland, Durham and Tyne & Wear",2009,39340,1916438.0,20527.66643116031
TLD1,Cumbria,2009,11902,500786.0,23766.638843737644
TLD3,Greater Manchester,2009,64623,2639833.0,24479.957633683647
TLD4,Lancashire,2009,32199,1452916.0,22161.639076175084
TLD6,Cheshire,2009,29679,897196.0,33079.72839825412
TLD7,Merseyside,2009,34559,1495425.0,23109.818279084542
TLE1,East Yorkshire and Northern Lincolnshire,2009,21460,913088.0,23502.663489170813
TLE2,North Yorkshire,2009,21393,788794.0,27121.149501644282
TLE3,South Yorkshire,2009,26176,1323855.0,19772.558172911686
TLE4,West Yorkshire,2009,53317,2197607.0,24261.389775332897
TLF1,Derbyshire and Nottinghamshire,2009,47372,2083210.0,22739.906202447186
TLF2,"Leicestershire, Rutland and Northamptonshire",2009,43026,1682844.0,25567.432275362422
TLF3,Lincolnshire,2009,15062,705599.0,21346.40213492366
TLG1,"Herefordshire, Worcestershire and Warwickshire",2009,30256,1286794.0,23512.699002326714
TLG2,Shropshire and Staffordshire,2009,33050,1554097.0,21266.36883025963
TLG3,West Midlands,2009,62335,2687116.0,23197.733183085507
TLH2,Bedfordshire and Hertfordshire,2009,48105,1697185.0,28343.993141584448
TLH3,Essex,2009,40131,1704519.0,23543.885401101426
TLH4,Cambridgeshire and Peterborough,2009,23989,785201.0,30551.412950314632
TLH5,Norfolk,2009,19055,846355.0,22514.19321679437
TLH6,Suffolk,2009,16943,718183.0,23591.480165918714
TLI3,Inner London - West,2009,173798,1078732.0,161113.23294386372
TLI4,Inner London - East,2009,96993,2055661.0,47183.363404763724
TLI5,Outer London - East and North East,2009,34824,1704071.0,20435.768227967026
TLI6,Outer London - South,2009,32186,1203297.0,26748.176052961157
TLI7,Outer London - West and North West,2009,59789,1900833.0,31454.104595195895
TLJ1,"Berkshire, Buckinghamshire and Oxfordshire",2009,79563,2230698.0,35667.311307940385
TLJ2,"Surrey, East and West Sussex",2009,80323,2695658.0,29797.177535132425
TLJ3,Hampshire and Isle of Wight,2009,54435,1869067.0,29124.156597917572
TLJ4,Kent,2009,39935,1695499.0,23553.537926002904
TLK3,Cornwall and Isles of Scilly,2009,10398,528616.0,19670.233212766925
TLK4,Devon,2009,24322,1125745.0,21605.24808016025
TLK5,West of England,2009,29033,852080.0,34073.091728476196
TLK6,"North Somerset, Somerset and Dorset",2009,34230,1458818.0,23464.201840119877
TLK7,Gloucestershire and Wiltshire,2009,37804,1261562.0,29966.026243656674
TLL3,North Wales,2009,13923,684575.0,20338.16601541102
TLL4,Mid and South West Wales,2009,16108,887279.0,18154.379851208017
TLL5,South East Wales,2009,31216,1467018.0,21278.53918629492
TLM0,Eastern Scotland,2009,20086,905770.0,22175.607494176227
TLM1,East Central Scotland,2009,34548,970720.0,35590.077468270974
TLM2,Highlands and Islands,2009,12083,620350.0,19477.714193600386
TLM3,West Central Scotland,2009,37670,1457490.0,25845.803401738605
TLM5,North Eastern Scotland,2009,17622,466040.0,37812.20496094756
TLM9,Southern Scotland,2009,20137,949360.0,21211.131709783433
TLN0,Northern Ireland,2009,41216,1793333.0,22982.90390016801
TLC3,Tees Valley,2010,13354,660753.0,20210.27524657474
TLC4,"Northumberland, Durham and Tyne & Wear",2010,40087,1926115.0,20812.360632672506
TLD1,Cumbria,2010,12088,500165.0,24168.024551897874
TLD3,Greater Manchester,2010,66170,2661841.0,24858.734988303208
TLD4,Lancashire,2010,32962,1457298.0,22618.57217947187
TLD6,Cheshire,2010,30805,899913.0,34231.08678283345
TLD7,Merseyside,2010,34903,1500704.0,23257.75102885046
TLE1,East Yorkshire and Northern Lincolnshire,2010,20752,915263.0,22673.26440596856
TLE2,North Yorkshire,2010,21398,794098.0,26946.296300960334
TLE3,South Yorkshire,2010,26721,1332871.0,20047.701540509173
TLE4,West Yorkshire,2010,53642,2212556.0,24244.358108902103
TLF1,Derbyshire and Nottinghamshire,2010,49265,2098381.0,23477.623939599147
TLF2,"Leicestershire, Rutland and Northamptonshire",2010,44664,1696885.0,26321.170851295166
TLF3,Lincolnshire,2010,15116,711805.0,21236.15315992442
TLG1,"Herefordshire, Worcestershire and Warwickshire",2010,31318,1291111.0,24256.628593513648
TLG2,Shropshire and Staffordshire,2010,33891,1562817.0,21685.840376704375
TLG3,West Midlands,2010,64711,2711938.0,23861.53370762901
TLH2,Bedfordshire and Hertfordshire,2010,48268,1716219.0,28124.61579786729
TLH3,Essex,2010,41566,1717620.0,24199.7647908152
TLH4,Cambridgeshire and Peterborough,2010,24617,796661.0,30900.219792358355
TLH5,Norfolk,2010,19135,852926.0,22434.537111074114
TLH6,Suffolk,2010,17354,723976.0,23970.407858824048
TLI3,Inner London - West,2010,179579,1083175.0,165789.46153668614
TLI4,Inner London - East,2010,99981,2096253.0,47695.10168858434
TLI5,Outer London - East and North East,2010,36616,1735699.0,21095.8236422329
TLI6,Outer London - South,2010,32889,1213616.0,27100.005273496725
TLI7,Outer London - West and North West,2010,61468,1932752.0,31803.356043610354
TLJ1,"Berkshire, Buckinghamshire and Oxfordshire",2010,82907,2254528.0,36773.550827490275
TLJ2,"Surrey, East and West Sussex",2010,83607,2722104.0,30714.10938009716
TLJ3,Hampshire and Isle of Wight,2010,57258,1886496.0,30351.508829067225
TLJ4,Kent,2010,41657,1714643.0,24294.853214342576
TLK3,Cornwall and Isles of Scilly,2010,10530,532022.0,19792.414599396267
TLK4,Devon,2010,25376,1129578.0,22465.02676220677
TLK5,West of England,2010,30451,858782.0,35458.35846582719
TLK6,"North Somerset, Somerset and Dorset",2010,34702,1469653.0,23612.376526976095
TLK7,Gloucestershire and Wiltshire,2010,39842,1271235.0,31341.176100406297
TLL3,North Wales,2010,14223,685911.0,20735.926381119418
TLL4,Mid and South West Wales,2010,16375,890022.0,18398.42161205004
TLL5,South East Wales,2010,31895,1474038.0,21637.841086864788
TLM0,Eastern Scotland,2010,20194,910560.0,22177.561061324897
TLM1,East Central Scotland,2010,35191,980650.0,35885.382144496
TLM2,Highlands and Islands,2010,12290,622720.0,19735.996916752312
TLM3,West Central Scotland,2010,37315,1464120.0,25486.29893724558
TLM5,North Eastern Scotland,2010,18059,471160.0,38328.8055013159
TLM9,Southern Scotland,2010,20017,950790.0,21053.019068353686
TLN0,Northern Ireland,2010,40655,1804833.0,22525.62979511124
TLC3,Tees Valley,2011,13405,663028.0,20217.849019950892
TLC4,"Northumberland, Durham and Tyne & Wear",2011,40772,1933413.0,21088.09654222869
TLD1,Cumbria,2011,11790,499817.0,23588.63343983898
TLD3,Greater Manchester,2011,65578,2685386.0,24420.325420628542
TLD4,Lancashire,2011,33374,1461295.0,22838.646542963605
TLD6,Cheshire,2011,30992,902971.0,34322.253981578586
TLD7,Merseyside,2011,34449,1506492.0,22867.031487721142
TLE1,East Yorkshire and Northern Lincolnshire,2011,20087,918047.0,21880.143391351423
TLE2,North Yorkshire,2011,22053,798989.0,27601.13092921179
TLE3,South Yorkshire,2011,27186,1343805.0,20230.613816736804
TLE4,West Yorkshire,2011,54605,2227371.0,24515.448930600247
TLF1,Derbyshire and Nottinghamshire,2011,50696,2110326.0,24022.828700399845
TLF2,"Leicestershire, Rutland and Northamptonshire",2011,44329,1712354.0,25887.754518049423
TLF3,Lincolnshire,2011,15391,714768.0,21532.86101224453
TLG1,"Herefordshire, Worcestershire and Warwickshire",2011,32929,1296730.0,25393.875363414125
TLG2,Shropshire and Staffordshire,2011,34996,1572204.0,22259.197915792098
TLG3,West Midlands,2011,65926,2739733.0,24062.928759846305
TLH2,Bedfordshire and Hertfordshire,2011,48035,1736949.0,27654.813123471096
TLH3,Essex,2011,41120,1729141.0,23780.5939480933
TLH4,Cambridgeshire and Peterborough,2011,25076,806769.0,31082.00736518136
TLH5,Norfolk,2011,19315,859426.0,22474.30261593203
TLH6,Suffolk,2011,17683,730133.0,24218.875191232284
TLI3,Inner London - West,2011,183794,1095487.0,167773.78462729361
TLI4,Inner London - East,2011,107025,2145615.0,49880.80340601646
TLI5,Outer London - East and North East,2011,36798,1768285.0,20809.99386411127
TLI6,Outer London - South,2011,32617,1227471.0,26572.52187628058
TLI7,Outer London - West and North West,2011,62711,1967549.0,31872.649677339676
TLJ1,"Berkshire, Buckinghamshire and Oxfordshire",2011,86414,2275173.0,37981.28757681284
TLJ2,"Surrey, East and West Sussex",2011,83472,2744447.0,30414.870463885803
TLJ3,Hampshire and Isle of Wight,2011,58514,1901813.0,30767.483448688174
TLJ4,Kent,2011,42475,1731351.0,24532.864797490514
TLK3,Cornwall and Isles of Scilly,2011,10810,535984.0,20168.512492910235
TLK4,Devon,2011,25554,1135491.0,22504.801887465423
TLK5,West of England,2011,30555,867029.0,35241.03576696973
TLK6,"North Somerset, Somerset and Dorset",2011,35032,1480010.0,23670.110337092316
TLK7,Gloucestershire and Wiltshire,2011,39597,1282317.0,30879.25996457974
TLL3,North Wales,2011,14918,688417.0,21670.005243914664
TLL4,Mid and South West Wales,2011,16595,893509.0,18572.840340724044
TLL5,South East Wales,2011,32910,1481832.0,22208.99535169979
TLM0,Eastern Scotland,2011,20389,917380.0,22225.25016895943
TLM1,East Central Scotland,2011,34775,992860.0,35025.07906452068
TLM2,Highlands and Islands,2011,12804,625570.0,20467.733427114472
TLM3,West Central Scotland,2011,38286,1473120.0,25989.73607038123
TLM5,North Eastern Scotland,2011,18433,476110.0,38715.84297746319
TLM9,Southern Scotland,2011,20418,952950.0,21426.097906500865
TLN0,Northern Ireland,2011,41387,1814318.0,22811.32634962559
TLC3,Tees Valley,2012,13702,664161.0,20630.539884154594
TLC4,"Northumberland, Durham and Tyne & Wear",2012,41463,1934811.0,21430.000139548512
TLD1,Cumbria,2012,12248,498835.0,24553.208976916216
TLD3,Greater Manchester,2012,67787,2700093.0,25105.431553653892
TLD4,Lancashire,2012,33941,1465418.0,23161.309605859897
TLD6,Cheshire,2012,31976,907646.0,35229.593916571
TLD7,Merseyside,2012,33893,1507352.0,22485.126234615404
TLE1,East Yorkshire and Northern Lincolnshire,2012,20289,920439.0,22042.742647801755
TLE2,North Yorkshire,2012,22156,803120.0,27587.40910449248
TLE3,South Yorkshire,2012,27873,1348437.0,20670.598626409686
TLE4,West Yorkshire,2012,55407,2241490.0,24718.825424159822
TLF1,Derbyshire and Nottinghamshire,2012,51290,2121441.0,24176.9627342924
TLF2,"Leicestershire, Rutland and Northamptonshire",2012,45361,1729454.0,26228.509113280837
TLF3,Lincolnshire,2012,15657,719807.0,21751.663987707816
TLG1,"Herefordshire, Worcestershire and Warwickshire",2012,34036,1304603.0,26089.16275679268
TLG2,Shropshire and Staffordshire,2012,35124,1576889.0,22274.23743839928
TLG3,West Midlands,2012,66702,2758833.0,24177.614230364794
TLH2,Bedfordshire and Hertfordshire,2012,48441,1757277.0,27565.944355955264
TLH3,Essex,2012,41588,1742829.0,23862.35253143022
TLH4,Cambridgeshire and Peterborough,2012,25730,817454.0,31475.7772302784
TLH5,Norfolk,2012,19913,864776.0,23026.772250848775
TLH6,Suffolk,2012,18090,732697.0,24689.605662367936
TLI3,Inner London - West,2012,190320,1100641.0,172917.41812271212
TLI4,Inner London - East,2012,109064,2179491.0,50041.04169276221
TLI5,Outer London - East and North East,2012,38245,1792986.0,21330.33944492595
TLI6,Outer London - South,2012,33472,1245990.0,26863.779003041756
TLI7,Outer London - West and North West,2012,65482,2001659.0,32713.86384993648
TLJ1,"Berkshire, Buckinghamshire and Oxfordshire",2012,89172,2304463.0,38695.348981519775
TLJ2,"Surrey, East and West Sussex",2012,85676,2766941.0,30964.158614151875
TLJ3,Hampshire and Isle of Wight,2012,59460,1914030.0,31065.343803388663
TLJ4,Kent,2012,42682,1746406.0,24439.906871598014
TLK3,Cornwall and Isles of Scilly,2012,10920,539660.0,20234.9627543268
TLK4,Devon,2012,25601,1140828.0,22440.718495689096
TLK5,West of England,2012,31534,875603.0,36014.0383255882
TLK6,"North Somerset, Somerset and Dorset",2012,35168,1489344.0,23613.08065833011
TLK7,Gloucestershire and Wiltshire,2012,39939,1290908.0,30938.688117201225
TLL3,North Wales,2012,15072,689203.0,21868.73823822589
TLL4,Mid and South West Wales,2012,16904,895079.0,18885.4838511461
TLL5,South East Wales,2012,33575,1486646.0,22584.39467095731
TLM0,Eastern Scotland,2012,20761,918690.0,22598.48262199436
TLM1,East Central Scotland,2012,35676,997950.0,35749.28603637457
TLM2,Highlands and Islands,2012,12776,622770.0,20514.796794964434
TLM3,West Central Scotland,2012,38462,1474110.0,26091.67565514107
TLM5,North Eastern Scotland,2012,19111,479790.0,39832.0098376373
TLM9,Southern Scotland,2012,20291,952530.0,21302.216203164204
TLN0,Northern Ireland,2012,42233,1824603.0,23146.404998786038
TLC3,Tees Valley,2013,13758,665405.0,20676.129575221104
TLC4,"Northumberland, Durham and Tyne & Wear",2013,41156,1937894.0,21237.487705725907
TLD1,Cumbria,2013,12366,498080.0,24827.336973980084
TLD3,Greater Manchester,2013,69526,2714958.0,25608.499284335154
TLD4,Lancashire,2013,34118,1470467.0,23202.152785475635
TLD6,Cheshire,2013,32452,913337.0,35531.2442176327
TLD7,Merseyside,2013,34202,1508304.0,22675.800103957823
TLE1,East Yorkshire and Northern Lincolnshire,2013,20445,921431.0,22188.31361219668
TLE2,North Yorkshire,2013,22368,805319.0,27775.328782755652
TLE3,South Yorkshire,2013,28055,1352510.0,20742.915024657857
TLE4,West Yorkshire,2013,55944,2255832.0,24799.719128020173
TLF1,Derbyshire and Nottinghamshire,2013,52039,2131614.0,24412.956567183366
TLF2,"Leicestershire, Rutland and Northamptonshire",2013,46719,1747053.0,26741.60429019612
TLF3,Lincolnshire,2013,16169,725901.0,22274.38727870605
TLG1,"Herefordshire, Worcestershire and Warwickshire",2013,35367,1311796.0,26960.746945409195
TLG2,Shropshire and Staffordshire,2013,35750,1583336.0,22578.909340784267
TLG3,West Midlands,2013,67933,2781813.0,24420.404966113827
TLH2,Bedfordshire and Hertfordshire,2013,50991,1780402.0,28640.161042281463
TLH3,Essex,2013,41813,1756952.0,23798.601213920472
TLH4,Cambridgeshire and Peterborough,2013,25805,827484.0,31184.893000952285
TLH5,Norfolk,2013,20401,870771.0,23428.66264494339
TLH6,Suffolk,2013,18580,734875.0,25283.211430515395
TLI3,Inner London - West,2013,196931,1104481.0,178301.84493893513
TLI4,Inner London - East,2013,111159,2218849.0,50097.5956453098
TLI5,Outer London - East and North East,2013,39381,1818652.0,21653.950288455406
TLI6,Outer London - South,2013,33690,1262477.0,26685.63466898803
TLI7,Outer London - West and North West,2013,68395,2034528.0,33617.13380204156
TLJ1,"Berkshire, Buckinghamshire and Oxfordshire",2013,90815,2334187.0,38906.48007207649
TLJ2,"Surrey, East and West Sussex",2013,87142,2790609.0,31226.875567304483
TLJ3,Hampshire and Isle of Wight,2013,60425,1923481.0,31414.399206438742
TLJ4,Kent,2013,43204,1761105.0,24532.32487557528
TLK3,Cornwall and Isles of Scilly,2013,11098,542275.0,20465.630906827715
TLK4,Devon,2013,26171,1146900.0,22818.903130176997
TLK5,West of England,2013,31370,885894.0,35410.557019237065
TLK6,"North Somerset, Somerset and Dorset",2013,35433,1499002.0,23637.726967675826
TLK7,Gloucestershire and Wiltshire,2013,40386,1300712.0,31049.148466378414
TLL3,North Wales,2013,15501,688741.0,22506.283203700666
TLL4,Mid and South West Wales,2013,17310,893690.0,19369.132473228972
TLL5,South East Wales,2013,33837,1488627.0,22730.341448865296
TLM0,Eastern Scotland,2013,21431,918780.0,23325.496854524477
TLM1,East Central Scotland,2013,35805,1001730.0,35743.16432571651
TLM2,Highlands and Islands,2013,13139,624630.0,21034.852632758593
TLM3,West Central Scotland,2013,39539,1473170.0,26839.40074804673
TLM5,North Eastern Scotland,2013,19994,483390.0,41362.047208258344
TLM9,Southern Scotland,2013,20801,952200.0,21845.20058811174
TLN0,Northern Ireland,2013,42811,1831677.0,23372.570600602616
TLC3,Tees Valley,2014,14350,667432.0,21500.31763535461
TLC4,"Northumberland, Durham and Tyne & Wear",2014,41835,1943050.0,21530.58336121047
TLD1,Cumbria,2014,12894,498303.0,25875.82254170655
TLD3,Greater Manchester,2014,70533,2733895.0,25799.454624263184
TLD4,Lancashire,2014,34991,1475344.0,23717.180535522562
TLD6,Cheshire,2014,34102,921067.0,37024.45098999313
TLD7,Merseyside,2014,35485,1512487.0,23461.358676140688
TLE1,East Yorkshire and Northern Lincolnshire,2014,21026,924757.0,22736.783825372502
TLE2,North Yorkshire,2014,22613,805878.0,28060.07857268718
TLE3,South Yorkshire,2014,28559,1356290.0,21056.70616166159
TLE4,West Yorkshire,2014,56888,2269503.0,25066.28103157387
TLF1,Derbyshire and Nottinghamshire,2014,52469,2141352.0,24502.74406076161
TLF2,"Leicestershire, Rutland and Northamptonshire",2014,48159,1768296.0,27234.69373905726
TLF3,Lincolnshire,2014,16553,732981.0,22583.12289131642
TLG1,"Herefordshire, Worcestershire and Warwickshire",2014,37034,1321709.0,28019.783477300978
TLG2,Shropshire and Staffordshire,2014,36528,1589753.0,22977.154312651084
TLG3,West Midlands,2014,70421,2805420.0,25101.767293310804
TLH2,Bedfordshire and Hertfordshire,2014,54170,1803992.0,30027.849347447216
TLH3,Essex,2014,43545,1779577.0,24469.29804105133
TLH4,Cambridgeshire and Peterborough,2014,26717,838791.0,31851.796216220726
TLH5,Norfolk,2014,20858,876986.0,23783.73200940494
TLH6,Suffolk,2014,19107,740175.0,25814.16556895329
TLI3,Inner London - West,2014,206477,1105738.0,186732.30005661378
TLI4,Inner London - East,2014,115112,2251633.0,51123.784382268335
TLI5,Outer London - East and North East,2014,40034,1848215.0,21660.89984119813
TLI6,Outer London - South,2014,34905,1276004.0,27354.929921849776
TLI7,Outer London - West and North West,2014,72337,2065602.0,35019.81504665468
TLJ1,"Berkshire, Buckinghamshire and Oxfordshire",2014,94880,2362949.0,40153.21532542598
TLJ2,"Surrey, East and West Sussex",2014,88990,2814540.0,31617.955331954778
TLJ3,Hampshire and Isle of Wight,2014,61773,1936277.0,31902.976691867952
TLJ4,Kent,2014,44166,1780164.0,24810.07367860489
TLK3,Cornwall and Isles of Scilly,2014,11393,545966.0,20867.599813907826
TLK4,Devon,2014,26663,1156431.0,23056.28264894317
TLK5,West of England,2014,32837,893739.0,36741.15149948699
TLK6,"North Somerset, Somerset and Dorset",2014,36766,1511350.0,24326.595427928674
TLK7,Gloucestershire and Wiltshire,2014,42423,1314673.0,32268.860773743738
TLL3,North Wales,2014,15353,689349.0,22271.73753787994
TLL4,Mid and South West Wales,2014,17915,893170.0,20057.771756776427
TLL5,South East Wales,2014,34388,1491269.0,23059.55531832285
TLM0,Eastern Scotland,2014,21951,919620.0,23869.641808573106
TLM1,East Central Scotland,2014,36609,1008360.0,36305.48613590384
TLM2,Highlands and Islands,2014,13375,624500.0,21417.13370696557
TLM3,West Central Scotland,2014,41201,1476070.0,27912.63286971485
TLM5,North Eastern Scotland,2014,21022,487520.0,43120.28224483098
TLM9,Southern Scotland,2014,21344,952000.0,22420.168067226892
TLN0,Northern Ireland,2014,43702,1843186.0,23710.032519778255
TLC3,Tees Valley,2015,15201,668875.0,22726.21939824332
TLC4,"Northumberland, Durham and Tyne & Wear",2015,42880,1942929.0,22069.77197828639
TLD1,Cumbria,2015,13190,498718.0,26447.81219045633
TLD3,Greater Manchester,2015,72996,2756962.0,26476.969940100735
TLD4,Lancashire,2015,36246,1481431.0,24466.883709062386
TLD6,Cheshire,2015,34473,927267.0,37176.99432849438
TLD7,Merseyside,2015,36268,1518273.0,23887.6671059816
TLE1,East Yorkshire and Northern Lincolnshire,2015,22163,925798.0,23939.347460245106
TLE2,North Yorkshire,2015,22517,806923.0,27904.769104363117
TLE3,South Yorkshire,2015,29312,1359690.0,21557.85509932411
TLE4,West Yorkshire,2015,59144,2284951.0,25884.143686232223
TLF1,Derbyshire and Nottinghamshire,2015,52890,2150694.0,24592.06191117844
TLF2,"Leicestershire, Rutland and Northamptonshire",2015,49338,1792595.0,27523.22749979778
TLF3,Lincolnshire,2015,16377,738351.0,22180.50764473807
TLG1,"Herefordshire, Worcestershire and Warwickshire",2015,38416,1329714.0,28890.423053378396
TLG2,Shropshire and Staffordshire,2015,36960,1594911.0,23173.706871417904
TLG3,West Midlands,2015,72408,2831662.0,25570.84849816115
TLH2,Bedfordshire and Hertfordshire,2015,55621,1826031.0,30460.052430654243
TLH3,Essex,2015,44613,1793535.0,24874.34033905109
TLH4,Cambridgeshire and Peterborough,2015,26912,851257.0,31614.424316040866
TLH5,Norfolk,2015,20796,882938.0,23553.182669677826
TLH6,Suffolk,2015,19408,744501.0,26068.46733583971
TLI3,Inner London - West,2015,209962,1110629.0,189047.8278525052
TLI4,Inner London - East,2015,117522,2288411.0,51355.285392353035
TLI5,Outer London - East and North East,2015,40616,1879025.0,21615.46546746318
TLI6,Outer London - South,2015,34550,1289523.0,26792.8528610967
TLI7,Outer London - West and North West,2015,72562,2091957.0,34686.18140812646
TLJ1,"Berkshire, Buckinghamshire and Oxfordshire",2015,97869,2391466.0,40924.269882992274
TLJ2,"Surrey, East and West Sussex",2015,91443,2834923.0,32255.902541268315
TLJ3,Hampshire and Isle of Wight,2015,62865,1950196.0,32235.221485430182
TLJ4,Kent,2015,45695,1793053.0,25484.466995677205
TLK3,Cornwall and Isles of Scilly,2015,11445,549572.0,20825.296776400544
TLK4,Devon,2015,27038,1164950.0,23209.57981029229
TLK5,West of England,2015,33163,906540.0,36581.94894875019
TLK6,"North Somerset, Somerset and Dorset",2015,36828,1522572.0,24188.018694682418
TLK7,Gloucestershire and Wiltshire,2015,42594,1327853.0,32077.345911030814
TLL3,North Wales,2015,15518,688371.0,22543.076335290127
TLL4,Mid and South West Wales,2015,18716,891852.0,20985.544686786598
TLL5,South East Wales,2015,34935,1492516.0,23406.784248879074
TLM0,Eastern Scotland,2015,22261,922150.0,24140.324242259936
TLM1,East Central Scotland,2015,37517,1017510.0,36871.38209943883
TLM2,Highlands and Islands,2015,13263,624750.0,21229.291716686675
TLM3,West Central Scotland,2015,41473,1480560.0,28011.698276327876
TLM5,North Eastern Scotland,2015,21484,489930.0,43851.16241095667
TLM9,Southern Scotland,2015,21163,951920.0,22231.910244558367
TLN0,Northern Ireland,2015,44177,1854943.0,23815.82614667944
TLC3,Tees Valley,2016,15127,670923.0,22546.55154168213
TLC4,"Northumberland, Durham and Tyne & Wear",2016,42854,1947330.0,22006.5422912398
TLD1,Cumbria,2016,12954,498946.0,25962.729433646127
TLD3,Greater Manchester,2016,74303,2784566.0,26683.871023347983
TLD4,Lancashire,2016,37546,1488803.0,25218.917479344145
TLD6,Cheshire,2016,35207,934711.0,37666.18773075314
TLD7,Merseyside,2016,36047,1527115.0,23604.640122060224
TLE1,East Yorkshire and Northern Lincolnshire,2016,22378,930712.0,24043.95774417865
TLE2,North Yorkshire,2016,22944,808662.0,28372.793577539196
TLE3,South Yorkshire,2016,29351,1366070.0,21485.721815133926
TLE4,West Yorkshire,2016,59538,2302614.0,25856.700254580228
TLF1,Derbyshire and Nottinghamshire,2016,53319,2164887.0,24628.99911173193
TLF2,"Leicestershire, Rutland and Northamptonshire",2016,50230,1820587.0,27590.002565106748
TLF3,Lincolnshire,2016,16429,746141.0,22018.62650625016
TLG1,"Herefordshire, Worcestershire and Warwickshire",2016,38182,1340812.0,28476.773775891026
TLG2,Shropshire and Staffordshire,2016,37645,1605586.0,23446.268216090575
TLG3,West Midlands,2016,75609,2865850.0,26382.748573721583
TLH2,Bedfordshire and Hertfordshire,2016,56884,1849798.0,30751.46583572909
TLH3,Essex,2016,45816,1809967.0,25313.16869313087
TLH4,Cambridgeshire and Peterborough,2016,27541,862377.0,31936.148575391042
TLH5,Norfolk,2016,20874,891150.0,23423.66604948662
TLH6,Suffolk,2016,19867,747783.0,26567.86795099648
TLI3,Inner London - West,2016,223651,1108547.0,201751.48189476857
TLI4,Inner London - East,2016,121191,2318264.0,52276.61733089933
TLI5,Outer London - East and North East,2016,41119,1903053.0,21606.860134741386
TLI6,Outer London - South,2016,35244,1299513.0,27120.929148073163
TLI7,Outer London - West and North West,2016,73938,2114274.0,34970.869433195505
TLJ1,"Berkshire, Buckinghamshire and Oxfordshire",2016,97525,2420592.0,40289.73077660341
TLJ2,"Surrey, East and West Sussex",2016,91685,2857233.0,32088.73760032871
TLJ3,Hampshire and Isle of Wight,2016,62601,1966660.0,31831.12485127068
TLJ4,Kent,2016,46759,1808526.0,25854.756857241755
TLK3,Cornwall and Isles of Scilly,2016,11828,553439.0,21371.822368860885
TLK4,Devon,2016,27558,1174412.0,23465.359686379226
TLK5,West of England,2016,34213,920903.0,37151.57839642177
TLK6,"North Somerset, Somerset and Dorset",2016,37521,1536948.0,24412.667181973626
TLK7,Gloucestershire and Wiltshire,2016,42601,1341280.0,31761.451747584397
TLL3,North Wales,2016,15838,687418.0,23039.838933516436
TLL4,Mid and South West Wales,2016,19318,892154.0,21653.21233778025
TLL5,South East Wales,2016,35892,1497593.0,23966.458176553977
TLM0,Eastern Scotland,2016,22487,924810.0,24315.26475708524
TLM1,East Central Scotland,2016,39319,1027830.0,38254.38058822957
TLM2,Highlands and Islands,2016,13240,625440.0,21169.096955743156
TLM3,West Central Scotland,2016,41803,1490040.0,28054.95154492497
TLM5,North Eastern Scotland,2016,19750,488800.0,40405.0736497545
TLM9,Southern Scotland,2016,21319,952630.0,22379.097865908065
TLN0,Northern Ireland,2016,46116,1866042.0,24713.270119322075
TLC3,Tees Valley,2017,14918,672690.0,22176.63411080884
TLC4,"Northumberland, Durham and Tyne & Wear",2017,44120,1951097.0,22612.91980870249
TLD1,Cumbria,2017,13072,498693.0,26212.519526041073
TLD3,Greater Manchester,2017,78503,2804283.0,27993.96494576332
TLD4,Lancashire,2017,38030,1496853.0,25406.636456619322
TLD6,Cheshire,2017,36065,942398.0,38269.39361076742
TLD7,Merseyside,2017,37001,1533538.0,24127.86641087472
TLE1,East Yorkshire and Northern Lincolnshire,2017,22817,933578.0,24440.378843546012
TLE2,North Yorkshire,2017,23942,810837.0,29527.51292799909
TLE3,South Yorkshire,2017,30159,1368187.0,22043.039438322394
TLE4,West Yorkshire,2017,61137,2315182.0,26406.995216790732
TLF1,Derbyshire and Nottinghamshire,2017,53968,2176697.0,24793.528911005986
TLF2,"Leicestershire, Rutland and Northamptonshire",2017,50739,1848618.0,27446.990129924085
TLF3,Lincolnshire,2017,17147,753031.0,22770.64290845928
TLG1,"Herefordshire, Worcestershire and Warwickshire",2017,40849,1351030.0,30235.449990007623
TLG2,Shropshire and Staffordshire,2017,38736,1614523.0,23992.22556755153
TLG3,West Midlands,2017,77090,2889499.0,26679.36552322738
TLH2,Bedfordshire and Hertfordshire,2017,60610,1858958.0,32604.286917724876
TLH3,Essex,2017,48702,1822045.0,26729.306905153277
TLH4,Cambridgeshire and Peterborough,2017,28969,869702.0,33309.11047692198
TLH5,Norfolk,2017,21553,898548.0,23986.475958991618
TLH6,Suffolk,2017,20333,753590.0,26981.515147493996
TLI3,Inner London - West,2017,229949,1104033.0,208280.91189303217
TLI4,Inner London - East,2017,124655,2328482.0,53534.878087956014
TLI5,Outer London - East and North East,2017,40836,1915435.0,21319.439187443062
TLI6,Outer London - South,2017,35183,1303737.0,26986.271004044527
TLI7,Outer London - West and North West,2017,74089,2124542.0,34872.92790634405
TLJ1,"Berkshire, Buckinghamshire and Oxfordshire",2017,99535,2438363.0,40820.41927309428
TLJ2,"Surrey, East and West Sussex",2017,93563,2868837.0,32613.564311949405
TLJ3,Hampshire and Isle of Wight,2017,64642,1976517.0,32705.005825904864
TLJ4,Kent,2017,47636,1821359.0,26154.097023156886
TLK3,Cornwall and Isles of Scilly,2017,12695,559091.0,22706.50037292677
TLK4,Devon,2017,28348,1185975.0,23902.696093931154
TLK5,West of England,2017,35233,928386.0,37950.80925390947
TLK6,"North Somerset, Somerset and Dorset",2017,39033,1546645.0,25237.206986735804
TLK7,Gloucestershire and Wiltshire,2017,43838,1354569.0,32363.0616085264
TLL3,North Wales,2017,16240,687156.0,23633.643597669234
TLL4,Mid and South West Wales,2017,19443,891334.0,21813.371867335925
TLL5,South East Wales,2017,36734,1502876.0,24442.468972822775
TLM0,Eastern Scotland,2017,22980,926250.0,24809.716599190284
TLM1,East Central Scotland,2017,41191,1036170.0,39753.129312757555
TLM2,Highlands and Islands,2017,13931,624890.0,22293.52366016419
TLM3,West Central Scotland,2017,43678,1496270.0,29191.255588897726
TLM5,North Eastern Scotland,2017,19331,486810.0,39709.537601939155
TLM9,Southern Scotland,2017,22039,953620.0,23110.88274155324
TLN0,Northern Ireland,2017,47169,1875178.0,25154.412007820058
TLC3,Tees Valley,2018,15106,673541.0,22427.73639615109
TLC4,"Northumberland, Durham and Tyne & Wear",2018,44288,1955852.0,22643.840126962572
TLD1,Cumbria,2018,13058,498941.0,26171.431091050847
TLD3,Greater Manchester,2018,80810,2823878.0,28616.67536628707
TLD4,Lancashire,2018,37474,1503339.0,24927.178766731922
TLD6,Cheshire,2018,36385,948975.0,38341.368318448855
TLD7,Merseyside,2018,36827,1540983.0,23898.38174723537
TLE1,East Yorkshire and Northern Lincolnshire,2018,23145,934259.0,24773.644139366064
TLE2,North Yorkshire,2018,23657,811641.0,29147.122927501197
TLE3,South Yorkshire,2018,29936,1372522.0,21810.943649719276
TLE4,West Yorkshire,2018,63279,2325461.0,27211.37873307701
TLF1,Derbyshire and Nottinghamshire,2018,54985,2186393.0,25148.726692776643
TLF2,"Leicestershire, Rutland and Northamptonshire",2018,52170,1871477.0,27876.377855565417
TLF3,Lincolnshire,2018,17287,757281.0,22827.721810001836
TLG1,"Herefordshire, Worcestershire and Warwickshire",2018,41506,1359892.0,30521.541416524255
TLG2,Shropshire and Staffordshire,2018,39493,1622313.0,24343.637756709093
TLG3,West Midlands,2018,77852,2907123.0,26779.74065768803
TLH2,Bedfordshire and Hertfordshire,2018,60721,1868416.0,32498.65126395835
TLH3,Essex,2018,49119,1833375.0,26791.5729187973
TLH4,Cambridgeshire and Peterborough,2018,29387,876713.0,33519.52121161657
TLH5,Norfolk,2018,20851,903527.0,23077.34024550456
TLH6,Suffolk,2018,20443,755345.0,27064.453991222555
TLI3,Inner London - West,2018,237383,1104525.0,214918.63018039428
TLI4,Inner London - East,2018,125863,2349065.0,53580.041420735484
TLI5,Outer London - East and North East,2018,41255,1929180.0,21384.733410049867
TLI6,Outer London - South,2018,35375,1308552.0,27033.698316918242
TLI7,Outer London - West and North West,2018,74682,2142013.0,34865.33461748365
TLJ1,"Berkshire, Buckinghamshire and Oxfordshire",2018,103118,2457736.0,41956.499803070794
TLJ2,"Surrey, East and West Sussex",2018,94053,2878969.0,32668.986710172983
TLJ3,Hampshire and Isle of Wight,2018,65383,1981860.0,32990.72588376576
TLJ4,Kent,2018,48334,1831680.0,26387.796995108314
TLK3,Cornwall and Isles of Scilly,2018,12695,562127.0,22583.864500370913
TLK4,Devon,2018,28180,1193623.0,23608.79440158241
TLK5,West of England,2018,34898,938234.0,37195.41180558368
TLK6,"North Somerset, Somerset and Dorset",2018,39404,1552187.0,25386.116492407164
TLK7,Gloucestershire and Wiltshire,2018,44727,1363530.0,32802.35858396955
TLL3,North Wales,2018,16615,686482.0,24203.110933717126
TLL4,Mid and South West Wales,2018,19786,890422.0,22220.924460536688
TLL5,South East Wales,2018,37776,1506936.0,25068.08517415471
TLM0,Eastern Scotland,2018,22665,925480.0,24489.994381294033
TLM1,East Central Scotland,2018,42119,1041570.0,40437.992645717524
TLM2,Highlands and Islands,2018,13828,622670.0,22207.58989512904
TLM3,West Central Scotland,2018,43862,1500690.0,29227.88850462121
TLM5,North Eastern Scotland,2018,18776,484390.0,38762.154462313425
TLM9,Southern Scotland,2018,21622,952430.0,22701.930850561195
TLN0,Northern Ireland,2018,47460,1886259.0,25160.913745143163
TLC3,Tees Valley,2019,15178,674626.0,22498.391701476077
TLC4,"Northumberland, Durham and Tyne & Wear",2019,45736,1962050.0,23310.313192834026
TLD1,Cumbria,2019,13498,499171.0,27040.833702278378
TLD3,Greater Manchester,2019,82549,2847959.0,28985.318959999073
TLD4,Lancashire,2019,38124,1513857.0,25183.35615583242
TLD6,Cheshire,2019,37191,956163.0,38896.08780092934
TLD7,Merseyside,2019,38181,1546117.0,24694.76760167568
TLE1,East Yorkshire and Northern Lincolnshire,2019,23662,935933.0,25281.72422598626
TLE2,North Yorkshire,2019,23996,814537.0,29459.68077570448
TLE3,South Yorkshire,2019,30434,1374386.0,22143.70635323701
TLE4,West Yorkshire,2019,63584,2339795.0,27175.030291115247
TLF1,Derbyshire and Nottinghamshire,2019,55668,2194954.0,25361.80712670972
TLF2,"Leicestershire, Rutland and Northamptonshire",2019,52407,1887784.0,27761.12097570485
TLF3,Lincolnshire,2019,17830,761263.0,23421.603309237413
TLG1,"Herefordshire, Worcestershire and Warwickshire",2019,41175,1368778.0,30081.576413414008
TLG2,Shropshire and Staffordshire,2019,39668,1631108.0,24319.664914892208
TLG3,West Midlands,2019,77025,2921091.0,26368.57256415497
TLH2,Bedfordshire and Hertfordshire,2019,61856,1881839.0,32869.974530233456
TLH3,Essex,2019,48896,1846380.0,26482.08927739685
TLH4,Cambridgeshire and Peterborough,2019,29858,881675.0,33865.08634133893
TLH5,Norfolk,2019,22241,906964.0,24522.472777309795
TLH6,Suffolk,2019,21173,757321.0,27957.76163608298
TLI3,Inner London - West,2019,242035,1104241.0,219186.75361628484
TLI4,Inner London - East,2019,126748,2364397.0,53606.90273249374
TLI5,Outer London - East and North East,2019,41657,1942897.0,21440.66309227921
TLI6,Outer London - South,2019,35627,1317367.0,27044.096292073507
TLI7,Outer London - West and North West,2019,74888,2160841.0,34656.8766512668
TLJ1,"Berkshire, Buckinghamshire and Oxfordshire",2019,107111,2475951.0,43260.54917888116
TLJ2,"Surrey, East and West Sussex",2019,96347,2889145.0,33347.928193289015
TLJ3,Hampshire and Isle of Wight,2019,68065,1985982.0,34272.71747679485
TLJ4,Kent,2019,49714,1842692.0,26979.006800919524
TLK3,Cornwall and Isles of Scilly,2019,12809,565793.0,22639.021691678758
TLK4,Devon,2019,28745,1200337.0,23947.441426865957
TLK5,West of England,2019,35978,944659.0,38085.70076609655
TLK6,"North Somerset, Somerset and Dorset",2019,39945,1558408.0,25631.926940826794
TLK7,Gloucestershire and Wiltshire,2019,45766,1373595.0,33318.40899246139
TLL3,North Wales,2019,16894,685315.0,24651.437660054136
TLL4,Mid and South West Wales,2019,19954,889844.0,22424.155245189046
TLL5,South East Wales,2019,38566,1512573.0,25496.95122152782
TLM0,Eastern Scotland,2019,23181,927940.0,24981.14102204884
TLM1,East Central Scotland,2019,42819,1049480.0,40800.20581621375
TLM2,Highlands and Islands,2019,14066,621730.0,22623.968603734742
TLM3,West Central Scotland,2019,44871,1508090.0,29753.529298649286
TLM5,North Eastern Scotland,2019,18792,484660.0,38773.573226591834
TLM9,Southern Scotland,2019,21707,953870.0,22756.76979043266
TLN0,Northern Ireland,2019,49047,1898519.0,25834.347720512673
TLC3,Tees Valley,2020,13744,674447.0,20378.176491258764
TLC4,"Northumberland, Durham and Tyne & Wear",2020,40223,1962979.0,20490.79485822314
TLD1,Cumbria,2020,11869,498439.0,23812.34213213653
TLD3,Greater Manchester,2020,77516,2856110.0,27140.41125867001
TLD4,Lancashire,2020,34509,1520252.0,22699.526131194038
TLD6,Cheshire,2020,34407,959568.0,35856.76054224401
TLD7,Merseyside,2020,34013,1546236.0,21997.288900271367
TLE1,East Yorkshire and Northern Lincolnshire,2020,21191,935988.0,22640.24752454091
TLE2,North Yorkshire,2020,21722,813068.0,26716.092626938953
TLE3,South Yorkshire,2020,28253,1373015.0,20577.34256362822
TLE4,West Yorkshire,2020,57219,2346416.0,24385.701427197906
TLF1,Derbyshire and Nottinghamshire,2020,52515,2197772.0,23894.653312536513
TLF2,"Leicestershire, Rutland and Northamptonshire",2020,46725,1894087.0,24668.87740637046
TLF3,Lincolnshire,2020,16160,763610.0,21162.63537669753
TLG1,"Herefordshire, Worcestershire and Warwickshire",2020,38043,1374958.0,27668.48150998067
TLG2,Shropshire and Staffordshire,2020,36063,1635490.0,22050.272395428892
TLG3,West Midlands,2020,67233,2921476.0,23013.367215749848
TLH2,Bedfordshire and Hertfordshire,2020,55423,1893635.0,29268.04796066824
TLH3,Essex,2020,42544,1852594.0,22964.55672424719
TLH4,Cambridgeshire and Peterborough,2020,28099,884999.0,31750.318361941652
TLH5,Norfolk,2020,20170,909883.0,22167.685295801766
TLH6,Suffolk,2020,19127,756668.0,25277.929025675727
TLI3,Inner London - West,2020,220028,1093830.0,201153.7441832826
TLI4,Inner London - East,2020,111005,2352890.0,47178.151124786964
TLI5,Outer London - East and North East,2020,34351,1940867.0,17698.791313366655
TLI6,Outer London - South,2020,30307,1320140.0,22957.413607647675
TLI7,Outer London - West and North West,2020,59401,2159281.0,27509.620100394528
TLJ1,"Berkshire, Buckinghamshire and Oxfordshire",2020,103676,2492612.0,41593.316569125076
TLJ2,"Surrey, East and West Sussex",2020,88992,2894279.0,30747.554054049386
TLJ3,Hampshire and Isle of Wight,2020,62490,1990047.0,31401.26841225358
TLJ4,Kent,2020,46422,1848335.0,25115.57699226601
TLK3,Cornwall and Isles of Scilly,2020,11526,567075.0,20325.353789181325
TLK4,Devon,2020,25117,1204321.0,20855.73530645069
TLK5,West of England,2020,33149,951007.0,34856.73607029181
TLK6,"North Somerset, Somerset and Dorset",2020,36707,1559394.0,23539.27230706287
TLK7,Gloucestershire and Wiltshire,2020,41562,1380193.0,30113.17982340151
TLL3,North Wales,2020,15240,688167.0,22145.787287097464
TLL4,Mid and South West Wales,2020,17533,894883.0,19592.505388972637
TLL5,South East Wales,2020,35404,1521433.0,23270.167007025615
TLM0,Eastern Scotland,2020,20614,926720.0,22244.043508287294
TLM1,East Central Scotland,2020,37953,1052150.0,36071.852872689255
TLM2,Highlands and Islands,2020,12522,619920.0,20199.380565234223
TLM3,West Central Scotland,2020,40278,1507990.0,26709.72619181825
TLM5,North Eastern Scotland,2020,16435,484220.0,33941.183759448184
TLM9,Southern Scotland,2020,19190,951940.0,20158.833539928986
TLN0,Northern Ireland,2020,43793,1900523.0,23042.604588315953
TLC3,Tees Valley,2021,15006,678365.0,22120.834653910504
TLC4,"Northumberland, Durham and Tyne & Wear",2021,44961,1969128.0,22832.94940704718
TLD1,Cumbria,2021,12547,500729.0,25057.46621425961
TLD3,Greater Manchester,2021,84160,2869531.0,29328.834572618314
TLD4,Lancashire,2021,38512,1532158.0,25135.78886772774
TLD6,Cheshire,2021,36396,969386.0,37545.415345383575
TLD7,Merseyside,2021,38237,1552288.0,24632.671256880167
TLE1,East Yorkshire and Northern Lincolnshire,2021,25436,936778.0,27152.644489943188
TLE2,North Yorkshire,2021,24628,820478.0,30016.64883153479
TLE3,South Yorkshire,2021,30825,1374792.0,22421.57359076864
TLE4,West Yorkshire,2021,64032,2350407.0,27242.941328884743
TLF1,Derbyshire and Nottinghamshire,2021,55877,2204080.0,25351.620630830097
TLF2,"Leicestershire, Rutland and Northamptonshire",2021,52380,1908039.0,27452.26905739348
TLF3,Lincolnshire,2021,17597,769440.0,22869.879392805156
TLG1,"Herefordshire, Worcestershire and Warwickshire",2021,39912,1391539.0,28681.912616175327
TLG2,Shropshire and Staffordshire,2021,41723,1646436.0,25341.404099521635
TLG3,West Midlands,2021,73580,2918251.0,25213.732471949806
TLH2,Bedfordshire and Hertfordshire,2021,60807,1907304.0,31881.126448641644
TLH3,Essex,2021,48182,1863314.0,25858.228940479166
TLH4,Cambridgeshire and Peterborough,2021,30055,897217.0,33498.02779037847
TLH5,Norfolk,2021,21847,918462.0,23786.503959880756
TLH6,Suffolk,2021,20473,763349.0,26819.973563861353
TLI3,Inner London - West,2021,239991,1081421.0,221921.89720747055
TLI4,Inner London - East,2021,118738,2329886.0,50963.00849054417
TLI5,Outer London - East and North East,2021,38451,1935127.0,19870.013699359268
TLI6,Outer London - South,2021,31911,1313625.0,24292.320867827577
TLI7,Outer London - West and North West,2021,61311,2144710.0,28587.081703353833
TLJ1,"Berkshire, Buckinghamshire and Oxfordshire",2021,109705,2521231.0,43512.47466019575
TLJ2,"Surrey, East and West Sussex",2021,93252,2914357.0,31997.452611330733
TLJ3,Hampshire and Isle of Wight,2021,66168,2001786.0,33054.4823472639
TLJ4,Kent,2021,48966,1858455.0,26347.69203451254
TLK3,Cornwall and Isles of Scilly,2021,13378,574219.0,23297.73135336866
TLK4,Devon,2021,29885,1218643.0,24523.178650351252
TLK5,West of England,2021,37360,954590.0,39137.2212153909
TLK6,"North Somerset, Somerset and Dorset",2021,39878,1571885.0,25369.540392585972
TLK7,Gloucestershire and Wiltshire,2021,45082,1393485.0,32351.98082505373
TLL3,North Wales,2021,16606,687041.0,24170.318801934674
TLL4,Mid and South West Wales,2021,18542,895833.0,20698.054213229476
TLL5,South East Wales,2021,37260,1522759.0,24468.743904977742
TLM0,Eastern Scotland,2021,22431,926390.0,24213.344271850947
TLM1,East Central Scotland,2021,41916,1052370.0,39830.09777929816
TLM2,Highlands and Islands,2021,13456,623090.0,21595.59614180937
TLM3,West Central Scotland,2021,45195,1506500.0,30000.0
TLM5,North Eastern Scotland,2021,16874,483770.0,34880.21167083531
TLM9,Southern Scotland,2021,20678,954640.0,21660.521243610157
TLN0,Northern Ireland,2021,49270,1904564.0,25869.437834591015
TLC3,Tees Valley,2022,15708,690177.0,22759.379115792035
TLC4,"Northumberland, Durham and Tyne & Wear",2022,46656,1991711.0,23425.08526588446
TLD1,Cumbria,2022,13736,502864.0,27315.536606319005
TLD3,Greater Manchester,2022,91098,2916811.0,31232.05445947646
TLD4,Lancashire,2022,39584,1552464.0,25497.53166579064
TLD6,Cheshire,2022,37783,980358.0,38540.00273369524
TLD7,Merseyside,2022,39644,1568464.0,25275.683726244275
TLE1,East Yorkshire and Northern Lincolnshire,2022,25007,943637.0,26500.656502447444
TLE2,North Yorkshire,2022,25762,828033.0,31112.286587611845
TLE3,South Yorkshire,2022,32458,1392689.0,23305.9929388399
TLE4,West Yorkshire,2022,67457,2374137.0,28413.271854151633
TLF1,Derbyshire and Nottinghamshire,2022,56927,2229307.0,25535.738236142442
TLF2,"Leicestershire, Rutland and Northamptonshire",2022,53785,1931754.0,27842.57208733617
TLF3,Lincolnshire,2022,17542,777140.0,22572.50945775536
TLG1,"Herefordshire, Worcestershire and Warwickshire",2022,42288,1407545.0,30043.79966537482
TLG2,Shropshire and Staffordshire,2022,40557,1663164.0,24385.448458480343
TLG3,West Midlands,2022,76115,2949911.0,25802.47336275569
TLH2,Bedfordshire and Hertfordshire,2022,62995,1923903.0,32743.33477311486
TLH3,Essex,2022,50685,1877581.0,26994.840701945748
TLH4,Cambridgeshire and Peterborough,2022,30695,910398.0,33716.02310198397
TLH5,Norfolk,2022,22195,925745.0,23975.284770644183
TLH6,Suffolk,2022,21037,769034.0,27355.097433923598
TLI3,Inner London - West,2022,254288,1111299.0,228820.5064523589
TLI4,Inner London - East,2022,130328,2368363.0,55028.726593009604
TLI5,Outer London - East and North East,2022,41200,1948529.0,21144.155411595108
TLI6,Outer London - South,2022,33975,1319688.0,25744.721479622458
TLI7,Outer London - West and North West,2022,69980,2169481.0,32256.562744730192
TLJ1,"Berkshire, Buckinghamshire and Oxfordshire",2022,111615,2556395.0,43661.0930626918
TLJ2,"Surrey, East and West Sussex",2022,97570,2941496.0,33170.196389864206
TLJ3,Hampshire and Isle of Wight,2022,66842,2020664.0,33079.22544272576
TLJ4,Kent,2022,50117,1878761.0,26675.55905194966
TLK3,Cornwall and Isles of Scilly,2022,13532,577600.0,23427.97783933518
TLK4,Devon,2022,30709,1232580.0,24914.407178438723
TLK5,West of England,2022,38792,970877.0,39955.62774687216
TLK6,"North Somerset, Somerset and Dorset",2022,40901,1582431.0,25846.940561705374
TLK7,Gloucestershire and Wiltshire,2022,46689,1404710.0,33237.4653843142
TLL3,North Wales,2022,17093,689124.0,24803.95400537494
TLL4,Mid and South West Wales,2022,19480,904406.0,21538.99907784778
TLL5,South East Wales,2022,38404,1539200.0,24950.6237006237
TLM0,Eastern Scotland,2022,23024,930020.0,24756.456850390314
TLM1,East Central Scotland,2022,44558,1064250.0,41867.98214705192
TLM2,Highlands and Islands,2022,14165,622600.0,22751.36524253132
TLM3,West Central Scotland,2022,46835,1520120.0,30810.067626240034
TLM5,North Eastern Scotland,2022,17027,488000.0,34891.39344262295
TLM9,Southern Scotland,2022,21256,955500.0,22245.944531658817
TLN0,Northern Ireland,2022,50701,1910543.0,26537.48175256982
TLC3,Tees Valley,2023,15470,700850.0,22073.19683241778
TLC4,"Northumberland, Durham and Tyne & Wear",2023,48025,2018439.0,23793.13915357363
TLD1,Cumbria,2023,13870,506303.0,27394.66287973802
TLD3,Greater Manchester,2023,92220,2960274.0,31152.52169224876
TLD4,Lancashire,2023,39573,1575141.0,25123.465137406747
TLD6,Cheshire,2023,38323,994656.0,38528.898433227165
TLD7,Merseyside,2023,39873,1587556.0,25115.96441322385
TLE1,East Yorkshire and Northern Lincolnshire,2023,24733,953615.0,25936.043371800988
TLE2,North Yorkshire,2023,26077,834315.0,31255.58092566956
TLE3,South Yorkshire,2023,32364,1412259.0,22916.476368711406
TLE4,West Yorkshire,2023,67721,2403720.0,28173.4145407951
TLF1,Derbyshire and Nottinghamshire,2023,56621,2256132.0,25096.492581107843
TLF2,"Leicestershire, Rutland and Northamptonshire",2023,54280,1965103.0,27621.961800475598
TLF3,Lincolnshire,2023,17637,785707.0,22447.29905677307
TLG1,"Herefordshire, Worcestershire and Warwickshire",2023,43617,1428002.0,30544.074868242482
TLG2,Shropshire and Staffordshire,2023,40241,1684992.0,23882.01249620176
TLG3,West Midlands,2023,76889,2992183.0,25696.623501971637
TLH2,Bedfordshire and Hertfordshire,2023,63718,1955720.0,32580.32847237846
TLH3,Essex,2023,50588,1902830.0,26585.6645102295
TLH4,Cambridgeshire and Peterborough,2023,31433,925019.0,33980.923635082094
TLH5,Norfolk,2023,22474,934300.0,24054.372257304934
TLH6,Suffolk,2023,21076,778217.0,27082.420455991065
TLI3,Inner London - West,2023,255763,1126331.0,227076.23247517826
TLI4,Inner London - East,2023,132388,2406083.0,55022.20829456008
TLI5,Outer London - East and North East,2023,40388,1980084.0,20397.114465850944
TLI6,Outer London - South,2023,34028,1336541.0,25459.750205942055
TLI7,Outer London - West and North West,2023,68965,2217867.0,31095.191911868475
TLJ1,"Berkshire, Buckinghamshire and Oxfordshire",2023,111262,2603705.0,42732.183561501784
TLJ2,"Surrey, East and West Sussex",2023,97760,2979871.0,32806.78928718726
TLJ3,Hampshire and Isle of Wight,2023,66735,2046673.0,32606.57662460002
TLJ4,Kent,2023,50300,1907003.0,26376.466109387347
TLK3,Cornwall and Isles of Scilly,2023,13292,581426.0,22861.034766247125
TLK4,Devon,2023,30450,1244305.0,24471.492118090016
TLK5,West of England,2023,39970,986115.0,40532.797898825185
TLK6,"North Somerset, Somerset and Dorset",2023,41148,1598094.0,25748.172510503136
TLK7,Gloucestershire and Wiltshire,2023,46005,1421360.0,32366.888050880847
TLL3,North Wales,2023,17414,693621.0,25105.929607090904
TLL4,Mid and South West Wales,2023,19298,913153.0,21133.36976388404
TLL5,South East Wales,2023,38183,1558301.0,24502.96829688231
TLM0,Eastern Scotland,2023,22789,938080.0,24293.237250554324
TLM1,East Central Scotland,2023,45330,1082120.0,41889.99371603889
TLM2,Highlands and Islands,2023,14214,624350.0,22766.07671978858
TLM3,West Central Scotland,2023,47410,1545350.0,30679.13417672372
TLM5,North Eastern Scotland,2023,16993,495000.0,34329.292929292926
TLM9,Southern Scotland,2023,21521,960650.0,22402.539946910947
TLN0,Northern Ireland,2023,51465,1920382.0,26799.35554488638
