itl2_code,itl2_name,year,affordability_ratio_workplace
TLC3,Tees Valley,1997,2.7640000000000002
TLC4,"Northumberland, Durham and Tyne & Wear",1997,3.1
TLD1,Cumbria,1997,
TLD3,Greater Manchester,1997,2.9
TLD4,Lancashire,1997,2.876428571428572
TLD6,Cheshire,1997,3.33
TLD7,Merseyside,1997,2.9
TLE1,East Yorkshire and Northern Lincolnshire,1997,2.6449999999999996
TLE2,North Yorkshire,1997,3.71
TLE3,South Yorkshire,1997,2.71
TLE4,West Yorkshire,1997,3.0039999999999996
TLF1,Derbyshire and Nottinghamshire,1997,3.1535294117647057
TLF2,"Leicestershire, Rutland and Northamptonshire",1997,3.52
TLF3,Lincolnshire,1997,3.3300000000000005
TLG1,"Herefordshire, Worcestershire and Warwickshire",1997,3.9509999999999996
TLG2,Shropshire and Staffordshire,1997,3.3600000000000003
TLG3,West Midlands,1997,3.197142857142857
TLH2,Bedfordshire and Hertfordshire,1997,3.99625
TLH3,Essex,1997,4.069285714285714
TLH4,Cambridgeshire and Peterborough,1997,3.9075000000000006
TLH5,Norfolk,1997,3.424285714285714
TLH6,Suffolk,1997,3.723333333333333
TLI3,Inner London - West,1997,6.891666666666666
TLI4,Inner London - East,1997,3.8325000000000005
TLI5,Outer London - East and North East,1997,3.81
TLI6,Outer London - South,1997,4.55
TLI7,Outer London - West and North West,1997,4.837142857142857
TLJ1,"Berkshire, Buckinghamshire and Oxfordshire",1997,4.456153846153847
TLJ2,"Surrey, East and West Sussex",1997,4.6866666666666665
TLJ3,Hampshire and Isle of Wight,1997,4.208571428571429
TLJ4,Kent,1997,4.0175
TLK3,Cornwall and Isles of Scilly,1997,
TLK4,Devon,1997,4.32
TLK5,West of England,1997,3.6666666666666665
TLK6,"North Somerset, Somerset and Dorset",1997,3.66
TLK7,Gloucestershire and Wiltshire,1997,3.8099999999999996
TLL3,North Wales,1997,3.0883333333333334
TLL4,Mid and South West Wales,1997,3.08
TLL5,South East Wales,1997,2.8880000000000003
TLC3,Tees Valley,1998,2.864
TLC4,"Northumberland, Durham and Tyne & Wear",1998,3.0525
TLD1,Cumbria,1998,
TLD3,Greater Manchester,1998,2.934
TLD4,Lancashire,1998,2.9657142857142853
TLD6,Cheshire,1998,3.45
TLD7,Merseyside,1998,2.8866666666666667
TLE1,East Yorkshire and Northern Lincolnshire,1998,2.54
TLE2,North Yorkshire,1998,3.56
TLE3,South Yorkshire,1998,2.7249999999999996
TLE4,West Yorkshire,1998,2.968
TLF1,Derbyshire and Nottinghamshire,1998,3.199411764705882
TLF2,"Leicestershire, Rutland and Northamptonshire",1998,3.6677777777777782
TLF3,Lincolnshire,1998,3.2899999999999996
TLG1,"Herefordshire, Worcestershire and Warwickshire",1998,4.179166666666666
TLG2,Shropshire and Staffordshire,1998,3.255
TLG3,West Midlands,1998,3.1285714285714286
TLH2,Bedfordshire and Hertfordshire,1998,4.25
TLH3,Essex,1998,4.260714285714286
TLH4,Cambridgeshire and Peterborough,1998,4.068333333333333
TLH5,Norfolk,1998,3.4785714285714286
TLH6,Suffolk,1998,3.7433333333333336
TLI3,Inner London - West,1998,7.506666666666667
TLI4,Inner London - East,1998,4.273750000000001
TLI5,Outer London - East and North East,1998,3.9842857142857144
TLI6,Outer London - South,1998,5.008000000000001
TLI7,Outer London - West and North West,1998,5.26
TLJ1,"Berkshire, Buckinghamshire and Oxfordshire",1998,4.771538461538461
TLJ2,"Surrey, East and West Sussex",1998,5.109166666666667
TLJ3,Hampshire and Isle of Wight,1998,4.4507142857142865
TLJ4,Kent,1998,4.173076923076923
TLK3,Cornwall and Isles of Scilly,1998,14.22
TLK4,Devon,1998,4.485
TLK5,West of England,1998,3.733333333333333
TLK6,"North Somerset, Somerset and Dorset",1998,4.03
TLK7,Gloucestershire and Wiltshire,1998,3.9657142857142853
TLL3,North Wales,1998,3.091666666666667
TLL4,Mid and South West Wales,1998,3.2083333333333335
TLL5,South East Wales,1998,2.9669999999999996
TLC3,Tees Valley,1999,2.81
TLC4,"Northumberland, Durham and Tyne & Wear",1999,3.1075
TLD1,Cumbria,1999,
TLD3,Greater Manchester,1999,3.0050000000000003
TLD4,Lancashire,1999,3.037857142857143
TLD6,Cheshire,1999,3.61
TLD7,Merseyside,1999,2.956666666666667
TLE1,East Yorkshire and Northern Lincolnshire,1999,2.6425
TLE2,North Yorkshire,1999,3.64
TLE3,South Yorkshire,1999,2.87
TLE4,West Yorkshire,1999,2.996
TLF1,Derbyshire and Nottinghamshire,1999,3.369411764705882
TLF2,"Leicestershire, Rutland and Northamptonshire",1999,3.9788888888888883
TLF3,Lincolnshire,1999,3.4485714285714293
TLG1,"Herefordshire, Worcestershire and Warwickshire",1999,4.437499999999999
TLG2,Shropshire and Staffordshire,1999,3.557
TLG3,West Midlands,1999,3.2199999999999998
TLH2,Bedfordshire and Hertfordshire,1999,4.56875
TLH3,Essex,1999,4.537857142857142
TLH4,Cambridgeshire and Peterborough,1999,4.451666666666667
TLH5,Norfolk,1999,3.5157142857142856
TLH6,Suffolk,1999,4.096666666666667
TLI3,Inner London - West,1999,8.104999999999999
TLI4,Inner London - East,1999,4.838749999999999
TLI5,Outer London - East and North East,1999,4.291428571428571
TLI6,Outer London - South,1999,5.63
TLI7,Outer London - West and North West,1999,5.842857142857142
TLJ1,"Berkshire, Buckinghamshire and Oxfordshire",1999,5.107692307692308
TLJ2,"Surrey, East and West Sussex",1999,5.4454166666666675
TLJ3,Hampshire and Isle of Wight,1999,4.804285714285713
TLJ4,Kent,1999,4.433846153846154
TLK3,Cornwall and Isles of Scilly,1999,
TLK4,Devon,1999,4.654999999999999
TLK5,West of England,1999,4.003333333333333
TLK6,"North Somerset, Somerset and Dorset",1999,4.04
TLK7,Gloucestershire and Wiltshire,1999,4.29
TLL3,North Wales,1999,3.171666666666667
TLL4,Mid and South West Wales,1999,3.3816666666666664
TLL5,South East Wales,1999,3.065
TLC3,Tees Valley,2000,2.852
TLC4,"Northumberland, Durham and Tyne & Wear",2000,2.9925
TLD1,Cumbria,2000,
TLD3,Greater Manchester,2000,3.0469999999999997
TLD4,Lancashire,2000,3.0885714285714285
TLD6,Cheshire,2000,3.6
TLD7,Merseyside,2000,3.0199999999999996
TLE1,East Yorkshire and Northern Lincolnshire,2000,2.6174999999999997
TLE2,North Yorkshire,2000,3.72
TLE3,South Yorkshire,2000,2.795
TLE4,West Yorkshire,2000,3.0040000000000004
TLF1,Derbyshire and Nottinghamshire,2000,3.4735294117647064
TLF2,"Leicestershire, Rutland and Northamptonshire",2000,4.085555555555556
TLF3,Lincolnshire,2000,3.5085714285714285
TLG1,"Herefordshire, Worcestershire and Warwickshire",2000,4.800833333333332
TLG2,Shropshire and Staffordshire,2000,3.59
TLG3,West Midlands,2000,3.3557142857142854
TLH2,Bedfordshire and Hertfordshire,2000,5.2212499999999995
TLH3,Essex,2000,4.906428571428571
TLH4,Cambridgeshire and Peterborough,2000,4.523333333333333
TLH5,Norfolk,2000,3.7971428571428576
TLH6,Suffolk,2000,4.703333333333333
TLI3,Inner London - West,2000,9.115
TLI4,Inner London - East,2000,5.66375
TLI5,Outer London - East and North East,2000,4.848571428571428
TLI6,Outer London - South,2000,6.4319999999999995
TLI7,Outer London - West and North West,2000,6.467142857142856
TLJ1,"Berkshire, Buckinghamshire and Oxfordshire",2000,5.786153846153846
TLJ2,"Surrey, East and West Sussex",2000,6.219999999999998
TLJ3,Hampshire and Isle of Wight,2000,5.288571428571429
TLJ4,Kent,2000,4.905384615384616
TLK3,Cornwall and Isles of Scilly,2000,
TLK4,Devon,2000,4.987
TLK5,West of England,2000,4.483333333333333
TLK6,"North Somerset, Somerset and Dorset",2000,4.48
TLK7,Gloucestershire and Wiltshire,2000,4.711428571428572
TLL3,North Wales,2000,3.3333333333333335
TLL4,Mid and South West Wales,2000,3.3699999999999997
TLL5,South East Wales,2000,3.222
TLC3,Tees Valley,2001,2.7960000000000003
TLC4,"Northumberland, Durham and Tyne & Wear",2001,2.98
TLD1,Cumbria,2001,
TLD3,Greater Manchester,2001,3.13
TLD4,Lancashire,2001,3.1071428571428568
TLD6,Cheshire,2001,3.75
TLD7,Merseyside,2001,3.1333333333333333
TLE1,East Yorkshire and Northern Lincolnshire,2001,2.7325
TLE2,North Yorkshire,2001,4.27
TLE3,South Yorkshire,2001,2.8075
TLE4,West Yorkshire,2001,3.0279999999999996
TLF1,Derbyshire and Nottinghamshire,2001,3.57764705882353
TLF2,"Leicestershire, Rutland and Northamptonshire",2001,4.419999999999999
TLF3,Lincolnshire,2001,3.9171428571428573
TLG1,"Herefordshire, Worcestershire and Warwickshire",2001,5.154166666666666
TLG2,Shropshire and Staffordshire,2001,3.843
TLG3,West Midlands,2001,3.5442857142857145
TLH2,Bedfordshire and Hertfordshire,2001,5.6362499999999995
TLH3,Essex,2001,5.372857142857142
TLH4,Cambridgeshire and Peterborough,2001,5.028333333333333
TLH5,Norfolk,2001,4.277142857142858
TLH6,Suffolk,2001,4.823333333333333
TLI3,Inner London - West,2001,9.691666666666666
TLI4,Inner London - East,2001,6.3475
TLI5,Outer London - East and North East,2001,5.498571428571428
TLI6,Outer London - South,2001,7.188000000000001
TLI7,Outer London - West and North West,2001,7.114285714285714
TLJ1,"Berkshire, Buckinghamshire and Oxfordshire",2001,6.147692307692308
TLJ2,"Surrey, East and West Sussex",2001,6.701666666666665
TLJ3,Hampshire and Isle of Wight,2001,5.6935714285714285
TLJ4,Kent,2001,5.483846153846155
TLK3,Cornwall and Isles of Scilly,2001,
TLK4,Devon,2001,5.458999999999999
TLK5,West of England,2001,5.046666666666667
TLK6,"North Somerset, Somerset and Dorset",2001,4.84
TLK7,Gloucestershire and Wiltshire,2001,5.0528571428571425
TLL3,North Wales,2001,3.3666666666666667
TLL4,Mid and South West Wales,2001,3.346666666666667
TLL5,South East Wales,2001,3.2739999999999996
TLC3,Tees Valley,2002,2.9539999999999997
TLC4,"Northumberland, Durham and Tyne & Wear",2002,3.29
TLD1,Cumbria,2002,
TLD3,Greater Manchester,2002,3.4540000000000006
TLD4,Lancashire,2002,3.3085714285714287
TLD6,Cheshire,2002,4.5
TLD7,Merseyside,2002,3.408333333333333
TLE1,East Yorkshire and Northern Lincolnshire,2002,2.9075
TLE2,North Yorkshire,2002,4.99
TLE3,South Yorkshire,2002,3.0800000000000005
TLE4,West Yorkshire,2002,3.3200000000000003
TLF1,Derbyshire and Nottinghamshire,2002,3.9729411764705884
TLF2,"Leicestershire, Rutland and Northamptonshire",2002,5.108888888888888
TLF3,Lincolnshire,2002,4.397142857142857
TLG1,"Herefordshire, Worcestershire and Warwickshire",2002,6.232500000000001
TLG2,Shropshire and Staffordshire,2002,4.319999999999999
TLG3,West Midlands,2002,3.9757142857142864
TLH2,Bedfordshire and Hertfordshire,2002,6.23
TLH3,Essex,2002,6.28142857142857
TLH4,Cambridgeshire and Peterborough,2002,5.82
TLH5,Norfolk,2002,5.2542857142857144
TLH6,Suffolk,2002,5.976666666666667
TLI3,Inner London - West,2002,9.961666666666668
TLI4,Inner London - East,2002,6.82375
TLI5,Outer London - East and North East,2002,6.4471428571428575
TLI6,Outer London - South,2002,7.872000000000002
TLI7,Outer London - West and North West,2002,7.971428571428571
TLJ1,"Berkshire, Buckinghamshire and Oxfordshire",2002,6.586153846153847
TLJ2,"Surrey, East and West Sussex",2002,7.346666666666668
TLJ3,Hampshire and Isle of Wight,2002,6.413571428571429
TLJ4,Kent,2002,6.1253846153846165
TLK3,Cornwall and Isles of Scilly,2002,
TLK4,Devon,2002,6.698
TLK5,West of England,2002,5.646666666666667
TLK6,"North Somerset, Somerset and Dorset",2002,5.42
TLK7,Gloucestershire and Wiltshire,2002,5.867142857142857
TLL3,North Wales,2002,3.7266666666666666
TLL4,Mid and South West Wales,2002,3.786666666666667
TLL5,South East Wales,2002,3.636
TLC3,Tees Valley,2003,3.478
TLC4,"Northumberland, Durham and Tyne & Wear",2003,4.147142857142857
TLD1,Cumbria,2003,4.22
TLD3,Greater Manchester,2003,4.023
TLD4,Lancashire,2003,3.98
TLD6,Cheshire,2003,5.31
TLD7,Merseyside,2003,3.94
TLE1,East Yorkshire and Northern Lincolnshire,2003,3.37
TLE2,North Yorkshire,2003,6.41
TLE3,South Yorkshire,2003,3.6800000000000006
TLE4,West Yorkshire,2003,3.936
TLF1,Derbyshire and Nottinghamshire,2003,4.842941176470587
TLF2,"Leicestershire, Rutland and Northamptonshire",2003,6.068181818181818
TLF3,Lincolnshire,2003,5.658571428571428
TLG1,"Herefordshire, Worcestershire and Warwickshire",2003,6.966666666666666
TLG2,Shropshire and Staffordshire,2003,5.257272727272726
TLG3,West Midlands,2003,4.764285714285714
TLH2,Bedfordshire and Hertfordshire,2003,7.144615384615386
TLH3,Essex,2003,7.365
TLH4,Cambridgeshire and Peterborough,2003,6.384999999999999
TLH5,Norfolk,2003,6.417142857142858
TLH6,Suffolk,2003,6.646000000000001
TLI3,Inner London - West,2003,10.290000000000001
TLI4,Inner London - East,2003,7.476249999999999
TLI5,Outer London - East and North East,2003,7.431428571428571
TLI6,Outer London - South,2003,8.528
TLI7,Outer London - West and North West,2003,8.821428571428571
TLJ1,"Berkshire, Buckinghamshire and Oxfordshire",2003,7.272307692307693
TLJ2,"Surrey, East and West Sussex",2003,8.228333333333333
TLJ3,Hampshire and Isle of Wight,2003,7.277142857142857
TLJ4,Kent,2003,6.984615384615385
TLK3,Cornwall and Isles of Scilly,2003,8.01
TLK4,Devon,2003,7.875555555555555
TLK5,West of England,2003,6.489999999999999
TLK6,"North Somerset, Somerset and Dorset",2003,7.6175
TLK7,Gloucestershire and Wiltshire,2003,7.005
TLL3,North Wales,2003,4.536666666666666
TLL4,Mid and South West Wales,2003,4.508333333333333
TLL5,South East Wales,2003,4.122000000000001
TLC3,Tees Valley,2004,4.072
TLC4,"Northumberland, Durham and Tyne & Wear",2004,5.154285714285714
TLD1,Cumbria,2004,5.0649999999999995
TLD3,Greater Manchester,2004,4.813999999999999
TLD4,Lancashire,2004,5.0721428571428575
TLD6,Cheshire,2004,6.343333333333334
TLD7,Merseyside,2004,4.993333333333333
TLE1,East Yorkshire and Northern Lincolnshire,2004,4.2675
TLE2,North Yorkshire,2004,7.045
TLE3,South Yorkshire,2004,4.572500000000001
TLE4,West Yorkshire,2004,4.818
TLF1,Derbyshire and Nottinghamshire,2004,5.6494117647058815
TLF2,"Leicestershire, Rutland and Northamptonshire",2004,6.660909090909092
TLF3,Lincolnshire,2004,6.732857142857142
TLG1,"Herefordshire, Worcestershire and Warwickshire",2004,7.589999999999999
TLG2,Shropshire and Staffordshire,2004,6.102727272727273
TLG3,West Midlands,2004,5.521428571428571
TLH2,Bedfordshire and Hertfordshire,2004,7.64
TLH3,Essex,2004,8.027142857142858
TLH4,Cambridgeshire and Peterborough,2004,6.781666666666666
TLH5,Norfolk,2004,7.065714285714286
TLH6,Suffolk,2004,7.236
TLI3,Inner London - West,2004,10.635
TLI4,Inner London - East,2004,7.538749999999999
TLI5,Outer London - East and North East,2004,7.924285714285714
TLI6,Outer London - South,2004,8.924
TLI7,Outer London - West and North West,2004,9.042857142857141
TLJ1,"Berkshire, Buckinghamshire and Oxfordshire",2004,7.510000000000001
TLJ2,"Surrey, East and West Sussex",2004,8.804166666666665
TLJ3,Hampshire and Isle of Wight,2004,7.913571428571429
TLJ4,Kent,2004,7.62
TLK3,Cornwall and Isles of Scilly,2004,9.39
TLK4,Devon,2004,8.747
TLK5,West of England,2004,6.916666666666667
TLK6,"North Somerset, Somerset and Dorset",2004,8.3925
TLK7,Gloucestershire and Wiltshire,2004,7.572499999999999
TLL3,North Wales,2004,5.5183333333333335
TLL4,Mid and South West Wales,2004,6.095
TLL5,South East Wales,2004,4.961000000000001
TLC3,Tees Valley,2005,4.486
TLC4,"Northumberland, Durham and Tyne & Wear",2005,5.402857142857143
TLD1,Cumbria,2005,5.615
TLD3,Greater Manchester,2005,5.398000000000001
TLD4,Lancashire,2005,5.377857142857144
TLD6,Cheshire,2005,6.483333333333333
TLD7,Merseyside,2005,5.373333333333334
TLE1,East Yorkshire and Northern Lincolnshire,2005,4.5125
TLE2,North Yorkshire,2005,7.51
TLE3,South Yorkshire,2005,5.0475
TLE4,West Yorkshire,2005,5.286
TLF1,Derbyshire and Nottinghamshire,2005,5.988823529411765
TLF2,"Leicestershire, Rutland and Northamptonshire",2005,7.000000000000001
TLF3,Lincolnshire,2005,7.047142857142857
TLG1,"Herefordshire, Worcestershire and Warwickshire",2005,7.805
TLG2,Shropshire and Staffordshire,2005,6.372727272727272
TLG3,West Midlands,2005,5.791428571428573
TLH2,Bedfordshire and Hertfordshire,2005,7.716153846153848
TLH3,Essex,2005,8.18357142857143
TLH4,Cambridgeshire and Peterborough,2005,7.289999999999999
TLH5,Norfolk,2005,7.337142857142857
TLH6,Suffolk,2005,7.589999999999999
TLI3,Inner London - West,2005,11.01
TLI4,Inner London - East,2005,7.695
TLI5,Outer London - East and North East,2005,7.807142857142858
TLI6,Outer London - South,2005,8.722
TLI7,Outer London - West and North West,2005,8.997142857142856
TLJ1,"Berkshire, Buckinghamshire and Oxfordshire",2005,7.783846153846154
TLJ2,"Surrey, East and West Sussex",2005,8.989166666666666
TLJ3,Hampshire and Isle of Wight,2005,8.063571428571429
TLJ4,Kent,2005,7.807692307692308
TLK3,Cornwall and Isles of Scilly,2005,9.77
TLK4,Devon,2005,9.409
TLK5,West of England,2005,7.260000000000001
TLK6,"North Somerset, Somerset and Dorset",2005,8.530000000000001
TLK7,Gloucestershire and Wiltshire,2005,7.813750000000001
TLL3,North Wales,2005,6.266666666666667
TLL4,Mid and South West Wales,2005,6.7683333333333335
TLL5,South East Wales,2005,5.417
TLC3,Tees Valley,2006,5.112
TLC4,"Northumberland, Durham and Tyne & Wear",2006,5.842857142857143
TLD1,Cumbria,2006,6.01
TLD3,Greater Manchester,2006,5.7379999999999995
TLD4,Lancashire,2006,5.7700000000000005
TLD6,Cheshire,2006,6.743333333333333
TLD7,Merseyside,2006,5.691666666666666
TLE1,East Yorkshire and Northern Lincolnshire,2006,4.8374999999999995
TLE2,North Yorkshire,2006,7.87
TLE3,South Yorkshire,2006,5.422499999999999
TLE4,West Yorkshire,2006,5.67
TLF1,Derbyshire and Nottinghamshire,2006,6.025294117647059
TLF2,"Leicestershire, Rutland and Northamptonshire",2006,6.9772727272727275
TLF3,Lincolnshire,2006,6.9799999999999995
TLG1,"Herefordshire, Worcestershire and Warwickshire",2006,7.846666666666668
TLG2,Shropshire and Staffordshire,2006,6.54909090909091
TLG3,West Midlands,2006,5.910000000000001
TLH2,Bedfordshire and Hertfordshire,2006,7.9438461538461524
TLH3,Essex,2006,8.233571428571429
TLH4,Cambridgeshire and Peterborough,2006,7.31
TLH5,Norfolk,2006,7.395714285714285
TLH6,Suffolk,2006,7.4
TLI3,Inner London - West,2006,11.813333333333333
TLI4,Inner London - East,2006,7.757499999999999
TLI5,Outer London - East and North East,2006,7.799999999999999
TLI6,Outer London - South,2006,8.895999999999999
TLI7,Outer London - West and North West,2006,9.518571428571429
TLJ1,"Berkshire, Buckinghamshire and Oxfordshire",2006,8.022307692307692
TLJ2,"Surrey, East and West Sussex",2006,9.162083333333333
TLJ3,Hampshire and Isle of Wight,2006,8.007142857142856
TLJ4,Kent,2006,8.094615384615384
TLK3,Cornwall and Isles of Scilly,2006,9.56
TLK4,Devon,2006,9.532
TLK5,West of England,2006,7.226666666666667
TLK6,"North Somerset, Somerset and Dorset",2006,8.545
TLK7,Gloucestershire and Wiltshire,2006,8.05125
TLL3,North Wales,2006,6.576666666666667
TLL4,Mid and South West Wales,2006,7.031666666666666
TLL5,South East Wales,2006,5.797
TLC3,Tees Valley,2007,5.314
TLC4,"Northumberland, Durham and Tyne & Wear",2007,6.032857142857142
TLD1,Cumbria,2007,6.22
TLD3,Greater Manchester,2007,5.9479999999999995
TLD4,Lancashire,2007,5.966428571428572
TLD6,Cheshire,2007,6.543333333333333
TLD7,Merseyside,2007,5.815
TLE1,East Yorkshire and Northern Lincolnshire,2007,5.147500000000001
TLE2,North Yorkshire,2007,7.745000000000001
TLE3,South Yorkshire,2007,5.51
TLE4,West Yorkshire,2007,5.87
TLF1,Derbyshire and Nottinghamshire,2007,6.191764705882353
TLF2,"Leicestershire, Rutland and Northamptonshire",2007,7.166363636363636
TLF3,Lincolnshire,2007,7.367142857142857
TLG1,"Herefordshire, Worcestershire and Warwickshire",2007,8.200000000000001
TLG2,Shropshire and Staffordshire,2007,6.8554545454545455
TLG3,West Midlands,2007,6.022857142857143
TLH2,Bedfordshire and Hertfordshire,2007,8.422307692307694
TLH3,Essex,2007,8.527142857142858
TLH4,Cambridgeshire and Peterborough,2007,7.655
TLH5,Norfolk,2007,7.884285714285715
TLH6,Suffolk,2007,7.804
TLI3,Inner London - West,2007,13.065
TLI4,Inner London - East,2007,8.4625
TLI5,Outer London - East and North East,2007,8.002857142857142
TLI6,Outer London - South,2007,9.395999999999999
TLI7,Outer London - West and North West,2007,10.010000000000002
TLJ1,"Berkshire, Buckinghamshire and Oxfordshire",2007,8.330769230769231
TLJ2,"Surrey, East and West Sussex",2007,9.60625
TLJ3,Hampshire and Isle of Wight,2007,8.230714285714287
TLJ4,Kent,2007,8.368461538461538
TLK3,Cornwall and Isles of Scilly,2007,9.83
TLK4,Devon,2007,10.09
TLK5,West of England,2007,7.783333333333334
TLK6,"North Somerset, Somerset and Dorset",2007,8.857500000000002
TLK7,Gloucestershire and Wiltshire,2007,8.04875
TLL3,North Wales,2007,7.081666666666667
TLL4,Mid and South West Wales,2007,7.346666666666667
TLL5,South East Wales,2007,6.047999999999999
TLC3,Tees Valley,2008,5.180000000000001
TLC4,"Northumberland, Durham and Tyne & Wear",2008,5.840000000000002
TLD1,Cumbria,2008,6.12
TLD3,Greater Manchester,2008,5.785
TLD4,Lancashire,2008,5.752142857142857
TLD6,Cheshire,2008,6.386666666666667
TLD7,Merseyside,2008,5.496666666666666
TLE1,East Yorkshire and Northern Lincolnshire,2008,5.135
TLE2,North Yorkshire,2008,7.550000000000001
TLE3,South Yorkshire,2008,5.2975
TLE4,West Yorkshire,2008,5.634
TLF1,Derbyshire and Nottinghamshire,2008,5.837058823529411
TLF2,"Leicestershire, Rutland and Northamptonshire",2008,6.8927272727272735
TLF3,Lincolnshire,2008,7.01
TLG1,"Herefordshire, Worcestershire and Warwickshire",2008,7.779166666666666
TLG2,Shropshire and Staffordshire,2008,6.466363636363638
TLG3,West Midlands,2008,5.648571428571429
TLH2,Bedfordshire and Hertfordshire,2008,8.30923076923077
TLH3,Essex,2008,8.371428571428572
TLH4,Cambridgeshire and Peterborough,2008,7.488333333333334
TLH5,Norfolk,2008,7.414285714285714
TLH6,Suffolk,2008,7.5299999999999985
TLI3,Inner London - West,2008,13.335
TLI4,Inner London - East,2008,8.605
TLI5,Outer London - East and North East,2008,8.049999999999999
TLI6,Outer London - South,2008,9.524000000000001
TLI7,Outer London - West and North West,2008,9.838571428571427
TLJ1,"Berkshire, Buckinghamshire and Oxfordshire",2008,8.277692307692307
TLJ2,"Surrey, East and West Sussex",2008,9.57125
TLJ3,Hampshire and Isle of Wight,2008,8.260000000000002
TLJ4,Kent,2008,8.008461538461539
TLK3,Cornwall and Isles of Scilly,2008,9.46
TLK4,Devon,2008,9.654999999999998
TLK5,West of England,2008,7.836666666666666
TLK6,"North Somerset, Somerset and Dorset",2008,8.794999999999998
TLK7,Gloucestershire and Wiltshire,2008,7.9825
TLL3,North Wales,2008,6.734999999999999
TLL4,Mid and South West Wales,2008,7.1049999999999995
TLL5,South East Wales,2008,5.865
TLC3,Tees Valley,2009,4.916
TLC4,"Northumberland, Durham and Tyne & Wear",2009,5.317142857142858
TLD1,Cumbria,2009,5.845
TLD3,Greater Manchester,2009,5.151
TLD4,Lancashire,2009,5.36642857142857
TLD6,Cheshire,2009,5.996666666666667
TLD7,Merseyside,2009,5.1866666666666665
TLE1,East Yorkshire and Northern Lincolnshire,2009,4.6725
TLE2,North Yorkshire,2009,6.79
TLE3,South Yorkshire,2009,4.7725
TLE4,West Yorkshire,2009,5.106
TLF1,Derbyshire and Nottinghamshire,2009,5.35235294117647
TLF2,"Leicestershire, Rutland and Northamptonshire",2009,6.140000000000001
TLF3,Lincolnshire,2009,6.017142857142857
TLG1,"Herefordshire, Worcestershire and Warwickshire",2009,7.039999999999999
TLG2,Shropshire and Staffordshire,2009,6.085454545454545
TLG3,West Midlands,2009,5.278571428571429
TLH2,Bedfordshire and Hertfordshire,2009,7.599230769230768
TLH3,Essex,2009,7.560714285714286
TLH4,Cambridgeshire and Peterborough,2009,6.533333333333334
TLH5,Norfolk,2009,6.67
TLH6,Suffolk,2009,6.67
TLI3,Inner London - West,2009,12.725
TLI4,Inner London - East,2009,7.758749999999999
TLI5,Outer London - East and North East,2009,7.0842857142857145
TLI6,Outer London - South,2009,8.63
TLI7,Outer London - West and North West,2009,8.97
TLJ1,"Berkshire, Buckinghamshire and Oxfordshire",2009,7.3415384615384625
TLJ2,"Surrey, East and West Sussex",2009,8.63875
TLJ3,Hampshire and Isle of Wight,2009,7.254285714285714
TLJ4,Kent,2009,7.024615384615384
TLK3,Cornwall and Isles of Scilly,2009,16.64
TLK4,Devon,2009,8.709
TLK5,West of England,2009,6.793333333333334
TLK6,"North Somerset, Somerset and Dorset",2009,7.735
TLK7,Gloucestershire and Wiltshire,2009,7.16125
TLL3,North Wales,2009,5.861666666666667
TLL4,Mid and South West Wales,2009,6.468333333333334
TLL5,South East Wales,2009,5.2780000000000005
TLC3,Tees Valley,2010,5.174
TLC4,"Northumberland, Durham and Tyne & Wear",2010,5.5200000000000005
TLD1,Cumbria,2010,6.025
TLD3,Greater Manchester,2010,5.372
TLD4,Lancashire,2010,5.6464285714285705
TLD6,Cheshire,2010,6.516666666666667
TLD7,Merseyside,2010,5.2250000000000005
TLE1,East Yorkshire and Northern Lincolnshire,2010,4.935
TLE2,North Yorkshire,2010,7.335
TLE3,South Yorkshire,2010,4.9399999999999995
TLE4,West Yorkshire,2010,5.438
TLF1,Derbyshire and Nottinghamshire,2010,5.735294117647058
TLF2,"Leicestershire, Rutland and Northamptonshire",2010,6.6445454545454545
TLF3,Lincolnshire,2010,6.202857142857143
TLG1,"Herefordshire, Worcestershire and Warwickshire",2010,7.5775
TLG2,Shropshire and Staffordshire,2010,6.324545454545454
TLG3,West Midlands,2010,5.541428571428571
TLH2,Bedfordshire and Hertfordshire,2010,8.223846153846154
TLH3,Essex,2010,8.232142857142858
TLH4,Cambridgeshire and Peterborough,2010,7.086666666666667
TLH5,Norfolk,2010,7.0600000000000005
TLH6,Suffolk,2010,7.324
TLI3,Inner London - West,2010,14.196666666666665
TLI4,Inner London - East,2010,8.38625
TLI5,Outer London - East and North East,2010,7.6571428571428575
TLI6,Outer London - South,2010,9.312000000000001
TLI7,Outer London - West and North West,2010,9.905714285714286
TLJ1,"Berkshire, Buckinghamshire and Oxfordshire",2010,7.941538461538461
TLJ2,"Surrey, East and West Sussex",2010,9.448749999999999
TLJ3,Hampshire and Isle of Wight,2010,7.737142857142857
TLJ4,Kent,2010,7.703846153846153
TLK3,Cornwall and Isles of Scilly,2010,8.68
TLK4,Devon,2010,9.169999999999998
TLK5,West of England,2010,7.303333333333332
TLK6,"North Somerset, Somerset and Dorset",2010,8.41
TLK7,Gloucestershire and Wiltshire,2010,7.9425
TLL3,North Wales,2010,6.161666666666666
TLL4,Mid and South West Wales,2010,6.583333333333333
TLL5,South East Wales,2010,5.35
TLC3,Tees Valley,2011,4.790000000000001
TLC4,"Northumberland, Durham and Tyne & Wear",2011,5.104285714285714
TLD1,Cumbria,2011,5.885
TLD3,Greater Manchester,2011,5.161
TLD4,Lancashire,2011,5.338571428571428
TLD6,Cheshire,2011,6.276666666666666
TLD7,Merseyside,2011,5.1866666666666665
TLE1,East Yorkshire and Northern Lincolnshire,2011,4.7325
TLE2,North Yorkshire,2011,7.34
TLE3,South Yorkshire,2011,4.725
TLE4,West Yorkshire,2011,5.273999999999999
TLF1,Derbyshire and Nottinghamshire,2011,5.683529411764706
TLF2,"Leicestershire, Rutland and Northamptonshire",2011,6.584545454545455
TLF3,Lincolnshire,2011,6.201428571428572
TLG1,"Herefordshire, Worcestershire and Warwickshire",2011,7.580000000000001
TLG2,Shropshire and Staffordshire,2011,6.158181818181819
TLG3,West Midlands,2011,5.374285714285714
TLH2,Bedfordshire and Hertfordshire,2011,8.636923076923075
TLH3,Essex,2011,8.162142857142857
TLH4,Cambridgeshire and Peterborough,2011,7.02
TLH5,Norfolk,2011,6.6414285714285715
TLH6,Suffolk,2011,6.935999999999998
TLI3,Inner London - West,2011,14.680000000000001
TLI4,Inner London - East,2011,8.785
TLI5,Outer London - East and North East,2011,7.911428571428572
TLI6,Outer London - South,2011,9.4
TLI7,Outer London - West and North West,2011,10.117142857142856
TLJ1,"Berkshire, Buckinghamshire and Oxfordshire",2011,7.924615384615384
TLJ2,"Surrey, East and West Sussex",2011,9.515416666666669
TLJ3,Hampshire and Isle of Wight,2011,7.782142857142859
TLJ4,Kent,2011,7.453846153846156
TLK3,Cornwall and Isles of Scilly,2011,8.86
TLK4,Devon,2011,8.837
TLK5,West of England,2011,7.373333333333334
TLK6,"North Somerset, Somerset and Dorset",2011,8.1725
TLK7,Gloucestershire and Wiltshire,2011,7.7525
TLL3,North Wales,2011,6.114999999999999
TLL4,Mid and South West Wales,2011,6.261666666666667
TLL5,South East Wales,2011,5.261000000000001
TLC3,Tees Valley,2012,4.7299999999999995
TLC4,"Northumberland, Durham and Tyne & Wear",2012,4.988571428571428
TLD1,Cumbria,2012,5.71
TLD3,Greater Manchester,2012,5.146
TLD4,Lancashire,2012,5.333571428571429
TLD6,Cheshire,2012,6.153333333333333
TLD7,Merseyside,2012,5.013333333333333
TLE1,East Yorkshire and Northern Lincolnshire,2012,4.61
TLE2,North Yorkshire,2012,7.195
TLE3,South Yorkshire,2012,4.7625
TLE4,West Yorkshire,2012,5.116
TLF1,Derbyshire and Nottinghamshire,2012,5.486470588235294
TLF2,"Leicestershire, Rutland and Northamptonshire",2012,6.47
TLF3,Lincolnshire,2012,6.082857142857143
TLG1,"Herefordshire, Worcestershire and Warwickshire",2012,7.491666666666666
TLG2,Shropshire and Staffordshire,2012,6.113636363636363
TLG3,West Midlands,2012,5.211428571428571
TLH2,Bedfordshire and Hertfordshire,2012,8.452307692307693
TLH3,Essex,2012,8.114285714285714
TLH4,Cambridgeshire and Peterborough,2012,7.033333333333334
TLH5,Norfolk,2012,6.521428571428572
TLH6,Suffolk,2012,7.228
TLI3,Inner London - West,2012,15.550000000000002
TLI4,Inner London - East,2012,8.88
TLI5,Outer London - East and North East,2012,7.997142857142857
TLI6,Outer London - South,2012,9.58
TLI7,Outer London - West and North West,2012,10.355714285714285
TLJ1,"Berkshire, Buckinghamshire and Oxfordshire",2012,7.996153846153846
TLJ2,"Surrey, East and West Sussex",2012,9.479583333333334
TLJ3,Hampshire and Isle of Wight,2012,7.760714285714285
TLJ4,Kent,2012,7.491538461538462
TLK3,Cornwall and Isles of Scilly,2012,8.85
TLK4,Devon,2012,8.678
TLK5,West of England,2012,7.533333333333334
TLK6,"North Somerset, Somerset and Dorset",2012,7.9925
TLK7,Gloucestershire and Wiltshire,2012,7.474999999999999
TLL3,North Wales,2012,5.823333333333334
TLL4,Mid and South West Wales,2012,6.2633333333333345
TLL5,South East Wales,2012,5.2749999999999995
TLC3,Tees Valley,2013,4.856
TLC4,"Northumberland, Durham and Tyne & Wear",2013,5.0928571428571425
TLD1,Cumbria,2013,5.26
TLD3,Greater Manchester,2013,5.223
TLD4,Lancashire,2013,5.374999999999999
TLD6,Cheshire,2013,6.476666666666667
TLD7,Merseyside,2013,4.87
TLE1,East Yorkshire and Northern Lincolnshire,2013,4.54
TLE2,North Yorkshire,2013,6.925
TLE3,South Yorkshire,2013,4.7625
TLE4,West Yorkshire,2013,5.142
TLF1,Derbyshire and Nottinghamshire,2013,5.464705882352942
TLF2,"Leicestershire, Rutland and Northamptonshire",2013,6.53909090909091
TLF3,Lincolnshire,2013,5.887142857142857
TLG1,"Herefordshire, Worcestershire and Warwickshire",2013,7.373333333333332
TLG2,Shropshire and Staffordshire,2013,5.78181818181818
TLG3,West Midlands,2013,5.235714285714286
TLH2,Bedfordshire and Hertfordshire,2013,8.635384615384615
TLH3,Essex,2013,8.135714285714284
TLH4,Cambridgeshire and Peterborough,2013,7.080000000000001
TLH5,Norfolk,2013,6.808571428571429
TLH6,Suffolk,2013,7.214
TLI3,Inner London - West,2013,17.768333333333334
TLI4,Inner London - East,2013,9.502500000000001
TLI5,Outer London - East and North East,2013,8.11857142857143
TLI6,Outer London - South,2013,9.654
TLI7,Outer London - West and North West,2013,11.031428571428572
TLJ1,"Berkshire, Buckinghamshire and Oxfordshire",2013,8.206153846153846
TLJ2,"Surrey, East and West Sussex",2013,9.909166666666666
TLJ3,Hampshire and Isle of Wight,2013,7.869999999999998
TLJ4,Kent,2013,7.7869230769230775
TLK3,Cornwall and Isles of Scilly,2013,8.56
TLK4,Devon,2013,8.66
TLK5,West of England,2013,7.3566666666666665
TLK6,"North Somerset, Somerset and Dorset",2013,7.8149999999999995
TLK7,Gloucestershire and Wiltshire,2013,7.468750000000001
TLL3,North Wales,2013,5.695
TLL4,Mid and South West Wales,2013,5.963333333333334
TLL5,South East Wales,2013,5.235000000000001
TLC3,Tees Valley,2014,4.901999999999999
TLC4,"Northumberland, Durham and Tyne & Wear",2014,5.247142857142857
TLD1,Cumbria,2014,5.49
TLD3,Greater Manchester,2014,5.566999999999999
TLD4,Lancashire,2014,5.422857142857142
TLD6,Cheshire,2014,6.59
TLD7,Merseyside,2014,5.031666666666666
TLE1,East Yorkshire and Northern Lincolnshire,2014,4.915
TLE2,North Yorkshire,2014,7.34
TLE3,South Yorkshire,2014,4.9575
TLE4,West Yorkshire,2014,5.2379999999999995
TLF1,Derbyshire and Nottinghamshire,2014,5.709411764705882
TLF2,"Leicestershire, Rutland and Northamptonshire",2014,6.912727272727272
TLF3,Lincolnshire,2014,6.314285714285714
TLG1,"Herefordshire, Worcestershire and Warwickshire",2014,7.738333333333333
TLG2,Shropshire and Staffordshire,2014,6.111818181818182
TLG3,West Midlands,2014,5.55
TLH2,Bedfordshire and Hertfordshire,2014,9.283076923076923
TLH3,Essex,2014,8.657857142857143
TLH4,Cambridgeshire and Peterborough,2014,7.676666666666666
TLH5,Norfolk,2014,7.155714285714285
TLH6,Suffolk,2014,7.518000000000001
TLI3,Inner London - West,2014,21.035
TLI4,Inner London - East,2014,11.08875
TLI5,Outer London - East and North East,2014,9.364285714285714
TLI6,Outer London - South,2014,11.196
TLI7,Outer London - West and North West,2014,12.271428571428572
TLJ1,"Berkshire, Buckinghamshire and Oxfordshire",2014,8.680769230769231
TLJ2,"Surrey, East and West Sussex",2014,10.612916666666667
TLJ3,Hampshire and Isle of Wight,2014,8.174285714285714
TLJ4,Kent,2014,8.319230769230769
TLK3,Cornwall and Isles of Scilly,2014,8.65
TLK4,Devon,2014,8.569
TLK5,West of England,2014,7.75
TLK6,"North Somerset, Somerset and Dorset",2014,8.2075
TLK7,Gloucestershire and Wiltshire,2014,7.8987500000000015
TLL3,North Wales,2014,5.678333333333334
TLL4,Mid and South West Wales,2014,6.148333333333333
TLL5,South East Wales,2014,5.463
TLC3,Tees Valley,2015,4.926
TLC4,"Northumberland, Durham and Tyne & Wear",2015,5.398571428571429
TLD1,Cumbria,2015,5.845000000000001
TLD3,Greater Manchester,2015,5.7299999999999995
TLD4,Lancashire,2015,5.305000000000001
TLD6,Cheshire,2015,6.846666666666667
TLD7,Merseyside,2015,5.123333333333334
TLE1,East Yorkshire and Northern Lincolnshire,2015,4.975
TLE2,North Yorkshire,2015,7.99
TLE3,South Yorkshire,2015,5.027500000000001
TLE4,West Yorkshire,2015,5.444
TLF1,Derbyshire and Nottinghamshire,2015,6.137647058823529
TLF2,"Leicestershire, Rutland and Northamptonshire",2015,7.3999999999999995
TLF3,Lincolnshire,2015,6.624285714285714
TLG1,"Herefordshire, Worcestershire and Warwickshire",2015,8.1725
TLG2,Shropshire and Staffordshire,2015,6.422727272727272
TLG3,West Midlands,2015,5.607142857142857
TLH2,Bedfordshire and Hertfordshire,2015,10.255384615384616
TLH3,Essex,2015,9.497142857142856
TLH4,Cambridgeshire and Peterborough,2015,8.428333333333333
TLH5,Norfolk,2015,7.28
TLH6,Suffolk,2015,7.914
TLI3,Inner London - West,2015,22.019999999999996
TLI4,Inner London - East,2015,12.521249999999998
TLI5,Outer London - East and North East,2015,10.348571428571429
TLI6,Outer London - South,2015,12.062000000000001
TLI7,Outer London - West and North West,2015,13.465714285714286
TLJ1,"Berkshire, Buckinghamshire and Oxfordshire",2015,9.465384615384616
TLJ2,"Surrey, East and West Sussex",2015,11.22375
TLJ3,Hampshire and Isle of Wight,2015,8.577857142857143
TLJ4,Kent,2015,8.917692307692308
TLK3,Cornwall and Isles of Scilly,2015,9.0
TLK4,Devon,2015,9.181000000000001
TLK5,West of England,2015,8.256666666666666
TLK6,"North Somerset, Somerset and Dorset",2015,8.672500000000001
TLK7,Gloucestershire and Wiltshire,2015,8.181250000000002
TLL3,North Wales,2015,5.859999999999999
TLL4,Mid and South West Wales,2015,6.163333333333334
TLL5,South East Wales,2015,5.574
TLC3,Tees Valley,2016,4.9879999999999995
TLC4,"Northumberland, Durham and Tyne & Wear",2016,5.492857142857142
TLD1,Cumbria,2016,5.91
TLD3,Greater Manchester,2016,5.8500000000000005
TLD4,Lancashire,2016,5.484285714285713
TLD6,Cheshire,2016,6.896666666666667
TLD7,Merseyside,2016,5.233333333333333
TLE1,East Yorkshire and Northern Lincolnshire,2016,5.015000000000001
TLE2,North Yorkshire,2016,8.1
TLE3,South Yorkshire,2016,5.069999999999999
TLE4,West Yorkshire,2016,5.434
TLF1,Derbyshire and Nottinghamshire,2016,6.25764705882353
TLF2,"Leicestershire, Rutland and Northamptonshire",2016,7.554545454545456
TLF3,Lincolnshire,2016,6.615714285714286
TLG1,"Herefordshire, Worcestershire and Warwickshire",2016,8.2275
TLG2,Shropshire and Staffordshire,2016,6.452727272727272
TLG3,West Midlands,2016,5.751428571428571
TLH2,Bedfordshire and Hertfordshire,2016,11.21
TLH3,Essex,2016,10.417857142857143
TLH4,Cambridgeshire and Peterborough,2016,8.898333333333333
TLH5,Norfolk,2016,7.558571428571429
TLH6,Suffolk,2016,8.5
TLI3,Inner London - West,2016,22.8
TLI4,Inner London - East,2016,13.5275
TLI5,Outer London - East and North East,2016,12.171428571428569
TLI6,Outer London - South,2016,13.354000000000003
TLI7,Outer London - West and North West,2016,14.317142857142857
TLJ1,"Berkshire, Buckinghamshire and Oxfordshire",2016,10.210769230769229
TLJ2,"Surrey, East and West Sussex",2016,11.904166666666667
TLJ3,Hampshire and Isle of Wight,2016,9.320714285714287
TLJ4,Kent,2016,9.75
TLK3,Cornwall and Isles of Scilly,2016,9.13
TLK4,Devon,2016,9.177
TLK5,West of England,2016,9.03
TLK6,"North Somerset, Somerset and Dorset",2016,9.08
TLK7,Gloucestershire and Wiltshire,2016,8.590000000000002
TLL3,North Wales,2016,5.98
TLL4,Mid and South West Wales,2016,6.136666666666667
TLL5,South East Wales,2016,5.593999999999999
TLC3,Tees Valley,2017,5.16
TLC4,"Northumberland, Durham and Tyne & Wear",2017,5.498571428571429
TLD1,Cumbria,2017,5.95
TLD3,Greater Manchester,2017,6.145999999999999
TLD4,Lancashire,2017,5.503571428571428
TLD6,Cheshire,2017,7.0633333333333335
TLD7,Merseyside,2017,5.345
TLE1,East Yorkshire and Northern Lincolnshire,2017,5.4575000000000005
TLE2,North Yorkshire,2017,8.4
TLE3,South Yorkshire,2017,5.205
TLE4,West Yorkshire,2017,5.534
TLF1,Derbyshire and Nottinghamshire,2017,6.434705882352941
TLF2,"Leicestershire, Rutland and Northamptonshire",2017,7.879090909090908
TLF3,Lincolnshire,2017,6.92
TLG1,"Herefordshire, Worcestershire and Warwickshire",2017,8.415000000000001
TLG2,Shropshire and Staffordshire,2017,6.757272727272727
TLG3,West Midlands,2017,5.974285714285714
TLH2,Bedfordshire and Hertfordshire,2017,11.62692307692308
TLH3,Essex,2017,10.88714285714286
TLH4,Cambridgeshire and Peterborough,2017,9.486666666666666
TLH5,Norfolk,2017,8.42142857142857
TLH6,Suffolk,2017,9.036
TLI3,Inner London - West,2017,23.650000000000002
TLI4,Inner London - East,2017,14.030000000000001
TLI5,Outer London - East and North East,2017,12.86
TLI6,Outer London - South,2017,13.925999999999998
TLI7,Outer London - West and North West,2017,15.322857142857142
TLJ1,"Berkshire, Buckinghamshire and Oxfordshire",2017,10.635384615384615
TLJ2,"Surrey, East and West Sussex",2017,12.275
TLJ3,Hampshire and Isle of Wight,2017,9.68642857142857
TLJ4,Kent,2017,10.474615384615383
TLK3,Cornwall and Isles of Scilly,2017,8.96
TLK4,Devon,2017,9.329
TLK5,West of England,2017,9.383333333333333
TLK6,"North Somerset, Somerset and Dorset",2017,9.57
TLK7,Gloucestershire and Wiltshire,2017,8.915
TLL3,North Wales,2017,6.078333333333333
TLL4,Mid and South West Wales,2017,6.039999999999999
TLL5,South East Wales,2017,5.606
TLC3,Tees Valley,2018,5.21
TLC4,"Northumberland, Durham and Tyne & Wear",2018,5.568571428571429
TLD1,Cumbria,2018,5.785
TLD3,Greater Manchester,2018,6.238999999999999
TLD4,Lancashire,2018,5.496428571428573
TLD6,Cheshire,2018,7.116666666666667
TLD7,Merseyside,2018,5.263333333333333
TLE1,East Yorkshire and Northern Lincolnshire,2018,5.3525
TLE2,North Yorkshire,2018,8.5
TLE3,South Yorkshire,2018,5.25
TLE4,West Yorkshire,2018,5.5840000000000005
TLF1,Derbyshire and Nottinghamshire,2018,6.413529411764706
TLF2,"Leicestershire, Rutland and Northamptonshire",2018,8.152727272727272
TLF3,Lincolnshire,2018,7.051428571428571
TLG1,"Herefordshire, Worcestershire and Warwickshire",2018,8.871666666666668
TLG2,Shropshire and Staffordshire,2018,6.86090909090909
TLG3,West Midlands,2018,6.087142857142857
TLH2,Bedfordshire and Hertfordshire,2018,11.69076923076923
TLH3,Essex,2018,11.19642857142857
TLH4,Cambridgeshire and Peterborough,2018,9.771666666666667
TLH5,Norfolk,2018,8.317142857142857
TLH6,Suffolk,2018,9.15
TLI3,Inner London - West,2018,23.281666666666666
TLI4,Inner London - East,2018,14.147499999999997
TLI5,Outer London - East and North East,2018,12.954285714285714
TLI6,Outer London - South,2018,13.969999999999999
TLI7,Outer London - West and North West,2018,15.368571428571428
TLJ1,"Berkshire, Buckinghamshire and Oxfordshire",2018,10.524615384615386
TLJ2,"Surrey, East and West Sussex",2018,12.482083333333335
TLJ3,Hampshire and Isle of Wight,2018,9.701428571428574
TLJ4,Kent,2018,10.660769230769231
TLK3,Cornwall and Isles of Scilly,2018,9.3
TLK4,Devon,2018,9.427000000000001
TLK5,West of England,2018,9.253333333333332
TLK6,"North Somerset, Somerset and Dorset",2018,9.5075
TLK7,Gloucestershire and Wiltshire,2018,9.120000000000001
TLL3,North Wales,2018,6.128333333333334
TLL4,Mid and South West Wales,2018,6.035
TLL5,South East Wales,2018,5.758000000000001
TLC3,Tees Valley,2019,5.055999999999999
TLC4,"Northumberland, Durham and Tyne & Wear",2019,5.512857142857143
TLD1,Cumbria,2019,5.855
TLD3,Greater Manchester,2019,6.3870000000000005
TLD4,Lancashire,2019,5.421428571428572
TLD6,Cheshire,2019,7.236666666666667
TLD7,Merseyside,2019,5.344999999999999
TLE1,East Yorkshire and Northern Lincolnshire,2019,5.26
TLE2,North Yorkshire,2019,7.970000000000001
TLE3,South Yorkshire,2019,5.1975
TLE4,West Yorkshire,2019,5.632
TLF1,Derbyshire and Nottinghamshire,2019,6.645294117647061
TLF2,"Leicestershire, Rutland and Northamptonshire",2019,8.22090909090909
TLF3,Lincolnshire,2019,7.021428571428571
TLG1,"Herefordshire, Worcestershire and Warwickshire",2019,8.766666666666667
TLG2,Shropshire and Staffordshire,2019,6.988181818181818
TLG3,West Midlands,2019,6.2299999999999995
TLH2,Bedfordshire and Hertfordshire,2019,11.296923076923077
TLH3,Essex,2019,10.800714285714283
TLH4,Cambridgeshire and Peterborough,2019,9.523333333333333
TLH5,Norfolk,2019,8.185714285714285
TLH6,Suffolk,2019,8.862
TLI3,Inner London - West,2019,22.021666666666665
TLI4,Inner London - East,2019,14.0425
TLI5,Outer London - East and North East,2019,12.914285714285715
TLI6,Outer London - South,2019,13.234
TLI7,Outer London - West and North West,2019,14.53857142857143
TLJ1,"Berkshire, Buckinghamshire and Oxfordshire",2019,10.37153846153846
TLJ2,"Surrey, East and West Sussex",2019,12.044166666666664
TLJ3,Hampshire and Isle of Wight,2019,9.530714285714286
TLJ4,Kent,2019,10.041538461538462
TLK3,Cornwall and Isles of Scilly,2019,13.015
TLK4,Devon,2019,9.533
TLK5,West of England,2019,9.233333333333333
TLK6,"North Somerset, Somerset and Dorset",2019,9.317499999999999
TLK7,Gloucestershire and Wiltshire,2019,9.040000000000001
TLL3,North Wales,2019,6.138333333333332
TLL4,Mid and South West Wales,2019,6.031666666666666
TLL5,South East Wales,2019,5.714999999999999
TLC3,Tees Valley,2020,5.0280000000000005
TLC4,"Northumberland, Durham and Tyne & Wear",2020,5.388571428571429
TLD1,Cumbria,2020,5.525
TLD3,Greater Manchester,2020,6.472999999999999
TLD4,Lancashire,2020,5.496428571428572
TLD6,Cheshire,2020,7.313333333333333
TLD7,Merseyside,2020,5.275
TLE1,East Yorkshire and Northern Lincolnshire,2020,5.18
TLE2,North Yorkshire,2020,8.145
TLE3,South Yorkshire,2020,5.2925
TLE4,West Yorkshire,2020,5.6899999999999995
TLF1,Derbyshire and Nottinghamshire,2020,6.711176470588235
TLF2,"Leicestershire, Rutland and Northamptonshire",2020,8.229090909090909
TLF3,Lincolnshire,2020,6.840000000000002
TLG1,"Herefordshire, Worcestershire and Warwickshire",2020,8.805000000000001
TLG2,Shropshire and Staffordshire,2020,7.056363636363636
TLG3,West Midlands,2020,6.275714285714287
TLH2,Bedfordshire and Hertfordshire,2020,11.666923076923077
TLH3,Essex,2020,10.948571428571428
TLH4,Cambridgeshire and Peterborough,2020,9.653333333333334
TLH5,Norfolk,2020,8.042857142857143
TLH6,Suffolk,2020,8.732
TLI3,Inner London - West,2020,21.59
TLI4,Inner London - East,2020,13.807500000000001
TLI5,Outer London - East and North East,2020,12.215714285714288
TLI6,Outer London - South,2020,12.767999999999999
TLI7,Outer London - West and North West,2020,14.624285714285714
TLJ1,"Berkshire, Buckinghamshire and Oxfordshire",2020,10.342307692307694
TLJ2,"Surrey, East and West Sussex",2020,12.18458333333333
TLJ3,Hampshire and Isle of Wight,2020,9.440000000000001
TLJ4,Kent,2020,10.168461538461539
TLK3,Cornwall and Isles of Scilly,2020,9.33
TLK4,Devon,2020,9.234
TLK5,West of England,2020,9.026666666666667
TLK6,"North Somerset, Somerset and Dorset",2020,9.422500000000001
TLK7,Gloucestershire and Wiltshire,2020,9.098749999999999
TLL3,North Wales,2020,5.946666666666666
TLL4,Mid and South West Wales,2020,5.801666666666667
TLL5,South East Wales,2020,5.885000000000001
TLC3,Tees Valley,2021,5.458
TLC4,"Northumberland, Durham and Tyne & Wear",2021,6.061428571428572
TLD1,Cumbria,2021,6.1850000000000005
TLD3,Greater Manchester,2021,7.344999999999999
TLD4,Lancashire,2021,6.239285714285715
TLD6,Cheshire,2021,7.9866666666666655
TLD7,Merseyside,2021,5.941666666666666
TLE1,East Yorkshire and Northern Lincolnshire,2021,5.78
TLE2,North Yorkshire,2021,8.745000000000001
TLE3,South Yorkshire,2021,5.779999999999999
TLE4,West Yorkshire,2021,6.3660000000000005
TLF1,Derbyshire and Nottinghamshire,2021,7.511764705882353
TLF2,"Leicestershire, Rutland and Northamptonshire",2021,9.433636363636362
TLF3,Lincolnshire,2021,7.8
TLG1,"Herefordshire, Worcestershire and Warwickshire",2021,9.548333333333334
TLG2,Shropshire and Staffordshire,2021,7.74909090909091
TLG3,West Midlands,2021,6.82142857142857
TLH2,Bedfordshire and Hertfordshire,2021,12.224615384615383
TLH3,Essex,2021,12.117142857142856
TLH4,Cambridgeshire and Peterborough,2021,10.13
TLH5,Norfolk,2021,8.968571428571428
TLH6,Suffolk,2021,9.925999999999998
TLI3,Inner London - West,2021,21.211666666666666
TLI4,Inner London - East,2021,14.23125
TLI5,Outer London - East and North East,2021,13.642857142857142
TLI6,Outer London - South,2021,14.126
TLI7,Outer London - West and North West,2021,15.355714285714287
TLJ1,"Berkshire, Buckinghamshire and Oxfordshire",2021,11.133076923076924
TLJ2,"Surrey, East and West Sussex",2021,13.167083333333332
TLJ3,Hampshire and Isle of Wight,2021,10.237142857142857
TLJ4,Kent,2021,11.593076923076923
TLK3,Cornwall and Isles of Scilly,2021,11.0
TLK4,Devon,2021,10.294
TLK5,West of England,2021,10.333333333333334
TLK6,"North Somerset, Somerset and Dorset",2021,10.8425
TLK7,Gloucestershire and Wiltshire,2021,10.26875
TLL3,North Wales,2021,6.836666666666667
TLL4,Mid and South West Wales,2021,6.586666666666666
TLL5,South East Wales,2021,6.583
TLC3,Tees Valley,2022,5.152
TLC4,"Northumberland, Durham and Tyne & Wear",2022,5.507142857142857
TLD1,Cumbria,2022,6.1850000000000005
TLD3,Greater Manchester,2022,7.420000000000002
TLD4,Lancashire,2022,5.897857142857142
TLD6,Cheshire,2022,7.8999999999999995
TLD7,Merseyside,2022,5.765
TLE1,East Yorkshire and Northern Lincolnshire,2022,5.6850000000000005
TLE2,North Yorkshire,2022,8.85
TLE3,South Yorkshire,2022,5.924999999999999
TLE4,West Yorkshire,2022,5.934
TLF1,Derbyshire and Nottinghamshire,2022,7.401764705882353
TLF2,"Leicestershire, Rutland and Northamptonshire",2022,8.749999999999998
TLF3,Lincolnshire,2022,7.388571428571429
TLG1,"Herefordshire, Worcestershire and Warwickshire",2022,9.445833333333335
TLG2,Shropshire and Staffordshire,2022,7.673636363636362
TLG3,West Midlands,2022,6.702857142857143
TLH2,Bedfordshire and Hertfordshire,2022,12.252307692307692
TLH3,Essex,2022,11.818571428571428
TLH4,Cambridgeshire and Peterborough,2022,10.033333333333333
TLH5,Norfolk,2022,8.929999999999998
TLH6,Suffolk,2022,9.873999999999999
TLI3,Inner London - West,2022,22.331666666666667
TLI4,Inner London - East,2022,13.331249999999999
TLI5,Outer London - East and North East,2022,13.338571428571427
TLI6,Outer London - South,2022,13.458000000000002
TLI7,Outer London - West and North West,2022,15.202857142857143
TLJ1,"Berkshire, Buckinghamshire and Oxfordshire",2022,10.743846153846153
TLJ2,"Surrey, East and West Sussex",2022,13.058750000000003
TLJ3,Hampshire and Isle of Wight,2022,10.187142857142858
TLJ4,Kent,2022,11.280769230769229
TLK3,Cornwall and Isles of Scilly,2022,9.97
TLK4,Devon,2022,10.085
TLK5,West of England,2022,9.979999999999999
TLK6,"North Somerset, Somerset and Dorset",2022,10.4025
TLK7,Gloucestershire and Wiltshire,2022,9.5175
TLL3,North Wales,2022,6.548333333333335
TLL4,Mid and South West Wales,2022,6.578333333333333
TLL5,South East Wales,2022,6.734
TLC3,Tees Valley,2023,5.17
TLC4,"Northumberland, Durham and Tyne & Wear",2023,5.57
TLD1,Cumbria,2023,6.0
TLD3,Greater Manchester,2023,7.205000000000001
TLD4,Lancashire,2023,5.750714285714286
TLD6,Cheshire,2023,7.78
TLD7,Merseyside,2023,5.715
TLE1,East Yorkshire and Northern Lincolnshire,2023,5.4399999999999995
TLE2,North Yorkshire,2023,8.879999999999999
TLE3,South Yorkshire,2023,5.702500000000001
TLE4,West Yorkshire,2023,5.968
TLF1,Derbyshire and Nottinghamshire,2023,7.43
TLF2,"Leicestershire, Rutland and Northamptonshire",2023,8.843636363636362
TLF3,Lincolnshire,2023,7.33
TLG1,"Herefordshire, Worcestershire and Warwickshire",2023,9.040000000000001
TLG2,Shropshire and Staffordshire,2023,7.3127272727272725
TLG3,West Midlands,2023,6.824285714285715
TLH2,Bedfordshire and Hertfordshire,2023,11.773076923076921
TLH3,Essex,2023,11.004999999999999
TLH4,Cambridgeshire and Peterborough,2023,9.623333333333333
TLH5,Norfolk,2023,8.77
TLH6,Suffolk,2023,9.372
TLI3,Inner London - West,2023,20.51666666666667
TLI4,Inner London - East,2023,12.729999999999999
TLI5,Outer London - East and North East,2023,12.539999999999997
TLI6,Outer London - South,2023,13.075999999999999
TLI7,Outer London - West and North West,2023,14.608571428571427
TLJ1,"Berkshire, Buckinghamshire and Oxfordshire",2023,10.466153846153846
TLJ2,"Surrey, East and West Sussex",2023,12.467500000000003
TLJ3,Hampshire and Isle of Wight,2023,9.940714285714288
TLJ4,Kent,2023,10.875384615384615
TLK3,Cornwall and Isles of Scilly,2023,9.47
TLK4,Devon,2023,9.991000000000001
TLK5,West of England,2023,9.663333333333334
TLK6,"North Somerset, Somerset and Dorset",2023,10.1425
TLK7,Gloucestershire and Wiltshire,2023,9.72625
TLL3,North Wales,2023,6.333333333333333
TLL4,Mid and South West Wales,2023,6.383333333333333
TLL5,South East Wales,2023,6.484
TLC3,Tees Valley,2024,5.03
TLC4,"Northumberland, Durham and Tyne & Wear",2024,5.175714285714286
TLD1,Cumbria,2024,5.38
TLD3,Greater Manchester,2024,6.886
TLD4,Lancashire,2024,5.489285714285715
TLD6,Cheshire,2024,7.163333333333334
TLD7,Merseyside,2024,5.528333333333333
TLE1,East Yorkshire and Northern Lincolnshire,2024,5.0725
TLE2,North Yorkshire,2024,8.219999999999999
TLE3,South Yorkshire,2024,5.5024999999999995
TLE4,West Yorkshire,2024,5.686
TLF1,Derbyshire and Nottinghamshire,2024,6.93
TLF2,"Leicestershire, Rutland and Northamptonshire",2024,8.490909090909092
TLF3,Lincolnshire,2024,6.934285714285714
TLG1,"Herefordshire, Worcestershire and Warwickshire",2024,8.515000000000002
TLG2,Shropshire and Staffordshire,2024,6.986363636363635
TLG3,West Midlands,2024,6.562857142857143
TLH2,Bedfordshire and Hertfordshire,2024,10.909230769230769
TLH3,Essex,2024,10.266428571428573
TLH4,Cambridgeshire and Peterborough,2024,9.201666666666666
TLH5,Norfolk,2024,8.037142857142857
TLH6,Suffolk,2024,8.472
TLI3,Inner London - West,2024,18.398333333333337
TLI4,Inner London - East,2024,11.515
TLI5,Outer London - East and North East,2024,11.614285714285714
TLI6,Outer London - South,2024,12.138
TLI7,Outer London - West and North West,2024,14.168571428571427
TLJ1,"Berkshire, Buckinghamshire and Oxfordshire",2024,9.705384615384615
TLJ2,"Surrey, East and West Sussex",2024,11.366666666666667
TLJ3,Hampshire and Isle of Wight,2024,9.27357142857143
TLJ4,Kent,2024,9.79
TLK3,Cornwall and Isles of Scilly,2024,8.9
TLK4,Devon,2024,8.925999999999998
TLK5,West of England,2024,9.263333333333334
TLK6,"North Somerset, Somerset and Dorset",2024,9.1475
TLK7,Gloucestershire and Wiltshire,2024,9.033750000000001
TLL3,North Wales,2024,6.006666666666667
TLL4,Mid and South West Wales,2024,6.150000000000001
TLL5,South East Wales,2024,6.183999999999999
TLC3,Tees Valley,2025,4.806
TLC4,"Northumberland, Durham and Tyne & Wear",2025,5.181428571428571
TLD1,Cumbria,2025,5.035
TLD3,Greater Manchester,2025,6.859
TLD4,Lancashire,2025,5.375
TLD6,Cheshire,2025,6.91
TLD7,Merseyside,2025,5.615000000000001
TLE1,East Yorkshire and Northern Lincolnshire,2025,5.17
TLE2,North Yorkshire,2025,7.805
TLE3,South Yorkshire,2025,5.465
TLE4,West Yorkshire,2025,5.782000000000001
TLF1,Derbyshire and Nottinghamshire,2025,6.662941176470588
TLF2,"Leicestershire, Rutland and Northamptonshire",2025,7.99
TLF3,Lincolnshire,2025,6.867142857142857
TLG1,"Herefordshire, Worcestershire and Warwickshire",2025,8.110000000000001
TLG2,Shropshire and Staffordshire,2025,6.966363636363636
TLG3,West Midlands,2025,6.451428571428571
TLH2,Bedfordshire and Hertfordshire,2025,10.450769230769229
TLH3,Essex,2025,10.229285714285714
TLH4,Cambridgeshire and Peterborough,2025,8.811666666666667
TLH5,Norfolk,2025,7.691428571428572
TLH6,Suffolk,2025,8.157999999999998
TLI3,Inner London - West,2025,15.885
TLI4,Inner London - East,2025,10.96125
TLI5,Outer London - East and North East,2025,12.155714285714284
TLI6,Outer London - South,2025,12.2
TLI7,Outer London - West and North West,2025,14.025714285714287
TLJ1,"Berkshire, Buckinghamshire and Oxfordshire",2025,9.777692307692307
TLJ2,"Surrey, East and West Sussex",2025,10.994166666666665
TLJ3,Hampshire and Isle of Wight,2025,9.19
TLJ4,Kent,2025,9.765384615384615
TLK3,Cornwall and Isles of Scilly,2025,8.56
TLK4,Devon,2025,8.463
TLK5,West of England,2025,8.916666666666666
TLK6,"North Somerset, Somerset and Dorset",2025,9.0225
TLK7,Gloucestershire and Wiltshire,2025,8.657499999999999
TLL3,North Wales,2025,5.895
TLL4,Mid and South West Wales,2025,6.09
TLL5,South East Wales,2025,5.9990000000000006
