itl2_code,itl2_name,year,average_house_price
TLC3,Tees Valley,1995,40850.25
TLC4,"Northumberland, Durham and Tyne & Wear",1995,40535.84523809524
TLD1,Cumbria,1995,43739.458333333336
TLD3,Greater Manchester,1995,40652.99166666667
TLD4,Lancashire,1995,43579.11309523809
TLD6,Cheshire,1995,52614.47222222222
TLD7,Merseyside,1995,39906.430555555555
TLE1,East Yorkshire and Northern Lincolnshire,1995,39464.916666666664
TLE2,North Yorkshire,1995,56131.708333333336
TLE3,South Yorkshire,1995,37486.1875
TLE4,West Yorkshire,1995,42612.51666666667
TLF1,Derbyshire and Nottinghamshire,1995,44529.333333333336
TLF2,"Leicestershire, Rutland and Northamptonshire",1995,51117.643939393936
TLF3,Lincolnshire,1995,42071.42857142857
TLG1,"Herefordshire, Worcestershire and Warwickshire",1995,58447.15277777778
TLG2,Shropshire and Staffordshire,1995,46639.507575757576
TLG3,West Midlands,1995,44982.27380952381
TLH2,Bedfordshire and Hertfordshire,1995,70062.1217948718
TLH3,Essex,1995,61612.15476190476
TLH4,Cambridgeshire and Peterborough,1995,58396.416666666664
TLH5,Norfolk,1995,46755.40476190476
TLH6,Suffolk,1995,51402.86666666667
TLI3,Inner London - West,1995,132909.27777777778
TLI4,Inner London - East,1995,73301.15625
TLI5,Outer London - East and North East,1995,66396.80952380953
TLI6,Outer London - South,1995,79525.96666666666
TLI7,Outer London - West and North West,1995,89087.65476190476
TLJ1,"Berkshire, Buckinghamshire and Oxfordshire",1995,73839.55128205128
TLJ2,"Surrey, East and West Sussex",1995,74311.07986111111
TLJ3,Hampshire and Isle of Wight,1995,62369.77380952381
TLJ4,Kent,1995,58831.03846153846
TLK3,Cornwall and Isles of Scilly,1995,46705.833333333336
TLK4,Devon,1995,52462.25
TLK5,West of England,1995,52971.02777777778
TLK6,"North Somerset, Somerset and Dorset",1995,55164.4375
TLK7,Gloucestershire and Wiltshire,1995,57362.885416666664
TLL3,North Wales,1995,41662.444444444445
TLL4,Mid and South West Wales,1995,41794.61111111111
TLL5,South East Wales,1995,40500.25
TLC3,Tees Valley,1996,40284.666666666664
TLC4,"Northumberland, Durham and Tyne & Wear",1996,40530.28571428572
TLD1,Cumbria,1996,43084.708333333336
TLD3,Greater Manchester,1996,40582.9
TLD4,Lancashire,1996,42904.07738095238
TLD6,Cheshire,1996,52855.944444444445
TLD7,Merseyside,1996,40040.375
TLE1,East Yorkshire and Northern Lincolnshire,1996,39395.625
TLE2,North Yorkshire,1996,55586.0
TLE3,South Yorkshire,1996,37345.604166666664
TLE4,West Yorkshire,1996,42357.38333333333
TLF1,Derbyshire and Nottinghamshire,1996,44726.50490196078
TLF2,"Leicestershire, Rutland and Northamptonshire",1996,51843.568181818184
TLF3,Lincolnshire,1996,42503.34523809524
TLG1,"Herefordshire, Worcestershire and Warwickshire",1996,59221.145833333336
TLG2,Shropshire and Staffordshire,1996,47239.44696969697
TLG3,West Midlands,1996,45271.97619047619
TLH2,Bedfordshire and Hertfordshire,1996,71095.57051282052
TLH3,Essex,1996,61882.32142857143
TLH4,Cambridgeshire and Peterborough,1996,58600.458333333336
TLH5,Norfolk,1996,46177.53571428572
TLH6,Suffolk,1996,51893.15
TLI3,Inner London - West,1996,141940.81944444444
TLI4,Inner London - East,1996,77097.5625
TLI5,Outer London - East and North East,1996,67816.55952380953
TLI6,Outer London - South,1996,81911.11666666667
TLI7,Outer London - West and North West,1996,92015.98809523809
TLJ1,"Berkshire, Buckinghamshire and Oxfordshire",1996,75412.20512820513
TLJ2,"Surrey, East and West Sussex",1996,75735.44444444444
TLJ3,Hampshire and Isle of Wight,1996,63647.17857142857
TLJ4,Kent,1996,59976.4358974359
TLK3,Cornwall and Isles of Scilly,1996,47760.666666666664
TLK4,Devon,1996,52740.291666666664
TLK5,West of England,1996,54205.416666666664
TLK6,"North Somerset, Somerset and Dorset",1996,55987.083333333336
TLK7,Gloucestershire and Wiltshire,1996,58728.291666666664
TLL3,North Wales,1996,41569.27777777778
TLL4,Mid and South West Wales,1996,41433.041666666664
TLL5,South East Wales,1996,41186.78333333333
TLC3,Tees Valley,1997,41088.6
TLC4,"Northumberland, Durham and Tyne & Wear",1997,42258.166666666664
TLD1,Cumbria,1997,45509.833333333336
TLD3,Greater Manchester,1997,42488.666666666664
TLD4,Lancashire,1997,44680.92261904762
TLD6,Cheshire,1997,55760.22222222222
TLD7,Merseyside,1997,41137.416666666664
TLE1,East Yorkshire and Northern Lincolnshire,1997,39840.416666666664
TLE2,North Yorkshire,1997,58898.958333333336
TLE3,South Yorkshire,1997,38664.625
TLE4,West Yorkshire,1997,43843.15
TLF1,Derbyshire and Nottinghamshire,1997,47047.92647058824
TLF2,"Leicestershire, Rutland and Northamptonshire",1997,55890.666666666664
TLF3,Lincolnshire,1997,44930.76190476191
TLG1,"Herefordshire, Worcestershire and Warwickshire",1997,64640.083333333336
TLG2,Shropshire and Staffordshire,1997,50300.530303030304
TLG3,West Midlands,1997,48067.880952380954
TLH2,Bedfordshire and Hertfordshire,1997,80477.64102564103
TLH3,Essex,1997,68711.17261904762
TLH4,Cambridgeshire and Peterborough,1997,64316.875
TLH5,Norfolk,1997,50139.333333333336
TLH6,Suffolk,1997,56030.9
TLI3,Inner London - West,1997,164725.05555555556
TLI4,Inner London - East,1997,88881.77083333333
TLI5,Outer London - East and North East,1997,74697.46428571429
TLI6,Outer London - South,1997,92812.8
TLI7,Outer London - West and North West,1997,106081.54761904762
TLJ1,"Berkshire, Buckinghamshire and Oxfordshire",1997,86152.85256410256
TLJ2,"Surrey, East and West Sussex",1997,86029.88888888889
TLJ3,Hampshire and Isle of Wight,1997,71508.47619047618
TLJ4,Kent,1997,65985.48076923077
TLK3,Cornwall and Isles of Scilly,1997,52997.0
TLK4,Devon,1997,57352.066666666666
TLK5,West of England,1997,58979.805555555555
TLK6,"North Somerset, Somerset and Dorset",1997,61914.333333333336
TLK7,Gloucestershire and Wiltshire,1997,64066.854166666664
TLL3,North Wales,1997,44293.40277777778
TLL4,Mid and South West Wales,1997,43577.61111111111
TLL5,South East Wales,1997,43550.575
TLC3,Tees Valley,1998,41999.333333333336
TLC4,"Northumberland, Durham and Tyne & Wear",1998,44080.34523809524
TLD1,Cumbria,1998,47575.041666666664
TLD3,Greater Manchester,1998,44309.425
TLD4,Lancashire,1998,46093.96428571428
TLD6,Cheshire,1998,59155.11111111111
TLD7,Merseyside,1998,41980.13888888889
TLE1,East Yorkshire and Northern Lincolnshire,1998,40163.104166666664
TLE2,North Yorkshire,1998,61954.833333333336
TLE3,South Yorkshire,1998,39691.6875
TLE4,West Yorkshire,1998,44752.85
TLF1,Derbyshire and Nottinghamshire,1998,49190.55392156863
TLF2,"Leicestershire, Rutland and Northamptonshire",1998,60162.97727272727
TLF3,Lincolnshire,1998,47389.27380952381
TLG1,"Herefordshire, Worcestershire and Warwickshire",1998,70444.21527777778
TLG2,Shropshire and Staffordshire,1998,53628.84848484849
TLG3,West Midlands,1998,50689.69047619047
TLH2,Bedfordshire and Hertfordshire,1998,92090.72435897436
TLH3,Essex,1998,76798.30952380953
TLH4,Cambridgeshire and Peterborough,1998,71919.51388888889
TLH5,Norfolk,1998,53971.607142857145
TLH6,Suffolk,1998,61293.683333333334
TLI3,Inner London - West,1998,188949.09722222222
TLI4,Inner London - East,1998,101663.07291666667
TLI5,Outer London - East and North East,1998,83598.72619047618
TLI6,Outer London - South,1998,106144.48333333334
TLI7,Outer London - West and North West,1998,123053.30952380953
TLJ1,"Berkshire, Buckinghamshire and Oxfordshire",1998,99321.23076923077
TLJ2,"Surrey, East and West Sussex",1998,98985.98958333333
TLJ3,Hampshire and Isle of Wight,1998,80252.25
TLJ4,Kent,1998,73324.72435897436
TLK3,Cornwall and Isles of Scilly,1998,57814.75
TLK4,Devon,1998,62117.26666666667
TLK5,West of England,1998,65085.555555555555
TLK6,"North Somerset, Somerset and Dorset",1998,68965.85416666667
TLK7,Gloucestershire and Wiltshire,1998,71000.80208333333
TLL3,North Wales,1998,46188.833333333336
TLL4,Mid and South West Wales,1998,46386.583333333336
TLL5,South East Wales,1998,45279.958333333336
TLC3,Tees Valley,1999,42625.78333333333
TLC4,"Northumberland, Durham and Tyne & Wear",1999,45838.69047619047
TLD1,Cumbria,1999,49443.583333333336
TLD3,Greater Manchester,1999,46237.36666666667
TLD4,Lancashire,1999,47893.90476190476
TLD6,Cheshire,1999,63902.444444444445
TLD7,Merseyside,1999,44440.375
TLE1,East Yorkshire and Northern Lincolnshire,1999,41028.8125
TLE2,North Yorkshire,1999,65471.291666666664
TLE3,South Yorkshire,1999,41478.958333333336
TLE4,West Yorkshire,1999,45845.416666666664
TLF1,Derbyshire and Nottinghamshire,1999,51951.705882352944
TLF2,"Leicestershire, Rutland and Northamptonshire",1999,64097.38636363636
TLF3,Lincolnshire,1999,50070.22619047619
TLG1,"Herefordshire, Worcestershire and Warwickshire",1999,76127.38194444444
TLG2,Shropshire and Staffordshire,1999,56676.48484848485
TLG3,West Midlands,1999,54015.51190476191
TLH2,Bedfordshire and Hertfordshire,1999,101608.72435897436
TLH3,Essex,1999,83212.42261904762
TLH4,Cambridgeshire and Peterborough,1999,77177.98611111111
TLH5,Norfolk,1999,58524.40476190476
TLH6,Suffolk,1999,67853.56666666667
TLI3,Inner London - West,1999,215965.61111111112
TLI4,Inner London - East,1999,117226.65625
TLI5,Outer London - East and North East,1999,91442.28571428571
TLI6,Outer London - South,1999,118075.03333333334
TLI7,Outer London - West and North West,1999,137412.2619047619
TLJ1,"Berkshire, Buckinghamshire and Oxfordshire",1999,110636.64743589744
TLJ2,"Surrey, East and West Sussex",1999,110276.53472222222
TLJ3,Hampshire and Isle of Wight,1999,88028.64880952382
TLJ4,Kent,1999,80488.07051282052
TLK3,Cornwall and Isles of Scilly,1999,62769.0
TLK4,Devon,1999,67495.98333333334
TLK5,West of England,1999,73463.05555555556
TLK6,"North Somerset, Somerset and Dorset",1999,76160.75
TLK7,Gloucestershire and Wiltshire,1999,78844.22916666667
TLL3,North Wales,1999,48622.61111111111
TLL4,Mid and South West Wales,1999,47318.11111111111
TLL5,South East Wales,1999,47602.433333333334
TLC3,Tees Valley,2000,44491.8
TLC4,"Northumberland, Durham and Tyne & Wear",2000,48254.19047619047
TLD1,Cumbria,2000,52995.458333333336
TLD3,Greater Manchester,2000,50339.55
TLD4,Lancashire,2000,50576.91071428572
TLD6,Cheshire,2000,70384.5
TLD7,Merseyside,2000,47539.416666666664
TLE1,East Yorkshire and Northern Lincolnshire,2000,42676.145833333336
TLE2,North Yorkshire,2000,74685.66666666667
TLE3,South Yorkshire,2000,43529.041666666664
TLE4,West Yorkshire,2000,48825.45
TLF1,Derbyshire and Nottinghamshire,2000,57108.94607843137
TLF2,"Leicestershire, Rutland and Northamptonshire",2000,73009.12878787878
TLF3,Lincolnshire,2000,55712.15476190476
TLG1,"Herefordshire, Worcestershire and Warwickshire",2000,86513.98611111111
TLG2,Shropshire and Staffordshire,2000,62438.21212121212
TLG3,West Midlands,2000,60074.45238095238
TLH2,Bedfordshire and Hertfordshire,2000,122837.91666666667
TLH3,Essex,2000,99888.25595238095
TLH4,Cambridgeshire and Peterborough,2000,91422.76388888889
TLH5,Norfolk,2000,69457.30952380953
TLH6,Suffolk,2000,79163.15
TLI3,Inner London - West,2000,268823.1388888889
TLI4,Inner London - East,2000,146922.48958333334
TLI5,Outer London - East and North East,2000,109742.38095238095
TLI6,Outer London - South,2000,146335.85
TLI7,Outer London - West and North West,2000,168864.11904761905
TLJ1,"Berkshire, Buckinghamshire and Oxfordshire",2000,135706.5576923077
TLJ2,"Surrey, East and West Sussex",2000,133975.04861111112
TLJ3,Hampshire and Isle of Wight,2000,105993.63095238095
TLJ4,Kent,2000,96028.34615384616
TLK3,Cornwall and Isles of Scilly,2000,73334.41666666667
TLK4,Devon,2000,79226.49166666667
TLK5,West of England,2000,91121.25
TLK6,"North Somerset, Somerset and Dorset",2000,91097.3125
TLK7,Gloucestershire and Wiltshire,2000,93748.4375
TLL3,North Wales,2000,52219.944444444445
TLL4,Mid and South West Wales,2000,51960.72222222222
TLL5,South East Wales,2000,51544.058333333334
TLC3,Tees Valley,2001,46273.95
TLC4,"Northumberland, Durham and Tyne & Wear",2001,52054.857142857145
TLD1,Cumbria,2001,57228.0
TLD3,Greater Manchester,2001,55622.50833333333
TLD4,Lancashire,2001,54097.06547619047
TLD6,Cheshire,2001,78685.08333333333
TLD7,Merseyside,2001,52290.52777777778
TLE1,East Yorkshire and Northern Lincolnshire,2001,45839.229166666664
TLE2,North Yorkshire,2001,85858.58333333333
TLE3,South Yorkshire,2001,46039.041666666664
TLE4,West Yorkshire,2001,52885.21666666667
TLF1,Derbyshire and Nottinghamshire,2001,64221.436274509804
TLF2,"Leicestershire, Rutland and Northamptonshire",2001,82073.72727272728
TLF3,Lincolnshire,2001,62948.630952380954
TLG1,"Herefordshire, Worcestershire and Warwickshire",2001,96148.11805555556
TLG2,Shropshire and Staffordshire,2001,69512.56060606061
TLG3,West Midlands,2001,67232.16666666667
TLH2,Bedfordshire and Hertfordshire,2001,137414.9423076923
TLH3,Essex,2001,113957.11904761905
TLH4,Cambridgeshire and Peterborough,2001,104199.04166666667
TLH5,Norfolk,2001,80286.19047619047
TLH6,Suffolk,2001,90296.83333333333
TLI3,Inner London - West,2001,301655.8611111111
TLI4,Inner London - East,2001,167873.9375
TLI5,Outer London - East and North East,2001,124615.71428571429
TLI6,Outer London - South,2001,161123.81666666668
TLI7,Outer London - West and North West,2001,186054.9880952381
TLJ1,"Berkshire, Buckinghamshire and Oxfordshire",2001,149487.05128205128
TLJ2,"Surrey, East and West Sussex",2001,149652.11111111112
TLJ3,Hampshire and Isle of Wight,2001,119619.33333333333
TLJ4,Kent,2001,108340.72435897436
TLK3,Cornwall and Isles of Scilly,2001,84075.66666666667
TLK4,Devon,2001,91946.74166666667
TLK5,West of England,2001,103005.0
TLK6,"North Somerset, Somerset and Dorset",2001,101837.25
TLK7,Gloucestershire and Wiltshire,2001,105083.1875
TLL3,North Wales,2001,56842.86111111111
TLL4,Mid and South West Wales,2001,56371.430555555555
TLL5,South East Wales,2001,55641.191666666666
TLC3,Tees Valley,2002,52321.6
TLC4,"Northumberland, Durham and Tyne & Wear",2002,61658.869047619046
TLD1,Cumbria,2002,66415.875
TLD3,Greater Manchester,2002,64705.208333333336
TLD4,Lancashire,2002,62241.333333333336
TLD6,Cheshire,2002,92924.72222222222
TLD7,Merseyside,2002,60160.930555555555
TLE1,East Yorkshire and Northern Lincolnshire,2002,54346.6875
TLE2,North Yorkshire,2002,106014.83333333333
TLE3,South Yorkshire,2002,53978.1875
TLE4,West Yorkshire,2002,61590.1
TLF1,Derbyshire and Nottinghamshire,2002,76951.82843137255
TLF2,"Leicestershire, Rutland and Northamptonshire",2002,99371.62878787878
TLF3,Lincolnshire,2002,77918.54761904762
TLG1,"Herefordshire, Worcestershire and Warwickshire",2002,113961.66666666667
TLG2,Shropshire and Staffordshire,2002,82332.64393939394
TLG3,West Midlands,2002,80145.47619047618
TLH2,Bedfordshire and Hertfordshire,2002,161609.28846153847
TLH3,Essex,2002,137742.68452380953
TLH4,Cambridgeshire and Peterborough,2002,125056.80555555556
TLH5,Norfolk,2002,99378.91666666667
TLH6,Suffolk,2002,111089.6
TLI3,Inner London - West,2002,336183.4583333333
TLI4,Inner London - East,2002,195447.4375
TLI5,Outer London - East and North East,2002,149724.13095238095
TLI6,Outer London - South,2002,187303.66666666666
TLI7,Outer London - West and North West,2002,216878.55952380953
TLJ1,"Berkshire, Buckinghamshire and Oxfordshire",2002,172478.28205128206
TLJ2,"Surrey, East and West Sussex",2002,173532.61111111112
TLJ3,Hampshire and Isle of Wight,2002,140648.92261904763
TLJ4,Kent,2002,128595.71794871795
TLK3,Cornwall and Isles of Scilly,2002,107136.66666666667
TLK4,Devon,2002,114243.95833333333
TLK5,West of England,2002,123557.86111111111
TLK6,"North Somerset, Somerset and Dorset",2002,123510.27083333333
TLK7,Gloucestershire and Wiltshire,2002,124646.64583333333
TLL3,North Wales,2002,67720.08333333333
TLL4,Mid and South West Wales,2002,64932.125
TLL5,South East Wales,2002,64400.73333333333
TLC3,Tees Valley,2003,66017.63333333333
TLC4,"Northumberland, Durham and Tyne & Wear",2003,80376.76190476191
TLD1,Cumbria,2003,82052.70833333333
TLD3,Greater Manchester,2003,79616.3
TLD4,Lancashire,2003,78084.27976190476
TLD6,Cheshire,2003,115338.94444444444
TLD7,Merseyside,2003,73982.65277777778
TLE1,East Yorkshire and Northern Lincolnshire,2003,70053.75
TLE2,North Yorkshire,2003,130951.5
TLE3,South Yorkshire,2003,69321.75
TLE4,West Yorkshire,2003,78216.25
TLF1,Derbyshire and Nottinghamshire,2003,99721.72549019608
TLF2,"Leicestershire, Rutland and Northamptonshire",2003,124505.87121212122
TLF3,Lincolnshire,2003,101390.83333333333
TLG1,"Herefordshire, Worcestershire and Warwickshire",2003,137531.77777777778
TLG2,Shropshire and Staffordshire,2003,102777.16666666667
TLG3,West Midlands,2003,99951.70238095238
TLH2,Bedfordshire and Hertfordshire,2003,189674.04487179487
TLH3,Essex,2003,166578.94642857142
TLH4,Cambridgeshire and Peterborough,2003,145980.48611111112
TLH5,Norfolk,2003,120244.54761904762
TLH6,Suffolk,2003,132227.78333333333
TLI3,Inner London - West,2003,348835.47222222225
TLI4,Inner London - East,2003,217573.52083333334
TLI5,Outer London - East and North East,2003,179486.86904761905
TLI6,Outer London - South,2003,214799.48333333334
TLI7,Outer London - West and North West,2003,245779.86904761905
TLJ1,"Berkshire, Buckinghamshire and Oxfordshire",2003,195081.67307692306
TLJ2,"Surrey, East and West Sussex",2003,200024.52777777778
TLJ3,Hampshire and Isle of Wight,2003,164926.92261904763
TLJ4,Kent,2003,154370.4871794872
TLK3,Cornwall and Isles of Scilly,2003,138782.75
TLK4,Devon,2003,140492.73333333334
TLK5,West of England,2003,148428.66666666666
TLK6,"North Somerset, Somerset and Dorset",2003,149040.41666666666
TLK7,Gloucestershire and Wiltshire,2003,147576.29166666666
TLL3,North Wales,2003,87697.18055555556
TLL4,Mid and South West Wales,2003,83050.80555555556
TLL5,South East Wales,2003,79665.63333333333
TLC3,Tees Valley,2004,87467.6
TLC4,"Northumberland, Durham and Tyne & Wear",2004,104149.90476190476
TLD1,Cumbria,2004,106389.08333333333
TLD3,Greater Manchester,2004,101457.75833333333
TLD4,Lancashire,2004,101370.23809523809
TLD6,Cheshire,2004,139466.58333333334
TLD7,Merseyside,2004,99201.66666666667
TLE1,East Yorkshire and Northern Lincolnshire,2004,89402.95833333333
TLE2,North Yorkshire,2004,155810.08333333334
TLE3,South Yorkshire,2004,91442.97916666667
TLE4,West Yorkshire,2004,98935.06666666667
TLF1,Derbyshire and Nottinghamshire,2004,120080.25
TLF2,"Leicestershire, Rutland and Northamptonshire",2004,144891.2803030303
TLF3,Lincolnshire,2004,120502.92857142857
TLG1,"Herefordshire, Worcestershire and Warwickshire",2004,159982.54861111112
TLG2,Shropshire and Staffordshire,2004,124100.43181818182
TLG3,West Midlands,2004,118580.23809523809
TLH2,Bedfordshire and Hertfordshire,2004,206079.15384615384
TLH3,Essex,2004,185290.64285714287
TLH4,Cambridgeshire and Peterborough,2004,162972.33333333334
TLH5,Norfolk,2004,137827.7142857143
TLH6,Suffolk,2004,150720.26666666666
TLI3,Inner London - West,2004,378452.4861111111
TLI4,Inner London - East,2004,235480.29166666666
TLI5,Outer London - East and North East,2004,196156.55952380953
TLI6,Outer London - South,2004,231594.31666666668
TLI7,Outer London - West and North West,2004,265896.45238095237
TLJ1,"Berkshire, Buckinghamshire and Oxfordshire",2004,208855.2371794872
TLJ2,"Surrey, East and West Sussex",2004,216379.97222222222
TLJ3,Hampshire and Isle of Wight,2004,179856.8392857143
TLJ4,Kent,2004,174127.9358974359
TLK3,Cornwall and Isles of Scilly,2004,165322.0
TLK4,Devon,2004,165711.575
TLK5,West of England,2004,164903.47222222222
TLK6,"North Somerset, Somerset and Dorset",2004,170678.9375
TLK7,Gloucestershire and Wiltshire,2004,165936.78125
TLL3,North Wales,2004,112877.38888888889
TLL4,Mid and South West Wales,2004,109635.56944444444
TLL5,South East Wales,2004,102525.2
TLM0,Eastern Scotland,2004,80719.80555555556
TLM1,East Central Scotland,2004,108635.1
TLM2,Highlands and Islands,2004,68232.61904761905
TLM3,West Central Scotland,2004,87822.19047619047
TLM5,North Eastern Scotland,2004,91115.33333333333
TLM9,Southern Scotland,2004,77096.94444444444
TLC3,Tees Valley,2005,103279.75
TLC4,"Northumberland, Durham and Tyne & Wear",2005,116950.34523809524
TLD1,Cumbria,2005,123612.75
TLD3,Greater Manchester,2005,117241.50833333333
TLD4,Lancashire,2005,117248.83928571429
TLD6,Cheshire,2005,154164.16666666666
TLD7,Merseyside,2005,114192.41666666667
TLE1,East Yorkshire and Northern Lincolnshire,2005,101619.22916666667
TLE2,North Yorkshire,2005,170002.16666666666
TLE3,South Yorkshire,2005,106092.4375
TLE4,West Yorkshire,2005,114824.11666666667
TLF1,Derbyshire and Nottinghamshire,2005,131497.51960784313
TLF2,"Leicestershire, Rutland and Northamptonshire",2005,154899.12878787878
TLF3,Lincolnshire,2005,130741.10714285714
TLG1,"Herefordshire, Worcestershire and Warwickshire",2005,172168.99305555556
TLG2,Shropshire and Staffordshire,2005,136949.88636363635
TLG3,West Midlands,2005,128308.19047619047
TLH2,Bedfordshire and Hertfordshire,2005,213762.73076923078
TLH3,Essex,2005,193375.7380952381
TLH4,Cambridgeshire and Peterborough,2005,171942.25
TLH5,Norfolk,2005,148437.54761904763
TLH6,Suffolk,2005,160661.75
TLI3,Inner London - West,2005,393643.68055555556
TLI4,Inner London - East,2005,243901.55208333334
TLI5,Outer London - East and North East,2005,202943.52380952382
TLI6,Outer London - South,2005,238157.93333333332
TLI7,Outer London - West and North West,2005,272232.4761904762
TLJ1,"Berkshire, Buckinghamshire and Oxfordshire",2005,217821.13461538462
TLJ2,"Surrey, East and West Sussex",2005,224691.54166666666
TLJ3,Hampshire and Isle of Wight,2005,187161.97619047618
TLJ4,Kent,2005,182174.38461538462
TLK3,Cornwall and Isles of Scilly,2005,178432.83333333334
TLK4,Devon,2005,177379.225
TLK5,West of England,2005,173811.13888888888
TLK6,"North Somerset, Somerset and Dorset",2005,178923.875
TLK7,Gloucestershire and Wiltshire,2005,175322.82291666666
TLL3,North Wales,2005,130933.875
TLL4,Mid and South West Wales,2005,127618.08333333333
TLL5,South East Wales,2005,117068.1
TLM0,Eastern Scotland,2005,94957.44444444444
TLM1,East Central Scotland,2005,122056.26666666666
TLM2,Highlands and Islands,2005,84201.10714285714
TLM3,West Central Scotland,2005,100510.46428571429
TLM5,North Eastern Scotland,2005,106751.16666666667
TLM9,Southern Scotland,2005,91395.63888888889
TLN0,Northern Ireland,2005,114916.84090909091
TLC3,Tees Valley,2006,113846.31666666667
TLC4,"Northumberland, Durham and Tyne & Wear",2006,126040.73809523809
TLD1,Cumbria,2006,136377.16666666666
TLD3,Greater Manchester,2006,126632.25
TLD4,Lancashire,2006,127382.89285714286
TLD6,Cheshire,2006,160095.30555555556
TLD7,Merseyside,2006,123102.88888888889
TLE1,East Yorkshire and Northern Lincolnshire,2006,110277.41666666667
TLE2,North Yorkshire,2006,179331.58333333334
TLE3,South Yorkshire,2006,115635.29166666667
TLE4,West Yorkshire,2006,125180.15
TLF1,Derbyshire and Nottinghamshire,2006,137743.1862745098
TLF2,"Leicestershire, Rutland and Northamptonshire",2006,160823.53787878787
TLF3,Lincolnshire,2006,137159.75
TLG1,"Herefordshire, Worcestershire and Warwickshire",2006,179595.11805555556
TLG2,Shropshire and Staffordshire,2006,144644.8106060606
TLG3,West Midlands,2006,135190.22619047618
TLH2,Bedfordshire and Hertfordshire,2006,223191.5128205128
TLH3,Essex,2006,201974.67857142858
TLH4,Cambridgeshire and Peterborough,2006,184079.04166666666
TLH5,Norfolk,2006,157093.89285714287
TLH6,Suffolk,2006,168782.0
TLI3,Inner London - West,2006,434247.72222222225
TLI4,Inner London - East,2006,263409.53125
TLI5,Outer London - East and North East,2006,211810.07142857142
TLI6,Outer London - South,2006,248141.15
TLI7,Outer London - West and North West,2006,286944.9880952381
TLJ1,"Berkshire, Buckinghamshire and Oxfordshire",2006,230024.2564102564
TLJ2,"Surrey, East and West Sussex",2006,236500.02083333334
TLJ3,Hampshire and Isle of Wight,2006,194824.08333333334
TLJ4,Kent,2006,191655.14743589744
TLK3,Cornwall and Isles of Scilly,2006,187024.08333333334
TLK4,Devon,2006,186306.45
TLK5,West of England,2006,183828.91666666666
TLK6,"North Somerset, Somerset and Dorset",2006,187856.70833333334
TLK7,Gloucestershire and Wiltshire,2006,185603.08333333334
TLL3,North Wales,2006,138809.30555555556
TLL4,Mid and South West Wales,2006,137603.86111111112
TLL5,South East Wales,2006,125597.55833333333
TLM0,Eastern Scotland,2006,109182.75
TLM1,East Central Scotland,2006,137445.01666666666
TLM2,Highlands and Islands,2006,94735.64285714286
TLM3,West Central Scotland,2006,112424.08333333333
TLM5,North Eastern Scotland,2006,129232.45833333333
TLM9,Southern Scotland,2006,103873.65277777778
TLN0,Northern Ireland,2006,147439.0
TLC3,Tees Valley,2007,123185.05
TLC4,"Northumberland, Durham and Tyne & Wear",2007,133857.02380952382
TLD1,Cumbria,2007,147423.83333333334
TLD3,Greater Manchester,2007,137146.26666666666
TLD4,Lancashire,2007,138969.38095238095
TLD6,Cheshire,2007,171498.13888888888
TLD7,Merseyside,2007,130132.26388888889
TLE1,East Yorkshire and Northern Lincolnshire,2007,119228.47916666667
TLE2,North Yorkshire,2007,194372.66666666666
TLE3,South Yorkshire,2007,124029.77083333333
TLE4,West Yorkshire,2007,135643.1
TLF1,Derbyshire and Nottinghamshire,2007,145314.8137254902
TLF2,"Leicestershire, Rutland and Northamptonshire",2007,173204.19696969696
TLF3,Lincolnshire,2007,147050.67857142858
TLG1,"Herefordshire, Worcestershire and Warwickshire",2007,190732.88888888888
TLG2,Shropshire and Staffordshire,2007,153739.4393939394
TLG3,West Midlands,2007,142797.75
TLH2,Bedfordshire and Hertfordshire,2007,245048.7371794872
TLH3,Essex,2007,219105.25595238095
TLH4,Cambridgeshire and Peterborough,2007,201079.59722222222
TLH5,Norfolk,2007,172322.30952380953
TLH6,Suffolk,2007,185040.66666666666
TLI3,Inner London - West,2007,527230.5972222222
TLI4,Inner London - East,2007,307953.34375
TLI5,Outer London - East and North East,2007,234673.16666666666
TLI6,Outer London - South,2007,280791.4666666667
TLI7,Outer London - West and North West,2007,323195.46428571426
TLJ1,"Berkshire, Buckinghamshire and Oxfordshire",2007,254371.89743589744
TLJ2,"Surrey, East and West Sussex",2007,263064.3020833333
TLJ3,Hampshire and Isle of Wight,2007,213202.05357142858
TLJ4,Kent,2007,208250.0128205128
TLK3,Cornwall and Isles of Scilly,2007,202887.5
TLK4,Devon,2007,201898.3
TLK5,West of England,2007,205642.80555555556
TLK6,"North Somerset, Somerset and Dorset",2007,206100.35416666666
TLK7,Gloucestershire and Wiltshire,2007,199568.83333333334
TLL3,North Wales,2007,148070.30555555556
TLL4,Mid and South West Wales,2007,147668.91666666666
TLL5,South East Wales,2007,134127.36666666667
TLM0,Eastern Scotland,2007,125736.63888888889
TLM1,East Central Scotland,2007,156819.73333333334
TLM2,Highlands and Islands,2007,111361.89285714286
TLM3,West Central Scotland,2007,124004.32142857143
TLM5,North Eastern Scotland,2007,168031.375
TLM9,Southern Scotland,2007,118114.70833333333
TLN0,Northern Ireland,2007,203311.5909090909
TLC3,Tees Valley,2008,119701.65
TLC4,"Northumberland, Durham and Tyne & Wear",2008,130018.96428571429
TLD1,Cumbria,2008,145927.875
TLD3,Greater Manchester,2008,133536.35833333334
TLD4,Lancashire,2008,135311.43452380953
TLD6,Cheshire,2008,166366.11111111112
TLD7,Merseyside,2008,126374.66666666667
TLE1,East Yorkshire and Northern Lincolnshire,2008,117607.25
TLE2,North Yorkshire,2008,186596.625
TLE3,South Yorkshire,2008,121165.4375
TLE4,West Yorkshire,2008,131381.71666666667
TLF1,Derbyshire and Nottinghamshire,2008,139193.58823529413
TLF2,"Leicestershire, Rutland and Northamptonshire",2008,167077.11363636365
TLF3,Lincolnshire,2008,140710.7142857143
TLG1,"Herefordshire, Worcestershire and Warwickshire",2008,184119.56944444444
TLG2,Shropshire and Staffordshire,2008,150915.64393939395
TLG3,West Midlands,2008,137522.80952380953
TLH2,Bedfordshire and Hertfordshire,2008,242425.67307692306
TLH3,Essex,2008,217226.20833333334
TLH4,Cambridgeshire and Peterborough,2008,193568.33333333334
TLH5,Norfolk,2008,165991.7380952381
TLH6,Suffolk,2008,179087.98333333334
TLI3,Inner London - West,2008,541894.0555555555
TLI4,Inner London - East,2008,311524.9375
TLI5,Outer London - East and North East,2008,234709.85714285713
TLI6,Outer London - South,2008,283101.1666666667
TLI7,Outer London - West and North West,2008,325504.5
TLJ1,"Berkshire, Buckinghamshire and Oxfordshire",2008,249244.45512820513
TLJ2,"Surrey, East and West Sussex",2008,260613.40277777778
TLJ3,Hampshire and Isle of Wight,2008,208989.92261904763
TLJ4,Kent,2008,204723.0705128205
TLK3,Cornwall and Isles of Scilly,2008,197095.0
TLK4,Devon,2008,196382.6
TLK5,West of England,2008,196723.41666666666
TLK6,"North Somerset, Somerset and Dorset",2008,199635.54166666666
TLK7,Gloucestershire and Wiltshire,2008,191273.46875
TLL3,North Wales,2008,143110.86111111112
TLL4,Mid and South West Wales,2008,142476.58333333334
TLL5,South East Wales,2008,128062.34166666666
TLM0,Eastern Scotland,2008,129394.25
TLM1,East Central Scotland,2008,160164.18333333332
TLM2,Highlands and Islands,2008,111538.07142857143
TLM3,West Central Scotland,2008,125257.27380952382
TLM5,North Eastern Scotland,2008,177042.875
TLM9,Southern Scotland,2008,119379.11111111111
TLN0,Northern Ireland,2008,168873.52272727274
TLC3,Tees Valley,2009,110436.3
TLC4,"Northumberland, Durham and Tyne & Wear",2009,117632.27380952382
TLD1,Cumbria,2009,135954.875
TLD3,Greater Manchester,2009,119265.66666666667
TLD4,Lancashire,2009,122946.32738095238
TLD6,Cheshire,2009,151209.38888888888
TLD7,Merseyside,2009,113819.93055555556
TLE1,East Yorkshire and Northern Lincolnshire,2009,106692.0625
TLE2,North Yorkshire,2009,171041.04166666666
TLE3,South Yorkshire,2009,109193.60416666667
TLE4,West Yorkshire,2009,118460.7
TLF1,Derbyshire and Nottinghamshire,2009,127179.5931372549
TLF2,"Leicestershire, Rutland and Northamptonshire",2009,148645.70454545456
TLF3,Lincolnshire,2009,125932.20238095238
TLG1,"Herefordshire, Worcestershire and Warwickshire",2009,166589.67361111112
TLG2,Shropshire and Staffordshire,2009,136482.56818181818
TLG3,West Midlands,2009,124850.53571428571
TLH2,Bedfordshire and Hertfordshire,2009,218967.78205128206
TLH3,Essex,2009,193906.69642857142
TLH4,Cambridgeshire and Peterborough,2009,175271.06944444444
TLH5,Norfolk,2009,148466.2380952381
TLH6,Suffolk,2009,157827.16666666666
TLI3,Inner London - West,2009,499879.43055555556
TLI4,Inner London - East,2009,278275.3333333333
TLI5,Outer London - East and North East,2009,208128.42857142858
TLI6,Outer London - South,2009,249303.81666666668
TLI7,Outer London - West and North West,2009,292649.61904761905
TLJ1,"Berkshire, Buckinghamshire and Oxfordshire",2009,224029.6858974359
TLJ2,"Surrey, East and West Sussex",2009,230694.41319444444
TLJ3,Hampshire and Isle of Wight,2009,188042.20238095237
TLJ4,Kent,2009,182102.11538461538
TLK3,Cornwall and Isles of Scilly,2009,177484.91666666666
TLK4,Devon,2009,177629.73333333334
TLK5,West of England,2009,176259.80555555556
TLK6,"North Somerset, Somerset and Dorset",2009,178763.35416666666
TLK7,Gloucestershire and Wiltshire,2009,170732.875
TLL3,North Wales,2009,129815.26388888889
TLL4,Mid and South West Wales,2009,131707.61111111112
TLL5,South East Wales,2009,116480.43333333333
TLM0,Eastern Scotland,2009,121318.26388888889
TLM1,East Central Scotland,2009,147303.28333333333
TLM2,Highlands and Islands,2009,113190.88095238095
TLM3,West Central Scotland,2009,117540.04761904762
TLM5,North Eastern Scotland,2009,170282.83333333334
TLM9,Southern Scotland,2009,110228.70833333333
TLN0,Northern Ireland,2009,133963.27272727274
TLC3,Tees Valley,2010,111468.6
TLC4,"Northumberland, Durham and Tyne & Wear",2010,120695.22619047618
TLD1,Cumbria,2010,140725.66666666666
TLD3,Greater Manchester,2010,122547.75833333333
TLD4,Lancashire,2010,126021.47023809524
TLD6,Cheshire,2010,158454.25
TLD7,Merseyside,2010,116239.31944444444
TLE1,East Yorkshire and Northern Lincolnshire,2010,110976.95833333333
TLE2,North Yorkshire,2010,181234.29166666666
TLE3,South Yorkshire,2010,111535.08333333333
TLE4,West Yorkshire,2010,122273.7
TLF1,Derbyshire and Nottinghamshire,2010,132699.92647058822
TLF2,"Leicestershire, Rutland and Northamptonshire",2010,158226.25
TLF3,Lincolnshire,2010,132311.34523809524
TLG1,"Herefordshire, Worcestershire and Warwickshire",2010,176488.38194444444
TLG2,Shropshire and Staffordshire,2010,142442.69696969696
TLG3,West Midlands,2010,130882.23809523809
TLH2,Bedfordshire and Hertfordshire,2010,237955.9935897436
TLH3,Essex,2010,209205.82738095237
TLH4,Cambridgeshire and Peterborough,2010,189375.30555555556
TLH5,Norfolk,2010,158636.65476190476
TLH6,Suffolk,2010,172668.56666666668
TLI3,Inner London - West,2010,576217.2222222222
TLI4,Inner London - East,2010,308472.09375
TLI5,Outer London - East and North East,2010,224558.14285714287
TLI6,Outer London - South,2010,274933.25
TLI7,Outer London - West and North West,2010,324353.4761904762
TLJ1,"Berkshire, Buckinghamshire and Oxfordshire",2010,246060.5576923077
TLJ2,"Surrey, East and West Sussex",2010,256345.52083333334
TLJ3,Hampshire and Isle of Wight,2010,205336.2619047619
TLJ4,Kent,2010,196451.5576923077
TLK3,Cornwall and Isles of Scilly,2010,189588.58333333334
TLK4,Devon,2010,190462.275
TLK5,West of England,2010,192404.61111111112
TLK6,"North Somerset, Somerset and Dorset",2010,191940.83333333334
TLK7,Gloucestershire and Wiltshire,2010,185554.26041666666
TLL3,North Wales,2010,134883.375
TLL4,Mid and South West Wales,2010,135060.88888888888
TLL5,South East Wales,2010,120562.11666666667
TLM0,Eastern Scotland,2010,123798.04166666667
TLM1,East Central Scotland,2010,153540.9
TLM2,Highlands and Islands,2010,114408.13095238095
TLM3,West Central Scotland,2010,119059.42857142857
TLM5,North Eastern Scotland,2010,179168.45833333334
TLM9,Southern Scotland,2010,112180.43055555556
TLN0,Northern Ireland,2010,124908.77272727272
TLC3,Tees Valley,2011,107213.03333333334
TLC4,"Northumberland, Durham and Tyne & Wear",2011,115237.98809523809
TLD1,Cumbria,2011,137921.29166666666
TLD3,Greater Manchester,2011,118954.76666666666
TLD4,Lancashire,2011,121755.97619047618
TLD6,Cheshire,2011,155695.72222222222
TLD7,Merseyside,2011,111933.81944444444
TLE1,East Yorkshire and Northern Lincolnshire,2011,106773.10416666667
TLE2,North Yorkshire,2011,180090.0
TLE3,South Yorkshire,2011,108174.625
TLE4,West Yorkshire,2011,118253.03333333334
TLF1,Derbyshire and Nottinghamshire,2011,129406.17156862745
TLF2,"Leicestershire, Rutland and Northamptonshire",2011,157827.13636363635
TLF3,Lincolnshire,2011,129308.58333333333
TLG1,"Herefordshire, Worcestershire and Warwickshire",2011,175553.36805555556
TLG2,Shropshire and Staffordshire,2011,138929.72727272726
TLG3,West Midlands,2011,126956.96428571429
TLH2,Bedfordshire and Hertfordshire,2011,240833.71794871794
TLH3,Essex,2011,209110.52380952382
TLH4,Cambridgeshire and Peterborough,2011,189795.81944444444
TLH5,Norfolk,2011,155161.27380952382
TLH6,Suffolk,2011,171232.55
TLI3,Inner London - West,2011,607183.0972222222
TLI4,Inner London - East,2011,319367.2395833333
TLI5,Outer London - East and North East,2011,225139.29761904763
TLI6,Outer London - South,2011,277898.6
TLI7,Outer London - West and North West,2011,332674.84523809527
TLJ1,"Berkshire, Buckinghamshire and Oxfordshire",2011,246604.08333333334
TLJ2,"Surrey, East and West Sussex",2011,255318.57638888888
TLJ3,Hampshire and Isle of Wight,2011,205117.67261904763
TLJ4,Kent,2011,194315.63461538462
TLK3,Cornwall and Isles of Scilly,2011,184897.08333333334
TLK4,Devon,2011,187039.08333333334
TLK5,West of England,2011,191579.0
TLK6,"North Somerset, Somerset and Dorset",2011,190392.47916666666
TLK7,Gloucestershire and Wiltshire,2011,182896.01041666666
TLL3,North Wales,2011,130566.20833333333
TLL4,Mid and South West Wales,2011,130819.08333333333
TLL5,South East Wales,2011,118614.59166666666
TLM0,Eastern Scotland,2011,121624.54166666667
TLM1,East Central Scotland,2011,148154.86666666667
TLM2,Highlands and Islands,2011,116130.30952380953
TLM3,West Central Scotland,2011,116216.59523809524
TLM5,North Eastern Scotland,2011,180337.75
TLM9,Southern Scotland,2011,110321.05555555556
TLN0,Northern Ireland,2011,110529.25
TLC3,Tees Valley,2012,105700.0
TLC4,"Northumberland, Durham and Tyne & Wear",2012,114067.77380952382
TLD1,Cumbria,2012,134612.41666666666
TLD3,Greater Manchester,2012,118624.44166666667
TLD4,Lancashire,2012,119741.80952380953
TLD6,Cheshire,2012,154586.86111111112
TLD7,Merseyside,2012,110202.47222222222
TLE1,East Yorkshire and Northern Lincolnshire,2012,105192.5625
TLE2,North Yorkshire,2012,181503.54166666666
TLE3,South Yorkshire,2012,107794.27083333333
TLE4,West Yorkshire,2012,116415.05
TLF1,Derbyshire and Nottinghamshire,2012,130469.97549019608
TLF2,"Leicestershire, Rutland and Northamptonshire",2012,157554.4090909091
TLF3,Lincolnshire,2012,128603.04761904762
TLG1,"Herefordshire, Worcestershire and Warwickshire",2012,175903.6875
TLG2,Shropshire and Staffordshire,2012,138267.87121212122
TLG3,West Midlands,2012,127093.96428571429
TLH2,Bedfordshire and Hertfordshire,2012,245485.95512820513
TLH3,Essex,2012,211569.29166666666
TLH4,Cambridgeshire and Peterborough,2012,195619.58333333334
TLH5,Norfolk,2012,157770.42857142858
TLH6,Suffolk,2012,174331.43333333332
TLI3,Inner London - West,2012,664878.0972222222
TLI4,Inner London - East,2012,333471.8854166667
TLI5,Outer London - East and North East,2012,230078.27380952382
TLI6,Outer London - South,2012,286742.06666666665
TLI7,Outer London - West and North West,2012,346634.13095238095
TLJ1,"Berkshire, Buckinghamshire and Oxfordshire",2012,253014.0705128205
TLJ2,"Surrey, East and West Sussex",2012,262494.7361111111
TLJ3,Hampshire and Isle of Wight,2012,207470.9880952381
TLJ4,Kent,2012,197407.0
TLK3,Cornwall and Isles of Scilly,2012,184627.58333333334
TLK4,Devon,2012,188293.28333333333
TLK5,West of England,2012,196232.22222222222
TLK6,"North Somerset, Somerset and Dorset",2012,190996.72916666666
TLK7,Gloucestershire and Wiltshire,2012,185850.35416666666
TLL3,North Wales,2012,129633.01388888889
TLL4,Mid and South West Wales,2012,128647.68055555556
TLL5,South East Wales,2012,119103.18333333333
TLM0,Eastern Scotland,2012,118381.65277777778
TLM1,East Central Scotland,2012,146136.71666666667
TLM2,Highlands and Islands,2012,115388.90476190476
TLM3,West Central Scotland,2012,112296.88095238095
TLM5,North Eastern Scotland,2012,177936.83333333334
TLM9,Southern Scotland,2012,103941.84722222222
TLN0,Northern Ireland,2012,98225.65909090909
TLC3,Tees Valley,2013,104753.6
TLC4,"Northumberland, Durham and Tyne & Wear",2013,114412.47619047618
TLD1,Cumbria,2013,134742.875
TLD3,Greater Manchester,2013,119860.01666666666
TLD4,Lancashire,2013,118740.95238095238
TLD6,Cheshire,2013,157428.38888888888
TLD7,Merseyside,2013,109909.09722222222
TLE1,East Yorkshire and Northern Lincolnshire,2013,106001.6875
TLE2,North Yorkshire,2013,183765.54166666666
TLE3,South Yorkshire,2013,107821.91666666667
TLE4,West Yorkshire,2013,116250.76666666666
TLF1,Derbyshire and Nottinghamshire,2013,131992.96568627452
TLF2,"Leicestershire, Rutland and Northamptonshire",2013,160210.69696969696
TLF3,Lincolnshire,2013,131069.5
TLG1,"Herefordshire, Worcestershire and Warwickshire",2013,178848.93055555556
TLG2,Shropshire and Staffordshire,2013,140411.76515151514
TLG3,West Midlands,2013,129423.66666666667
TLH2,Bedfordshire and Hertfordshire,2013,253696.0705128205
TLH3,Essex,2013,217425.52976190476
TLH4,Cambridgeshire and Peterborough,2013,204368.59722222222
TLH5,Norfolk,2013,161348.84523809524
TLH6,Suffolk,2013,176941.96666666667
TLI3,Inner London - West,2013,743638.3611111111
TLI4,Inner London - East,2013,366904.5208333333
TLI5,Outer London - East and North East,2013,242808.11904761905
TLI6,Outer London - South,2013,305343.6666666667
TLI7,Outer London - West and North West,2013,368884.5833333333
TLJ1,"Berkshire, Buckinghamshire and Oxfordshire",2013,263407.28205128206
TLJ2,"Surrey, East and West Sussex",2013,271916.0833333333
TLJ3,Hampshire and Isle of Wight,2013,211224.8392857143
TLJ4,Kent,2013,204374.59615384616
TLK3,Cornwall and Isles of Scilly,2013,184836.5
TLK4,Devon,2013,189147.63333333333
TLK5,West of England,2013,202435.16666666666
TLK6,"North Somerset, Somerset and Dorset",2013,194411.0625
TLK7,Gloucestershire and Wiltshire,2013,188669.4375
TLL3,North Wales,2013,129302.27777777778
TLL4,Mid and South West Wales,2013,128998.58333333333
TLL5,South East Wales,2013,118988.33333333333
TLM0,Eastern Scotland,2013,118312.23611111111
TLM1,East Central Scotland,2013,145958.46666666667
TLM2,Highlands and Islands,2013,112643.41666666667
TLM3,West Central Scotland,2013,110400.84523809524
TLM5,North Eastern Scotland,2013,183887.25
TLM9,Southern Scotland,2013,102643.81944444444
TLN0,Northern Ireland,2013,95233.72727272728
TLC3,Tees Valley,2014,107238.51666666666
TLC4,"Northumberland, Durham and Tyne & Wear",2014,117648.77380952382
TLD1,Cumbria,2014,138625.16666666666
TLD3,Greater Manchester,2014,126775.90833333334
TLD4,Lancashire,2014,121872.75595238095
TLD6,Cheshire,2014,165478.52777777778
TLD7,Merseyside,2014,113994.22222222222
TLE1,East Yorkshire and Northern Lincolnshire,2014,110052.10416666667
TLE2,North Yorkshire,2014,192915.70833333334
TLE3,South Yorkshire,2014,112506.0
TLE4,West Yorkshire,2014,121853.35
TLF1,Derbyshire and Nottinghamshire,2014,139937.57352941178
TLF2,"Leicestershire, Rutland and Northamptonshire",2014,171569.4696969697
TLF3,Lincolnshire,2014,138867.38095238095
TLG1,"Herefordshire, Worcestershire and Warwickshire",2014,190412.70138888888
TLG2,Shropshire and Staffordshire,2014,146759.5909090909
TLG3,West Midlands,2014,136471.27380952382
TLH2,Bedfordshire and Hertfordshire,2014,282065.141025641
TLH3,Essex,2014,237902.5
TLH4,Cambridgeshire and Peterborough,2014,223443.55555555556
TLH5,Norfolk,2014,173486.79761904763
TLH6,Suffolk,2014,191304.43333333332
TLI3,Inner London - West,2014,866105.75
TLI4,Inner London - East,2014,438551.5
TLI5,Outer London - East and North East,2014,280863.4285714286
TLI6,Outer London - South,2014,360703.13333333336
TLI7,Outer London - West and North West,2014,424846.7380952381
TLJ1,"Berkshire, Buckinghamshire and Oxfordshire",2014,289174.2948717949
TLJ2,"Surrey, East and West Sussex",2014,300363.71180555556
TLJ3,Hampshire and Isle of Wight,2014,229436.16666666666
TLJ4,Kent,2014,223873.0641025641
TLK3,Cornwall and Isles of Scilly,2014,191595.08333333334
TLK4,Devon,2014,197877.64166666666
TLK5,West of England,2014,219507.13888888888
TLK6,"North Somerset, Somerset and Dorset",2014,207778.54166666666
TLK7,Gloucestershire and Wiltshire,2014,200718.61458333334
TLL3,North Wales,2014,134348.79166666666
TLL4,Mid and South West Wales,2014,132904.91666666666
TLL5,South East Wales,2014,125140.15833333334
TLM0,Eastern Scotland,2014,122752.26388888889
TLM1,East Central Scotland,2014,153700.11666666667
TLM2,Highlands and Islands,2014,115918.15476190476
TLM3,West Central Scotland,2014,114944.59523809524
TLM5,North Eastern Scotland,2014,202857.16666666666
TLM9,Southern Scotland,2014,105610.95833333333
TLN0,Northern Ireland,2014,102077.25
TLC3,Tees Valley,2015,107841.61666666667
TLC4,"Northumberland, Durham and Tyne & Wear",2015,120959.80952380953
TLD1,Cumbria,2015,141510.625
TLD3,Greater Manchester,2015,133802.80833333332
TLD4,Lancashire,2015,124895.42857142857
TLD6,Cheshire,2015,171462.80555555556
TLD7,Merseyside,2015,116575.79166666667
TLE1,East Yorkshire and Northern Lincolnshire,2015,113628.70833333333
TLE2,North Yorkshire,2015,204554.33333333334
TLE3,South Yorkshire,2015,115477.33333333333
TLE4,West Yorkshire,2015,126624.58333333333
TLF1,Derbyshire and Nottinghamshire,2015,146813.45098039217
TLF2,"Leicestershire, Rutland and Northamptonshire",2015,181259.00757575757
TLF3,Lincolnshire,2015,146268.97619047618
TLG1,"Herefordshire, Worcestershire and Warwickshire",2015,200711.70833333334
TLG2,Shropshire and Staffordshire,2015,153364.31818181818
TLG3,West Midlands,2015,143034.7142857143
TLH2,Bedfordshire and Hertfordshire,2015,315421.03846153844
TLH3,Essex,2015,263347.0
TLH4,Cambridgeshire and Peterborough,2015,246395.11111111112
TLH5,Norfolk,2015,185008.63095238095
TLH6,Suffolk,2015,205911.56666666668
TLI3,Inner London - West,2015,901739.0694444445
TLI4,Inner London - East,2015,484988.4895833333
TLI5,Outer London - East and North East,2015,317689.8333333333
TLI6,Outer London - South,2015,396149.65
TLI7,Outer London - West and North West,2015,469712.0238095238
TLJ1,"Berkshire, Buckinghamshire and Oxfordshire",2015,319450.5512820513
TLJ2,"Surrey, East and West Sussex",2015,327506.1076388889
TLJ3,Hampshire and Isle of Wight,2015,247559.60119047618
TLJ4,Kent,2015,244075.61538461538
TLK3,Cornwall and Isles of Scilly,2015,199925.41666666666
TLK4,Devon,2015,207277.30833333332
TLK5,West of England,2015,237755.0
TLK6,"North Somerset, Somerset and Dorset",2015,219420.66666666666
TLK7,Gloucestershire and Wiltshire,2015,212411.59375
TLL3,North Wales,2015,138951.38888888888
TLL4,Mid and South West Wales,2015,134848.72222222222
TLL5,South East Wales,2015,129751.775
TLM0,Eastern Scotland,2015,127530.36111111111
TLM1,East Central Scotland,2015,160900.48333333334
TLM2,Highlands and Islands,2015,121028.29761904762
TLM3,West Central Scotland,2015,118215.38095238095
TLM5,North Eastern Scotland,2015,207136.45833333334
TLM9,Southern Scotland,2015,109249.41666666667
TLN0,Northern Ireland,2015,109338.38636363637
TLC3,Tees Valley,2016,110852.78333333334
TLC4,"Northumberland, Durham and Tyne & Wear",2016,124575.66666666667
TLD1,Cumbria,2016,146087.54166666666
TLD3,Greater Manchester,2016,143319.725
TLD4,Lancashire,2016,129344.70833333333
TLD6,Cheshire,2016,180731.44444444444
TLD7,Merseyside,2016,122463.65277777778
TLE1,East Yorkshire and Northern Lincolnshire,2016,119347.0625
TLE2,North Yorkshire,2016,214434.58333333334
TLE3,South Yorkshire,2016,120681.64583333333
TLE4,West Yorkshire,2016,133436.95
TLF1,Derbyshire and Nottinghamshire,2016,155001.8137254902
TLF2,"Leicestershire, Rutland and Northamptonshire",2016,193757.4393939394
TLF3,Lincolnshire,2016,155200.09523809524
TLG1,"Herefordshire, Worcestershire and Warwickshire",2016,213492.77083333334
TLG2,Shropshire and Staffordshire,2016,160728.45454545456
TLG3,West Midlands,2016,153761.64285714287
TLH2,Bedfordshire and Hertfordshire,2016,360000.6987179487
TLH3,Essex,2016,296287.2619047619
TLH4,Cambridgeshire and Peterborough,2016,267735.625
TLH5,Norfolk,2016,199780.29761904763
TLH6,Suffolk,2016,223676.53333333333
TLI3,Inner London - West,2016,921261.3055555555
TLI4,Inner London - East,2016,524779.6666666666
TLI5,Outer London - East and North East,2016,366336.2619047619
TLI6,Outer London - South,2016,441869.6
TLI7,Outer London - West and North West,2016,514820.2738095238
TLJ1,"Berkshire, Buckinghamshire and Oxfordshire",2016,352465.0705128205
TLJ2,"Surrey, East and West Sussex",2016,357731.6736111111
TLJ3,Hampshire and Isle of Wight,2016,269031.3154761905
TLJ4,Kent,2016,272198.28205128206
TLK3,Cornwall and Isles of Scilly,2016,203394.25
TLK4,Devon,2016,214778.15
TLK5,West of England,2016,264121.25
TLK6,"North Somerset, Somerset and Dorset",2016,234623.875
TLK7,Gloucestershire and Wiltshire,2016,228890.73958333334
TLL3,North Wales,2016,142586.55555555556
TLL4,Mid and South West Wales,2016,138242.38888888888
TLL5,South East Wales,2016,136362.84166666667
TLM0,Eastern Scotland,2016,129664.27777777778
TLM1,East Central Scotland,2016,164728.93333333332
TLM2,Highlands and Islands,2016,124051.44047619047
TLM3,West Central Scotland,2016,124205.76190476191
TLM5,North Eastern Scotland,2016,196061.91666666666
TLM9,Southern Scotland,2016,109393.13888888889
TLN0,Northern Ireland,2016,116588.11363636363
TLC3,Tees Valley,2017,112602.28333333334
TLC4,"Northumberland, Durham and Tyne & Wear",2017,126703.44047619047
TLD1,Cumbria,2017,150960.95833333334
TLD3,Greater Manchester,2017,153017.375
TLD4,Lancashire,2017,133748.125
TLD6,Cheshire,2017,186770.55555555556
TLD7,Merseyside,2017,128272.18055555556
TLE1,East Yorkshire and Northern Lincolnshire,2017,125385.85416666667
TLE2,North Yorkshire,2017,223125.16666666666
TLE3,South Yorkshire,2017,125021.10416666667
TLE4,West Yorkshire,2017,138041.23333333334
TLF1,Derbyshire and Nottinghamshire,2017,162675.41666666666
TLF2,"Leicestershire, Rutland and Northamptonshire",2017,206337.95454545456
TLF3,Lincolnshire,2017,163767.86904761905
TLG1,"Herefordshire, Worcestershire and Warwickshire",2017,224286.21527777778
TLG2,Shropshire and Staffordshire,2017,168549.87121212122
TLG3,West Midlands,2017,163702.69047619047
TLH2,Bedfordshire and Hertfordshire,2017,377409.21153846156
TLH3,Essex,2017,317830.4404761905
TLH4,Cambridgeshire and Peterborough,2017,282411.4861111111
TLH5,Norfolk,2017,212035.64285714287
TLH6,Suffolk,2017,239401.4
TLI3,Inner London - West,2017,958406.6527777778
TLI4,Inner London - East,2017,535802.53125
TLI5,Outer London - East and North East,2017,383520.38095238095
TLI6,Outer London - South,2017,454735.9166666667
TLI7,Outer London - West and North West,2017,526101.4880952381
TLJ1,"Berkshire, Buckinghamshire and Oxfordshire",2017,363727.53846153844
TLJ2,"Surrey, East and West Sussex",2017,369362.9166666667
TLJ3,Hampshire and Isle of Wight,2017,283561.0714285714
TLJ4,Kent,2017,287892.7243589744
TLK3,Cornwall and Isles of Scilly,2017,211038.33333333334
TLK4,Devon,2017,222650.225
TLK5,West of England,2017,278751.72222222225
TLK6,"North Somerset, Somerset and Dorset",2017,247132.77083333334
TLK7,Gloucestershire and Wiltshire,2017,241488.88541666666
TLL3,North Wales,2017,148386.79166666666
TLL4,Mid and South West Wales,2017,143234.04166666666
TLL5,South East Wales,2017,142735.675
TLM0,Eastern Scotland,2017,133021.18055555556
TLM1,East Central Scotland,2017,170586.53333333333
TLM2,Highlands and Islands,2017,127695.69047619047
TLM3,West Central Scotland,2017,128237.83333333333
TLM5,North Eastern Scotland,2017,188267.20833333334
TLM9,Southern Scotland,2017,113215.875
TLN0,Northern Ireland,2017,121257.36363636363
TLC3,Tees Valley,2018,113132.88333333333
TLC4,"Northumberland, Durham and Tyne & Wear",2018,129550.98809523809
TLD1,Cumbria,2018,154568.16666666666
TLD3,Greater Manchester,2018,160838.75833333333
TLD4,Lancashire,2018,137262.19047619047
TLD6,Cheshire,2018,195091.5
TLD7,Merseyside,2018,132253.47222222222
TLE1,East Yorkshire and Northern Lincolnshire,2018,129318.08333333333
TLE2,North Yorkshire,2018,228829.25
TLE3,South Yorkshire,2018,129791.4375
TLE4,West Yorkshire,2018,142993.78333333333
TLF1,Derbyshire and Nottinghamshire,2018,170473.74509803922
TLF2,"Leicestershire, Rutland and Northamptonshire",2018,219438.22727272726
TLF3,Lincolnshire,2018,171896.95238095237
TLG1,"Herefordshire, Worcestershire and Warwickshire",2018,234760.47916666666
TLG2,Shropshire and Staffordshire,2018,175505.08333333334
TLG3,West Midlands,2018,173284.58333333334
TLH2,Bedfordshire and Hertfordshire,2018,381281.641025641
TLH3,Essex,2018,325581.125
TLH4,Cambridgeshire and Peterborough,2018,289840.1388888889
TLH5,Norfolk,2018,220651.25
TLH6,Suffolk,2018,247415.06666666668
TLI3,Inner London - West,2018,934272.5
TLI4,Inner London - East,2018,529709.65625
TLI5,Outer London - East and North East,2018,389039.53571428574
TLI6,Outer London - South,2018,456308.2
TLI7,Outer London - West and North West,2018,521599.5595238095
TLJ1,"Berkshire, Buckinghamshire and Oxfordshire",2018,365203.28205128206
TLJ2,"Surrey, East and West Sussex",2018,375132.6354166667
TLJ3,Hampshire and Isle of Wight,2018,289292.2380952381
TLJ4,Kent,2018,298866.17307692306
TLK3,Cornwall and Isles of Scilly,2018,221000.91666666666
TLK4,Devon,2018,231178.95833333334
TLK5,West of England,2018,289762.3333333333
TLK6,"North Somerset, Somerset and Dorset",2018,256354.85416666666
TLK7,Gloucestershire and Wiltshire,2018,251797.0625
TLL3,North Wales,2018,152505.75
TLL4,Mid and South West Wales,2018,148509.69444444444
TLL5,South East Wales,2018,151506.95
TLM0,Eastern Scotland,2018,137266.47222222222
TLM1,East Central Scotland,2018,184452.08333333334
TLM2,Highlands and Islands,2018,134322.64285714287
TLM3,West Central Scotland,2018,134108.7619047619
TLM5,North Eastern Scotland,2018,183509.16666666666
TLM9,Southern Scotland,2018,116521.11111111111
TLN0,Northern Ireland,2018,126860.52272727272
TLC3,Tees Valley,2019,113801.63333333333
TLC4,"Northumberland, Durham and Tyne & Wear",2019,129975.26190476191
TLD1,Cumbria,2019,156797.58333333334
TLD3,Greater Manchester,2019,167304.35
TLD4,Lancashire,2019,138852.9107142857
TLD6,Cheshire,2019,199430.22222222222
TLD7,Merseyside,2019,135962.91666666666
TLE1,East Yorkshire and Northern Lincolnshire,2019,131827.125
TLE2,North Yorkshire,2019,232766.08333333334
TLE3,South Yorkshire,2019,133865.25
TLE4,West Yorkshire,2019,146382.2
TLF1,Derbyshire and Nottinghamshire,2019,174516.5931372549
TLF2,"Leicestershire, Rutland and Northamptonshire",2019,224182.6893939394
TLF3,Lincolnshire,2019,175177.88095238095
TLG1,"Herefordshire, Worcestershire and Warwickshire",2019,237656.09027777778
TLG2,Shropshire and Staffordshire,2019,179385.82575757575
TLG3,West Midlands,2019,177865.57142857142
TLH2,Bedfordshire and Hertfordshire,2019,375037.6282051282
TLH3,Essex,2019,325168.2380952381
TLH4,Cambridgeshire and Peterborough,2019,289040.7361111111
TLH5,Norfolk,2019,223617.09523809524
TLH6,Suffolk,2019,248787.21666666667
TLI3,Inner London - West,2019,899183.5138888889
TLI4,Inner London - East,2019,526202.9270833334
TLI5,Outer London - East and North East,2019,384868.7380952381
TLI6,Outer London - South,2019,448531.36666666664
TLI7,Outer London - West and North West,2019,512735.10714285716
TLJ1,"Berkshire, Buckinghamshire and Oxfordshire",2019,357937.7756410256
TLJ2,"Surrey, East and West Sussex",2019,372282.47222222225
TLJ3,Hampshire and Isle of Wight,2019,287874.60714285716
TLJ4,Kent,2019,298656.6923076923
TLK3,Cornwall and Isles of Scilly,2019,224773.66666666666
TLK4,Devon,2019,236233.45833333334
TLK5,West of England,2019,290131.52777777775
TLK6,"North Somerset, Somerset and Dorset",2019,257594.52083333334
TLK7,Gloucestershire and Wiltshire,2019,254725.13541666666
TLL3,North Wales,2019,157739.41666666666
TLL4,Mid and South West Wales,2019,153128.16666666666
TLL5,South East Wales,2019,158902.59166666667
TLM0,Eastern Scotland,2019,141441.80555555556
TLM1,East Central Scotland,2019,191537.95
TLM2,Highlands and Islands,2019,138416.89285714287
TLM3,West Central Scotland,2019,136065.29761904763
TLM5,North Eastern Scotland,2019,175661.95833333334
TLM9,Southern Scotland,2019,117343.5
TLN0,Northern Ireland,2019,131302.8409090909
TLC3,Tees Valley,2020,113989.33333333333
TLC4,"Northumberland, Durham and Tyne & Wear",2020,132114.13095238095
TLD1,Cumbria,2020,159137.75
TLD3,Greater Manchester,2020,174641.3
TLD4,Lancashire,2020,142623.27976190476
TLD6,Cheshire,2020,205606.69444444444
TLD7,Merseyside,2020,139524.19444444444
TLE1,East Yorkshire and Northern Lincolnshire,2020,135622.875
TLE2,North Yorkshire,2020,237781.625
TLE3,South Yorkshire,2020,138243.47916666666
TLE4,West Yorkshire,2020,151144.26666666666
TLF1,Derbyshire and Nottinghamshire,2020,180870.25490196078
TLF2,"Leicestershire, Rutland and Northamptonshire",2020,231039.1893939394
TLF3,Lincolnshire,2020,177409.90476190476
TLG1,"Herefordshire, Worcestershire and Warwickshire",2020,242328.65277777778
TLG2,Shropshire and Staffordshire,2020,185809.34848484848
TLG3,West Midlands,2020,181784.04761904763
TLH2,Bedfordshire and Hertfordshire,2020,378123.64743589744
TLH3,Essex,2020,328267.5238095238
TLH4,Cambridgeshire and Peterborough,2020,291902.2638888889
TLH5,Norfolk,2020,228447.47619047618
TLH6,Suffolk,2020,251704.71666666667
TLI3,Inner London - West,2020,924659.8194444445
TLI4,Inner London - East,2020,546033.03125
TLI5,Outer London - East and North East,2020,392754.04761904763
TLI6,Outer London - South,2020,456487.01666666666
TLI7,Outer London - West and North West,2020,525011.7023809524
TLJ1,"Berkshire, Buckinghamshire and Oxfordshire",2020,362677.74358974356
TLJ2,"Surrey, East and West Sussex",2020,378290.7013888889
TLJ3,Hampshire and Isle of Wight,2020,292953.3630952381
TLJ4,Kent,2020,303597.98076923075
TLK3,Cornwall and Isles of Scilly,2020,233156.16666666666
TLK4,Devon,2020,241280.94166666668
TLK5,West of England,2020,299935.30555555556
TLK6,"North Somerset, Somerset and Dorset",2020,262661.0208333333
TLK7,Gloucestershire and Wiltshire,2020,261525.23958333334
TLL3,North Wales,2020,161857.33333333334
TLL4,Mid and South West Wales,2020,159197.61111111112
TLL5,South East Wales,2020,164135.78333333333
TLM0,Eastern Scotland,2020,145590.33333333334
TLM1,East Central Scotland,2020,197915.8
TLM2,Highlands and Islands,2020,137497.7380952381
TLM3,West Central Scotland,2020,138438.63095238095
TLM5,North Eastern Scotland,2020,167498.41666666666
TLM9,Southern Scotland,2020,121513.06944444444
TLN0,Northern Ireland,2020,135844.68181818182
TLC3,Tees Valley,2021,127454.9
TLC4,"Northumberland, Durham and Tyne & Wear",2021,144697.9880952381
TLD1,Cumbria,2021,170275.79166666666
TLD3,Greater Manchester,2021,197151.9
TLD4,Lancashire,2021,157266.70238095237
TLD6,Cheshire,2021,224575.83333333334
TLD7,Merseyside,2021,157836.51388888888
TLE1,East Yorkshire and Northern Lincolnshire,2021,148523.85416666666
TLE2,North Yorkshire,2021,257695.375
TLE3,South Yorkshire,2021,154249.27083333334
TLE4,West Yorkshire,2021,167278.66666666666
TLF1,Derbyshire and Nottinghamshire,2021,198077.8088235294
TLF2,"Leicestershire, Rutland and Northamptonshire",2021,246106.21212121213
TLF3,Lincolnshire,2021,193507.36904761905
TLG1,"Herefordshire, Worcestershire and Warwickshire",2021,257633.36805555556
TLG2,Shropshire and Staffordshire,2021,201206.42424242425
TLG3,West Midlands,2021,200322.17857142858
TLH2,Bedfordshire and Hertfordshire,2021,396624.641025641
TLH3,Essex,2021,343435.60714285716
TLH4,Cambridgeshire and Peterborough,2021,301475.7361111111
TLH5,Norfolk,2021,244835.2857142857
TLH6,Suffolk,2021,267047.56666666665
TLI3,Inner London - West,2021,941485.3333333334
TLI4,Inner London - East,2021,550484.2395833334
TLI5,Outer London - East and North East,2021,413122.7380952381
TLI6,Outer London - South,2021,478256.5
TLI7,Outer London - West and North West,2021,545405.2380952381
TLJ1,"Berkshire, Buckinghamshire and Oxfordshire",2021,377385.4871794872
TLJ2,"Surrey, East and West Sussex",2021,399321.33680555556
TLJ3,Hampshire and Isle of Wight,2021,310067.6785714286
TLJ4,Kent,2021,321223.2371794872
TLK3,Cornwall and Isles of Scilly,2021,257816.41666666666
TLK4,Devon,2021,260600.71666666667
TLK5,West of England,2021,319316.6666666667
TLK6,"North Somerset, Somerset and Dorset",2021,279713.75
TLK7,Gloucestershire and Wiltshire,2021,276192.6145833333
TLL3,North Wales,2021,181248.31944444444
TLL4,Mid and South West Wales,2021,177841.81944444444
TLL5,South East Wales,2021,180479.99166666667
TLM0,Eastern Scotland,2021,160044.58333333334
TLM1,East Central Scotland,2021,215483.01666666666
TLM2,Highlands and Islands,2021,153290.77380952382
TLM3,West Central Scotland,2021,154630.4642857143
TLM5,North Eastern Scotland,2021,175190.41666666666
TLM9,Southern Scotland,2021,135312.80555555556
TLN0,Northern Ireland,2021,147628.3409090909
TLC3,Tees Valley,2022,138524.5
TLC4,"Northumberland, Durham and Tyne & Wear",2022,155114.64285714287
TLD1,Cumbria,2022,184879.875
TLD3,Greater Manchester,2022,218886.35833333334
TLD4,Lancashire,2022,171180.9880952381
TLD6,Cheshire,2022,246791.02777777778
TLD7,Merseyside,2022,174189.43055555556
TLE1,East Yorkshire and Northern Lincolnshire,2022,160297.29166666666
TLE2,North Yorkshire,2022,281773.2916666667
TLE3,South Yorkshire,2022,169596.97916666666
TLE4,West Yorkshire,2022,181640.2
TLF1,Derbyshire and Nottinghamshire,2022,217858.4019607843
TLF2,"Leicestershire, Rutland and Northamptonshire",2022,269531.3409090909
TLF3,Lincolnshire,2022,214314.82142857142
TLG1,"Herefordshire, Worcestershire and Warwickshire",2022,281268.8263888889
TLG2,Shropshire and Staffordshire,2022,221390.97727272726
TLG3,West Midlands,2022,219753.4642857143
TLH2,Bedfordshire and Hertfordshire,2022,425197.9358974359
TLH3,Essex,2022,373038.2083333333
TLH4,Cambridgeshire and Peterborough,2022,330929.3611111111
TLH5,Norfolk,2022,272271.13095238095
TLH6,Suffolk,2022,293218.56666666665
TLI3,Inner London - West,2022,1004391.1944444445
TLI4,Inner London - East,2022,565366.5520833334
TLI5,Outer London - East and North East,2022,439502.25
TLI6,Outer London - South,2022,509337.45
TLI7,Outer London - West and North West,2022,579618.6785714285
TLJ1,"Berkshire, Buckinghamshire and Oxfordshire",2022,408388.82692307694
TLJ2,"Surrey, East and West Sussex",2022,434688.09375
TLJ3,Hampshire and Isle of Wight,2022,340341.34523809527
TLJ4,Kent,2022,351457.8653846154
TLK3,Cornwall and Isles of Scilly,2022,291146.0833333333
TLK4,Devon,2022,292055.825
TLK5,West of England,2022,356201.97222222225
TLK6,"North Somerset, Somerset and Dorset",2022,311627.25
TLK7,Gloucestershire and Wiltshire,2022,306026.0833333333
TLL3,North Wales,2022,201255.76388888888
TLL4,Mid and South West Wales,2022,201505.01388888888
TLL5,South East Wales,2022,202140.41666666666
TLM0,Eastern Scotland,2022,171643.97222222222
TLM1,East Central Scotland,2022,233149.65
TLM2,Highlands and Islands,2022,173454.65476190476
TLM3,West Central Scotland,2022,167344.0119047619
TLM5,North Eastern Scotland,2022,179054.79166666666
TLM9,Southern Scotland,2022,149506.73611111112
TLN0,Northern Ireland,2022,162760.5909090909
TLC3,Tees Valley,2023,140929.73333333334
TLC4,"Northumberland, Durham and Tyne & Wear",2023,158973.0
TLD1,Cumbria,2023,186598.04166666666
TLD3,Greater Manchester,2023,222899.175
TLD4,Lancashire,2023,175467.94047619047
TLD6,Cheshire,2023,252910.52777777778
TLD7,Merseyside,2023,178411.79166666666
TLE1,East Yorkshire and Northern Lincolnshire,2023,161821.0
TLE2,North Yorkshire,2023,284767.375
TLE3,South Yorkshire,2023,173337.45833333334
TLE4,West Yorkshire,2023,185944.03333333333
TLF1,Derbyshire and Nottinghamshire,2023,223405.52450980392
TLF2,"Leicestershire, Rutland and Northamptonshire",2023,274925.32575757575
TLF3,Lincolnshire,2023,214909.27380952382
TLG1,"Herefordshire, Worcestershire and Warwickshire",2023,286776.72222222225
TLG2,Shropshire and Staffordshire,2023,225968.67424242425
TLG3,West Midlands,2023,224930.35714285713
TLH2,Bedfordshire and Hertfordshire,2023,424572.3012820513
TLH3,Essex,2023,373666.50595238095
TLH4,Cambridgeshire and Peterborough,2023,334341.77777777775
TLH5,Norfolk,2023,273019.0119047619
TLH6,Suffolk,2023,292284.15
TLI3,Inner London - West,2023,987700.5138888889
TLI4,Inner London - East,2023,561602.3333333334
TLI5,Outer London - East and North East,2023,437510.2261904762
TLI6,Outer London - South,2023,509085.3
TLI7,Outer London - West and North West,2023,577155.5238095238
TLJ1,"Berkshire, Buckinghamshire and Oxfordshire",2023,412303.5256410256
TLJ2,"Surrey, East and West Sussex",2023,435741.4166666667
TLJ3,Hampshire and Isle of Wight,2023,342740.61904761905
TLJ4,Kent,2023,353165.9423076923
TLK3,Cornwall and Isles of Scilly,2023,293219.9166666667
TLK4,Devon,2023,295218.10833333334
TLK5,West of England,2023,359596.3888888889
TLK6,"North Somerset, Somerset and Dorset",2023,312850.6041666667
TLK7,Gloucestershire and Wiltshire,2023,313484.5729166667
TLL3,North Wales,2023,203160.0
TLL4,Mid and South West Wales,2023,203318.875
TLL5,South East Wales,2023,206143.53333333333
TLM0,Eastern Scotland,2023,172577.23611111112
TLM1,East Central Scotland,2023,235693.18333333332
TLM2,Highlands and Islands,2023,172528.67857142858
TLM3,West Central Scotland,2023,169325.20238095237
TLM5,North Eastern Scotland,2023,173377.33333333334
TLM9,Southern Scotland,2023,147917.27777777778
TLN0,Northern Ireland,2023,167365.97727272726
TLC3,Tees Valley,2024,141718.43333333332
TLC4,"Northumberland, Durham and Tyne & Wear",2024,160581.19047619047
TLD1,Cumbria,2024,190395.58333333334
TLD3,Greater Manchester,2024,228814.00833333333
TLD4,Lancashire,2024,178518.36904761905
TLD6,Cheshire,2024,256115.52777777778
TLD7,Merseyside,2024,181877.13888888888
TLE1,East Yorkshire and Northern Lincolnshire,2024,161965.25
TLE2,North Yorkshire,2024,285969.4583333333
TLE3,South Yorkshire,2024,177534.39583333334
TLE4,West Yorkshire,2024,190379.3
TLF1,Derbyshire and Nottinghamshire,2024,223581.78431372548
TLF2,"Leicestershire, Rutland and Northamptonshire",2024,271592.79545454547
TLF3,Lincolnshire,2024,210521.08333333334
TLG1,"Herefordshire, Worcestershire and Warwickshire",2024,285853.13194444444
TLG2,Shropshire and Staffordshire,2024,228063.25757575757
TLG3,West Midlands,2024,225783.92857142858
TLH2,Bedfordshire and Hertfordshire,2024,419929.0448717949
TLH3,Essex,2024,366308.0416666667
TLH4,Cambridgeshire and Peterborough,2024,329685.3888888889
TLH5,Norfolk,2024,265790.6904761905
TLH6,Suffolk,2024,284804.05
TLI3,Inner London - West,2024,947206.7361111111
TLI4,Inner London - East,2024,560930.9791666666
TLI5,Outer London - East and North East,2024,438417.9166666667
TLI6,Outer London - South,2024,500738.0333333333
TLI7,Outer London - West and North West,2024,575642.7142857143
TLJ1,"Berkshire, Buckinghamshire and Oxfordshire",2024,411728.4871794872
TLJ2,"Surrey, East and West Sussex",2024,427601.44097222225
TLJ3,Hampshire and Isle of Wight,2024,335922.8333333333
TLJ4,Kent,2024,343731.99358974356
TLK3,Cornwall and Isles of Scilly,2024,283743.25
TLK4,Devon,2024,287482.3
TLK5,West of England,2024,359667.47222222225
TLK6,"North Somerset, Somerset and Dorset",2024,305769.6875
TLK7,Gloucestershire and Wiltshire,2024,313210.3541666667
TLL3,North Wales,2024,202450.48611111112
TLL4,Mid and South West Wales,2024,203704.34722222222
TLL5,South East Wales,2024,207996.125
TLM0,Eastern Scotland,2024,176511.70833333334
TLM1,East Central Scotland,2024,239142.65
TLM2,Highlands and Islands,2024,176230.7857142857
TLM3,West Central Scotland,2024,174415.33333333334
TLM5,North Eastern Scotland,2024,173320.875
TLM9,Southern Scotland,2024,151428.44444444444
TLN0,Northern Ireland,2024,177731.0
TLC3,Tees Valley,2025,147237.23333333334
TLC4,"Northumberland, Durham and Tyne & Wear",2025,168821.42857142858
TLD1,Cumbria,2025,194852.08333333334
TLD3,Greater Manchester,2025,238810.09166666667
TLD4,Lancashire,2025,184739.2380952381
TLD6,Cheshire,2025,268272.3333333333
TLD7,Merseyside,2025,191938.88888888888
TLE1,East Yorkshire and Northern Lincolnshire,2025,166954.375
TLE2,North Yorkshire,2025,286753.2083333333
TLE3,South Yorkshire,2025,184890.5625
TLE4,West Yorkshire,2025,199544.55
TLF1,Derbyshire and Nottinghamshire,2025,231846.6519607843
TLF2,"Leicestershire, Rutland and Northamptonshire",2025,279408.0227272727
TLF3,Lincolnshire,2025,214809.63095238095
TLG1,"Herefordshire, Worcestershire and Warwickshire",2025,293601.6666666667
TLG2,Shropshire and Staffordshire,2025,238212.78787878787
TLG3,West Midlands,2025,232915.08333333334
TLH2,Bedfordshire and Hertfordshire,2025,429930.28846153844
TLH3,Essex,2025,377141.3511904762
TLH4,Cambridgeshire and Peterborough,2025,335480.27777777775
TLH5,Norfolk,2025,268247.7619047619
TLH6,Suffolk,2025,287671.6
TLI3,Inner London - West,2025,914055.9166666666
TLI4,Inner London - East,2025,565488.71875
TLI5,Outer London - East and North East,2025,452429.4404761905
TLI6,Outer London - South,2025,515015.2
TLI7,Outer London - West and North West,2025,584762.7857142857
TLJ1,"Berkshire, Buckinghamshire and Oxfordshire",2025,424594.1858974359
TLJ2,"Surrey, East and West Sussex",2025,435801.22222222225
TLJ3,Hampshire and Isle of Wight,2025,339263.8095238095
TLJ4,Kent,2025,351091.46794871794
TLK3,Cornwall and Isles of Scilly,2025,279969.6666666667
TLK4,Devon,2025,289002.39166666666
TLK5,West of England,2025,364741.30555555556
TLK6,"North Somerset, Somerset and Dorset",2025,306720.1458333333
TLK7,Gloucestershire and Wiltshire,2025,314283.0104166667
TLL3,North Wales,2025,209301.55555555556
TLL4,Mid and South West Wales,2025,204787.41666666666
TLL5,South East Wales,2025,214042.38333333333
TLM0,Eastern Scotland,2025,181859.09722222222
TLM1,East Central Scotland,2025,247454.08333333334
TLM2,Highlands and Islands,2025,181223.64285714287
TLM3,West Central Scotland,2025,182026.19047619047
TLM5,North Eastern Scotland,2025,168554.29166666666
TLM9,Southern Scotland,2025,156628.79166666666
TLN0,Northern Ireland,2025,191042.13636363635
TLC3,Tees Valley,2026,149893.8
TLC4,"Northumberland, Durham and Tyne & Wear",2026,173284.0
TLD1,Cumbria,2026,199430.5
TLD3,Greater Manchester,2026,243033.2
TLD4,Lancashire,2026,188554.57142857142
TLD6,Cheshire,2026,274543.3333333333
TLD7,Merseyside,2026,199323.33333333334
TLE1,East Yorkshire and Northern Lincolnshire,2026,170432.0
TLE2,North Yorkshire,2026,291688.0
TLE3,South Yorkshire,2026,189629.25
TLE4,West Yorkshire,2026,204560.2
TLF1,Derbyshire and Nottinghamshire,2026,236180.35294117648
TLF2,"Leicestershire, Rutland and Northamptonshire",2026,283159.36363636365
TLF3,Lincolnshire,2026,218874.14285714287
TLG1,"Herefordshire, Worcestershire and Warwickshire",2026,295333.1666666667
TLG2,Shropshire and Staffordshire,2026,240868.0909090909
TLG3,West Midlands,2026,236129.14285714287
TLH2,Bedfordshire and Hertfordshire,2026,433732.23076923075
TLH3,Essex,2026,380391.5714285714
TLH4,Cambridgeshire and Peterborough,2026,338403.1666666667
TLH5,Norfolk,2026,269256.14285714284
TLH6,Suffolk,2026,287749.8
TLI3,Inner London - West,2026,842366.3333333334
TLI4,Inner London - East,2026,557350.125
TLI5,Outer London - East and North East,2026,458697.28571428574
TLI6,Outer London - South,2026,513399.8
TLI7,Outer London - West and North West,2026,576975.8571428572
TLJ1,"Berkshire, Buckinghamshire and Oxfordshire",2026,422284.6153846154
TLJ2,"Surrey, East and West Sussex",2026,432332.7916666667
TLJ3,Hampshire and Isle of Wight,2026,340223.21428571426
TLJ4,Kent,2026,353452.6153846154
TLK3,Cornwall and Isles of Scilly,2026,276628.0
TLK4,Devon,2026,290301.1
TLK5,West of England,2026,362589.0
TLK6,"North Somerset, Somerset and Dorset",2026,308444.75
TLK7,Gloucestershire and Wiltshire,2026,318251.75
TLL3,North Wales,2026,209760.5
TLL4,Mid and South West Wales,2026,208429.0
TLL5,South East Wales,2026,216333.4
TLM0,Eastern Scotland,2026,183621.0
TLM1,East Central Scotland,2026,246278.4
TLM2,Highlands and Islands,2026,177217.14285714287
TLM3,West Central Scotland,2026,186517.2857142857
TLM5,North Eastern Scotland,2026,165793.5
TLM9,Southern Scotland,2026,160530.83333333334
TLN0,Northern Ireland,2026,197923.54545454544
