itl2_code,itl2_name,year,median_all,median_newbuild,median_existing,median_detached,median_semi_detached,median_terraced,median_flat,n_sales
TLC3,Tees Valley,2018,137000.0,199972.5,125000.0,224950.0,130000.0,79500.0,77000.0,9767
TLC4,"Northumberland, Durham and Tyne & Wear",2018,141000.0,200000.0,130000.0,240000.0,140000.0,108000.0,100650.0,28563
TLD1,Cumbria,2018,167000.0,234995.0,160000.0,266497.5,160000.0,114000.0,116500.0,8767
TLD3,Greater Manchester,2018,164995.0,194995.0,160000.0,277000.0,175000.0,124000.0,145000.0,40865
TLD4,Lancashire,2018,145000.0,224995.0,138000.0,253000.0,148000.0,95000.0,97500.0,24104
TLD6,Cheshire,2018,210000.0,262995.0,197000.0,320000.0,184725.0,148000.0,125000.0,16728
TLD7,Merseyside,2018,145000.0,157995.0,142500.0,257000.0,160000.0,100000.0,98000.0,22274
TLE1,East Yorkshire and Northern Lincolnshire,2018,145000.0,214995.0,140000.0,240000.0,140000.0,107000.0,85000.0,15047
TLE2,North Yorkshire,2018,220000.0,260000.0,216500.0,317500.0,206000.0,180000.0,150000.0,14618
TLE3,South Yorkshire,2018,141500.0,175995.0,136000.0,235000.0,133000.0,109372.5,110000.0,19316
TLE4,West Yorkshire,2018,157220.0,212972.5,150000.0,280000.0,160050.0,120000.0,117500.0,34801
TLF1,Derbyshire and Nottinghamshire,2018,169950.0,245000.0,160000.0,260000.0,151500.0,123000.0,115000.0,35512
TLF2,"Leicestershire, Rutland and Northamptonshire",2018,219950.0,284950.0,205000.0,320000.0,200000.0,170000.0,125000.0,30058
TLF3,Lincolnshire,2018,180000.0,198950.0,175000.0,233000.0,158000.0,130000.0,104000.0,13605
TLG1,"Herefordshire, Worcestershire and Warwickshire",2018,245000.0,309950.0,230000.0,350000.0,222000.0,180000.0,137500.0,23683
TLG2,Shropshire and Staffordshire,2018,179950.0,242995.0,169100.0,275000.0,162500.0,130000.0,116250.0,26156
TLG3,West Midlands,2018,172500.0,199995.0,168000.0,300000.0,179995.0,150000.0,135000.0,35125
TLH2,Bedfordshire and Hertfordshire,2018,340000.0,348995.0,338000.0,540000.0,367500.0,315000.0,232000.0,26657
TLH3,Essex,2018,305000.0,352995.0,299995.0,440000.0,320000.0,275000.0,190000.0,30001
TLH4,Cambridgeshire and Peterborough,2018,260000.0,304995.0,250000.0,350000.0,237500.0,210000.0,180000.0,13138
TLH5,Norfolk,2018,225000.0,249995.0,220000.0,292995.0,210000.0,178000.0,140000.0,15901
TLH6,Suffolk,2018,240000.0,275000.0,235000.0,340000.0,230000.0,190000.0,137000.0,12437
TLI3,Inner London - West,2018,775000.0,975000.0,720000.0,2875000.0,1660000.0,1190000.0,680000.0,12439
TLI4,Inner London - East,2018,490000.0,532500.0,475000.0,1300000.0,808500.0,630000.0,463000.0,22107
TLI5,Outer London - East and North East,2018,384250.0,425000.0,376000.0,620000.0,440000.0,397500.0,310000.0,19192
TLI6,Outer London - South,2018,425000.0,443000.0,420000.0,725000.0,530000.0,427000.0,315000.0,15638
TLI7,Outer London - West and North West,2018,475000.0,450000.0,480000.0,900000.0,580000.0,536000.0,385000.0,18109
TLJ1,"Berkshire, Buckinghamshire and Oxfordshire",2018,355000.0,380000.0,347500.0,525000.0,360000.0,310000.0,235000.0,35892
TLJ2,"Surrey, East and West Sussex",2018,352000.0,382400.0,350000.0,550000.0,376000.0,320000.0,235000.0,45725
TLJ3,Hampshire and Isle of Wight,2018,279950.0,340000.0,270000.0,439950.0,295000.0,245000.0,168500.0,32385
TLJ4,Kent,2018,285000.0,349995.0,276000.0,450000.0,305000.0,250000.0,187000.0,29452
TLK3,Cornwall and Isles of Scilly,2018,225000.0,236725.0,222500.0,304950.0,207000.0,178000.0,158000.0,10389
TLK4,Devon,2018,230000.0,275000.0,222000.0,339000.0,225000.0,187000.0,137000.0,22159
TLK5,West of England,2018,277000.0,317995.0,272000.0,415000.0,285500.0,265000.0,215000.0,15019
TLK6,"North Somerset, Somerset and Dorset",2018,259995.0,280000.0,255000.0,370140.0,250000.0,210000.0,171750.0,28309
TLK7,Gloucestershire and Wiltshire,2018,255000.0,310500.0,244000.0,375000.0,249950.0,206000.0,145000.0,23878
TLL3,North Wales,2018,158000.0,205000.0,155000.0,220000.0,143000.0,116000.0,110950.0,10703
TLL4,Mid and South West Wales,2018,149995.0,175000.0,147500.0,220000.0,132500.0,110000.0,115000.0,13180
TLL5,South East Wales,2018,162950.0,232995.0,155000.0,279950.0,166000.0,122000.0,126000.0,23701
TLC3,Tees Valley,2019,139950.0,219950.0,128000.0,230000.0,130500.0,82000.0,80000.0,9809
TLC4,"Northumberland, Durham and Tyne & Wear",2019,144950.0,219950.0,132000.0,250000.0,141997.5,107000.0,95250.0,27907
TLD1,Cumbria,2019,167500.0,222500.0,160000.0,279950.0,162000.0,110000.0,120000.0,8618
TLD3,Greater Manchester,2019,170000.0,205880.0,165000.0,282250.0,182000.0,129995.0,152533.0,39150
TLD4,Lancashire,2019,150000.0,232995.0,139995.0,261950.0,152500.0,99000.0,95000.0,23912
TLD6,Cheshire,2019,218500.0,279850.0,201972.5,324995.0,190000.0,153000.0,130000.0,16616
TLD7,Merseyside,2019,150000.0,172995.0,147250.0,262500.0,166575.0,103500.0,105000.0,21479
TLE1,East Yorkshire and Northern Lincolnshire,2019,150000.0,220000.0,144000.0,248999.5,145000.0,109950.0,89000.0,14691
TLE2,North Yorkshire,2019,228000.0,279950.0,220000.0,325000.0,210000.0,185000.0,156500.0,14196
TLE3,South Yorkshire,2019,145000.0,180000.0,140000.0,235000.0,137500.0,112000.0,110000.0,19245
TLE4,West Yorkshire,2019,162000.0,233995.0,155000.0,288000.0,165000.0,124000.0,122000.0,34059
TLF1,Derbyshire and Nottinghamshire,2019,175000.0,248000.0,165000.0,268000.0,158000.0,127000.0,108997.0,34834
TLF2,"Leicestershire, Rutland and Northamptonshire",2019,223000.0,294995.0,210000.0,325000.0,207000.0,173000.0,127000.0,27721
TLF3,Lincolnshire,2019,185000.0,212995.0,180000.0,240000.0,161997.5,132000.0,104000.0,13029
TLG1,"Herefordshire, Worcestershire and Warwickshire",2019,247000.0,314999.5,232500.0,352500.0,225000.0,180000.0,142000.0,22453
TLG2,Shropshire and Staffordshire,2019,185000.0,254995.0,174950.0,285000.0,165750.0,135000.0,108000.0,25817
TLG3,West Midlands,2019,177000.0,211950.0,172500.0,312000.0,185000.0,155000.0,135000.0,32999
TLH2,Bedfordshire and Hertfordshire,2019,340497.5,365000.0,336000.0,539995.0,360000.0,312250.0,230000.0,25872
TLH3,Essex,2019,305950.0,355000.0,300000.0,435000.0,320000.0,275000.0,194000.0,28208
TLH4,Cambridgeshire and Peterborough,2019,270000.0,320000.0,260000.0,355000.0,242747.5,215000.0,186000.0,12783
TLH5,Norfolk,2019,230000.0,260497.5,225000.0,299995.0,211000.0,180000.0,139000.0,15918
TLH6,Suffolk,2019,245000.0,285000.0,238000.0,344995.0,232000.0,193000.0,149000.0,11781
TLI3,Inner London - West,2019,750000.0,955250.0,720000.0,2888000.0,1530000.0,1200000.0,650000.0,11704
TLI4,Inner London - East,2019,500000.0,599000.0,480000.0,1175000.0,838000.0,635000.0,475000.0,20971
TLI5,Outer London - East and North East,2019,395000.0,465000.0,385000.0,640000.0,447500.0,399000.0,318000.0,18144
TLI6,Outer London - South,2019,424950.0,473750.0,420000.0,730000.0,522000.0,421000.0,311500.0,15528
TLI7,Outer London - West and North West,2019,475000.0,445000.0,485000.0,880000.0,580000.0,540000.0,380000.0,17462
TLJ1,"Berkshire, Buckinghamshire and Oxfordshire",2019,355000.0,389000.0,345000.0,525000.0,353750.0,301000.0,234000.0,34870
TLJ2,"Surrey, East and West Sussex",2019,357000.0,385000.0,352000.0,550000.0,375000.0,320000.0,230603.0,44491
TLJ3,Hampshire and Isle of Wight,2019,282000.0,355000.0,275000.0,440000.0,295000.0,243000.0,170000.0,30755
TLJ4,Kent,2019,288000.0,358995.0,280000.0,447500.0,309995.0,250000.0,185000.0,27583
TLK3,Cornwall and Isles of Scilly,2019,230000.0,246950.0,226000.0,314950.0,215000.0,181500.0,160000.0,10279
TLK4,Devon,2019,234000.0,275000.0,225000.0,345000.0,230000.0,190000.0,140000.0,21255
TLK5,West of England,2019,280000.0,325995.0,273000.0,424000.0,288000.0,265000.0,214000.0,14269
TLK6,"North Somerset, Somerset and Dorset",2019,262500.0,293000.0,260000.0,375000.0,250000.0,210000.0,170000.0,26188
TLK7,Gloucestershire and Wiltshire,2019,255000.0,315000.0,245000.0,375000.0,245487.5,206250.0,145000.0,22344
TLL3,North Wales,2019,160000.0,216450.0,157500.0,225000.0,149000.0,120000.0,114475.0,10431
TLL4,Mid and South West Wales,2019,155000.0,190000.0,152000.0,229950.0,137000.0,112500.0,110000.0,12559
TLL5,South East Wales,2019,168500.0,248995.0,160000.0,285000.0,175000.0,127000.0,131000.0,22904
TLC3,Tees Valley,2020,145000.0,229950.0,133500.0,235000.0,134000.0,84000.0,79000.0,8831
TLC4,"Northumberland, Durham and Tyne & Wear",2020,152000.0,224995.0,140000.0,258995.0,149950.0,110000.0,92000.0,25480
TLD1,Cumbria,2020,176000.0,241766.5,170000.0,282500.0,167500.0,114875.0,130000.0,7924
TLD3,Greater Manchester,2020,186997.5,239995.0,178000.0,302500.0,195000.0,138000.0,177000.0,34336
TLD4,Lancashire,2020,160000.0,242750.0,150000.0,270950.0,159995.0,103000.0,92500.0,21761
TLD6,Cheshire,2020,234995.0,292500.0,220000.0,342000.0,202500.0,164995.0,133000.0,15208
TLD7,Merseyside,2020,160050.0,197995.0,156000.0,275495.0,173000.0,112000.0,110000.0,18101
TLE1,East Yorkshire and Northern Lincolnshire,2020,160000.0,224972.5,152000.0,263500.0,150000.0,110000.0,91797.0,12908
TLE2,North Yorkshire,2020,242500.0,299950.0,233500.0,345000.0,224995.0,192550.0,160000.0,12851
TLE3,South Yorkshire,2020,153000.0,179995.0,150000.0,247500.0,144550.0,120000.0,107250.0,16682
TLE4,West Yorkshire,2020,172500.0,239950.0,165000.0,305000.0,175500.0,130000.0,122500.0,29408
TLF1,Derbyshire and Nottinghamshire,2020,187995.0,250000.0,178000.0,280000.0,165000.0,135000.0,115000.0,30759
TLF2,"Leicestershire, Rutland and Northamptonshire",2020,236000.0,299000.0,225000.0,340000.0,217495.0,180000.0,127000.0,24380
TLF3,Lincolnshire,2020,195000.0,220000.0,190000.0,252250.0,166995.0,135000.0,100000.0,11366
TLG1,"Herefordshire, Worcestershire and Warwickshire",2020,265000.0,314995.0,250000.0,365000.0,235000.0,192500.0,144950.0,19895
TLG2,Shropshire and Staffordshire,2020,200000.0,264995.0,187000.0,299995.0,177000.0,140000.0,106000.0,22536
TLG3,West Midlands,2020,188000.0,227950.0,183000.0,326000.0,197500.0,161000.0,136000.0,27028
TLH2,Bedfordshire and Hertfordshire,2020,367000.0,389950.0,363000.0,550000.0,382500.0,325000.0,235000.0,23956
TLH3,Essex,2020,325000.0,370000.0,320000.0,455000.0,330000.0,285000.0,195000.0,25832
TLH4,Cambridgeshire and Peterborough,2020,287500.0,349950.0,275000.0,376495.0,250037.5,220000.0,197250.0,11281
TLH5,Norfolk,2020,242500.0,266995.0,238000.0,310000.0,220000.0,187000.0,138125.0,14096
TLH6,Suffolk,2020,256000.0,300000.0,249997.5,360000.0,235000.0,200000.0,150000.0,11138
TLI3,Inner London - West,2020,785000.0,890000.0,765000.0,2730000.0,1785000.0,1250000.0,680000.0,11634
TLI4,Inner London - East,2020,530000.0,599000.0,500000.0,1210000.0,892500.0,697000.0,490000.0,19647
TLI5,Outer London - East and North East,2020,411000.0,462000.0,405000.0,645000.0,460000.0,418500.0,326000.0,16194
TLI6,Outer London - South,2020,441000.0,415000.0,447000.0,750000.0,540000.0,445000.0,320000.0,14385
TLI7,Outer London - West and North West,2020,500000.0,445000.0,520000.0,925000.0,600000.0,575000.0,395000.0,16096
TLJ1,"Berkshire, Buckinghamshire and Oxfordshire",2020,375000.0,400000.0,367000.0,536125.0,365000.0,312500.0,228495.0,31844
TLJ2,"Surrey, East and West Sussex",2020,385000.0,415000.0,380000.0,585000.0,395000.0,335000.0,237500.0,41703
TLJ3,Hampshire and Isle of Wight,2020,300000.0,369000.0,290000.0,460000.0,310000.0,250000.0,175000.0,27671
TLJ4,Kent,2020,310000.0,361997.5,300000.0,469950.0,320000.0,260000.0,190000.0,25972
TLK3,Cornwall and Isles of Scilly,2020,250500.0,269500.0,250000.0,345000.0,225000.0,190000.0,165000.0,9372
TLK4,Devon,2020,250000.0,285000.0,242500.0,360000.0,240000.0,200000.0,144000.0,19064
TLK5,West of England,2020,300000.0,341995.0,295000.0,445000.0,300000.0,285000.0,230000.0,12292
TLK6,"North Somerset, Somerset and Dorset",2020,280000.0,292500.0,279000.0,395000.0,264000.0,220000.0,177500.0,24549
TLK7,Gloucestershire and Wiltshire,2020,275000.0,321500.0,265000.0,390000.0,260000.0,215000.0,146500.0,19695
TLL3,North Wales,2020,171000.0,235000.0,165500.0,243000.0,154995.0,123500.0,110000.0,8742
TLL4,Mid and South West Wales,2020,164000.0,190995.0,160000.0,241250.0,147000.0,119125.0,115000.0,10556
TLL5,South East Wales,2020,180000.0,250995.0,170000.0,296997.5,185500.0,133000.0,133000.0,17758
TLC3,Tees Valley,2021,150000.0,236950.0,140000.0,255000.0,143500.0,90000.0,82750.0,12611
TLC4,"Northumberland, Durham and Tyne & Wear",2021,159995.0,234950.0,147950.0,274000.0,157000.0,120000.0,102000.0,35031
TLD1,Cumbria,2021,183000.0,249950.0,176500.0,307500.0,176000.0,124000.0,135000.0,11283
TLD3,Greater Manchester,2021,208000.0,253358.0,200000.0,330000.0,219995.0,158000.0,185000.0,46799
TLD4,Lancashire,2021,170000.0,249997.0,160500.0,290000.0,172000.0,116505.0,101950.0,30726
TLD6,Cheshire,2021,250000.0,309995.0,240000.0,369995.0,221995.0,177995.0,138000.0,21258
TLD7,Merseyside,2021,175000.0,224395.0,172000.0,309000.0,187995.0,125000.0,122000.0,24322
TLE1,East Yorkshire and Northern Lincolnshire,2021,170000.0,225000.0,163000.0,275000.0,163000.0,120000.0,90000.0,18348
TLE2,North Yorkshire,2021,260000.0,310000.0,252000.0,375000.0,240000.0,210000.0,168250.0,18459
TLE3,South Yorkshire,2021,167500.0,200000.0,163000.0,270997.5,159950.0,130000.0,120000.0,22161
TLE4,West Yorkshire,2021,185000.0,239950.0,180000.0,330000.0,190000.0,139950.0,120000.0,39963
TLF1,Derbyshire and Nottinghamshire,2021,208000.0,259995.0,195000.0,299995.0,181000.0,147882.5,125000.0,41671
TLF2,"Leicestershire, Rutland and Northamptonshire",2021,255000.0,304995.0,245000.0,362500.0,235000.0,196000.0,130000.0,34417
TLF3,Lincolnshire,2021,215000.0,239950.0,210000.0,273875.0,177000.0,147000.0,108250.0,17482
TLG1,"Herefordshire, Worcestershire and Warwickshire",2021,279950.0,332000.0,269000.0,390000.0,250000.0,206100.0,150000.0,28355
TLG2,Shropshire and Staffordshire,2021,216297.5,265995.0,205000.0,320000.0,190000.0,155000.0,107500.0,31624
TLG3,West Midlands,2021,208500.0,245000.0,203000.0,360000.0,216000.0,177889.0,140000.0,37804
TLH2,Bedfordshire and Hertfordshire,2021,380000.0,400000.0,375000.0,595000.0,400000.0,345000.0,240000.0,35903
TLH3,Essex,2021,340000.0,385000.0,337000.0,480000.0,350000.0,300000.0,205000.0,38924
TLH4,Cambridgeshire and Peterborough,2021,300000.0,360950.0,290000.0,392250.0,267125.0,245000.0,190000.0,17238
TLH5,Norfolk,2021,260000.0,295000.0,255000.0,340000.0,235000.0,200000.0,144000.0,20406
TLH6,Suffolk,2021,277000.0,315000.0,270000.0,382500.0,255000.0,215000.0,150000.0,16161
TLI3,Inner London - West,2021,773250.0,952500.0,750000.0,2910000.0,1725000.0,1270000.0,658347.5,16562
TLI4,Inner London - East,2021,535000.0,620000.0,510000.0,1302500.0,892250.0,715000.0,489000.0,28460
TLI5,Outer London - East and North East,2021,426000.0,406497.5,430000.0,682750.0,495000.0,445000.0,320000.0,25115
TLI6,Outer London - South,2021,462650.0,450000.0,463500.0,820000.0,576000.0,465000.0,325000.0,21608
TLI7,Outer London - West and North West,2021,525000.0,447975.0,535000.0,975000.0,633333.0,600000.0,395000.0,24034
TLJ1,"Berkshire, Buckinghamshire and Oxfordshire",2021,389995.0,410000.0,382500.0,580000.0,385000.0,325000.0,235000.0,49024
TLJ2,"Surrey, East and West Sussex",2021,400000.0,414995.0,400000.0,625000.0,420000.0,355000.0,250000.0,63296
TLJ3,Hampshire and Isle of Wight,2021,316611.0,378000.0,310000.0,500000.0,325000.0,265000.0,180000.0,40367
TLJ4,Kent,2021,328000.0,379950.0,320000.0,500000.0,340000.0,280000.0,200000.0,39493
TLK3,Cornwall and Isles of Scilly,2021,275000.0,275000.0,274000.0,374750.0,248000.0,213750.0,187500.0,12659
TLK4,Devon,2021,265975.0,294995.0,260000.0,395000.0,260000.0,219000.0,160875.0,26920
TLK5,West of England,2021,320000.0,347250.0,315000.0,470000.0,320000.0,312000.0,235000.0,17971
TLK6,"North Somerset, Somerset and Dorset",2021,299500.0,309995.0,295000.0,425000.0,280000.0,238000.0,190000.0,36021
TLK7,Gloucestershire and Wiltshire,2021,285000.0,323000.0,280000.0,419997.5,270000.0,229995.0,155000.0,29752
TLL3,North Wales,2021,189950.0,264995.0,183000.0,270000.0,170000.0,134000.0,120000.0,12669
TLL4,Mid and South West Wales,2021,180000.0,219995.0,178000.0,275000.0,160000.0,130000.0,120000.0,15499
TLL5,South East Wales,2021,195000.0,278172.5,185000.0,325000.0,200000.0,145000.0,139000.0,26154
TLC3,Tees Valley,2022,158000.0,252995.0,146000.0,275000.0,155000.0,98000.0,85000.0,11073
TLC4,"Northumberland, Durham and Tyne & Wear",2022,164950.0,235000.0,150000.0,294995.0,165000.0,125000.0,105000.0,31500
TLD1,Cumbria,2022,195000.0,269950.0,185000.0,330000.0,190000.0,125750.0,137000.0,9289
TLD3,Greater Manchester,2022,222500.0,278823.0,215000.0,362500.0,240000.0,173000.0,185150.0,39283
TLD4,Lancashire,2022,179950.0,262500.0,167000.0,315000.0,186000.0,123000.0,110000.0,26863
TLD6,Cheshire,2022,265000.0,339995.0,250000.0,396995.0,242250.0,185000.0,140000.0,17360
TLD7,Merseyside,2022,183000.0,239995.0,179000.0,330000.0,205000.0,135000.0,127000.0,21504
TLE1,East Yorkshire and Northern Lincolnshire,2022,176250.0,237500.0,166000.0,295000.0,175000.0,126500.0,92250.0,16341
TLE2,North Yorkshire,2022,275000.0,314972.5,270000.0,400000.0,255000.0,225000.0,176125.0,14793
TLE3,South Yorkshire,2022,178000.0,224995.0,170000.0,293000.0,171000.0,135000.0,130000.0,19976
TLE4,West Yorkshire,2022,195000.0,260000.0,185000.0,350000.0,210000.0,150000.0,130000.0,33779
TLF1,Derbyshire and Nottinghamshire,2022,223000.0,277000.0,209950.0,325000.0,201000.0,163000.0,130000.0,36716
TLF2,"Leicestershire, Rutland and Northamptonshire",2022,271000.0,319995.0,260000.0,389995.0,260000.0,219950.0,143620.0,29506
TLF3,Lincolnshire,2022,229995.0,251000.0,225000.0,300000.0,195000.0,160000.0,113250.0,14221
TLG1,"Herefordshire, Worcestershire and Warwickshire",2022,292000.0,340000.0,280000.0,425000.0,272500.0,225000.0,153250.0,23344
TLG2,Shropshire and Staffordshire,2022,230000.0,280000.0,216000.0,347500.0,212000.0,165000.0,115000.0,26459
TLG3,West Midlands,2022,220000.0,255000.0,216000.0,389997.5,236000.0,193500.0,145000.0,32691
TLH2,Bedfordshire and Hertfordshire,2022,400000.0,429950.0,395000.0,630000.0,426000.0,375000.0,250000.0,29174
TLH3,Essex,2022,361000.0,394995.0,357500.0,522500.0,380000.0,330000.0,225000.0,31336
TLH4,Cambridgeshire and Peterborough,2022,325000.0,382495.0,303000.0,430000.0,295000.0,260000.0,216950.0,14756
TLH5,Norfolk,2022,280000.0,325000.0,273000.0,375000.0,260000.0,221000.0,155000.0,16541
TLH6,Suffolk,2022,295000.0,340000.0,285000.0,425000.0,283000.0,230000.0,160000.0,13392
TLI3,Inner London - West,2022,825000.0,998000.0,800000.0,3806406.0,1855250.0,1375000.0,705600.0,15521
TLI4,Inner London - East,2022,530000.0,580000.0,524220.0,1295000.0,907000.0,760000.0,479000.0,24848
TLI5,Outer London - East and North East,2022,450000.0,435000.0,450000.0,735000.0,530000.0,475000.0,335000.0,19983
TLI6,Outer London - South,2022,475000.0,450000.0,480000.0,910000.0,630000.0,505000.0,340000.0,17809
TLI7,Outer London - West and North West,2022,535000.0,480000.0,550000.0,1100000.0,685000.0,645000.0,420000.0,21361
TLJ1,"Berkshire, Buckinghamshire and Oxfordshire",2022,410500.0,435000.0,400000.0,622500.0,415000.0,355000.0,245000.0,40077
TLJ2,"Surrey, East and West Sussex",2022,423625.0,430000.0,420000.0,675000.0,450000.0,385000.0,256500.0,51180
TLJ3,Hampshire and Isle of Wight,2022,335000.0,419972.5,325000.0,550000.0,358000.0,290000.0,185000.0,31886
TLJ4,Kent,2022,350000.0,400000.0,340000.0,545500.0,375500.0,306000.0,214995.0,30879
TLK3,Cornwall and Isles of Scilly,2022,295000.0,314950.0,290000.0,420000.0,275000.0,237000.0,180000.0,9921
TLK4,Devon,2022,285000.0,325000.0,277000.0,440000.0,290000.0,240000.0,161000.0,21785
TLK5,West of England,2022,344995.0,349000.0,341000.0,515000.0,352250.0,340510.0,247000.0,14753
TLK6,"North Somerset, Somerset and Dorset",2022,319000.0,338497.5,315000.0,471973.0,310000.0,265000.0,194700.0,28598
TLK7,Gloucestershire and Wiltshire,2022,310000.0,349000.0,300000.0,450000.0,305000.0,255000.0,163000.0,24014
TLL3,North Wales,2022,199950.0,269995.0,195000.0,292995.0,185000.0,145000.0,129950.0,10787
TLL4,Mid and South West Wales,2022,192000.0,245995.0,189997.5,310000.0,176000.0,142000.0,120000.0,12969
TLL5,South East Wales,2022,210000.0,296995.0,200000.0,365000.0,230000.0,160000.0,149950.0,23383
TLC3,Tees Valley,2023,161000.0,249950.0,149950.0,279995.0,158000.0,97500.0,87750.0,9007
TLC4,"Northumberland, Durham and Tyne & Wear",2023,167950.0,254950.0,154725.0,300000.0,170000.0,125000.0,107000.0,26293
TLD1,Cumbria,2023,194995.0,279972.5,182500.0,345000.0,185000.0,126000.0,134000.0,7830
TLD3,Greater Manchester,2023,222500.0,294995.0,215000.0,375000.0,245000.0,175000.0,177000.0,31042
TLD4,Lancashire,2023,180000.0,285995.0,167500.0,324995.0,190000.0,124000.0,110000.0,21041
TLD6,Cheshire,2023,267000.0,363995.0,250000.0,412618.0,245000.0,188500.0,145000.0,13998
TLD7,Merseyside,2023,184995.0,227995.0,180000.0,339995.0,210000.0,135000.0,120000.0,17426
TLE1,East Yorkshire and Northern Lincolnshire,2023,179950.0,259950.0,167500.0,301995.0,178000.0,125000.0,95000.0,12614
TLE2,North Yorkshire,2023,275000.0,324295.0,270000.0,411495.0,255000.0,225000.0,170000.0,12071
TLE3,South Yorkshire,2023,180000.0,250000.0,175000.0,300000.0,175000.0,140000.0,130500.0,16404
TLE4,West Yorkshire,2023,198000.0,283750.0,189000.0,364995.0,212000.0,150000.0,137500.0,27294
TLF1,Derbyshire and Nottinghamshire,2023,225000.0,291995.0,210000.0,329995.0,205000.0,165000.0,135000.0,28729
TLF2,"Leicestershire, Rutland and Northamptonshire",2023,275000.0,342950.0,260000.0,390000.0,260000.0,217500.0,142500.0,22795
TLF3,Lincolnshire,2023,226000.0,255000.0,220000.0,295000.0,195000.0,156500.0,112500.0,10611
TLG1,"Herefordshire, Worcestershire and Warwickshire",2023,292000.0,360000.0,280000.0,430000.0,275000.0,225000.0,153000.0,18600
TLG2,Shropshire and Staffordshire,2023,229995.0,298997.5,215000.0,350000.0,212000.0,160000.0,120000.0,21104
TLG3,West Midlands,2023,224000.0,290000.0,220000.0,395000.0,240000.0,195000.0,140000.0,25333
TLH2,Bedfordshire and Hertfordshire,2023,400000.0,449995.0,390000.0,630000.0,430000.0,370000.0,250000.0,21492
TLH3,Essex,2023,360000.0,439000.0,350000.0,515000.0,380000.0,325000.0,219250.0,22639
TLH4,Cambridgeshire and Peterborough,2023,330000.0,400000.0,307250.0,435000.0,299972.5,260000.0,220000.0,11052
TLH5,Norfolk,2023,275000.0,340000.0,267000.0,372500.0,260000.0,218000.0,155000.0,12766
TLH6,Suffolk,2023,295000.0,360000.0,280000.0,420000.0,275000.0,229000.0,160000.0,10160
TLI3,Inner London - West,2023,835000.0,1213375.0,780000.0,3250000.0,2162500.0,1360000.0,720000.0,13144
TLI4,Inner London - East,2023,530000.0,604179.0,520000.0,1295000.0,925050.5,762000.0,476160.0,18952
TLI5,Outer London - East and North East,2023,445000.0,418250.0,445000.0,735000.0,525000.0,465000.0,325000.0,15144
TLI6,Outer London - South,2023,475000.0,521250.0,475000.0,882500.0,620000.0,500000.0,326000.0,13255
TLI7,Outer London - West and North West,2023,535000.0,450000.0,546000.0,1075000.0,680000.0,625000.0,400000.0,15838
TLJ1,"Berkshire, Buckinghamshire and Oxfordshire",2023,415000.0,465000.0,400000.0,620000.0,420000.0,352000.0,245000.0,30420
TLJ2,"Surrey, East and West Sussex",2023,420000.0,475000.0,415000.0,665000.0,450000.0,380000.0,255000.0,38134
TLJ3,Hampshire and Isle of Wight,2023,325000.0,425000.0,320000.0,545000.0,355000.0,285000.0,183000.0,24345
TLJ4,Kent,2023,340000.0,394747.5,333000.0,545000.0,370000.0,300000.0,215000.0,23013
TLK3,Cornwall and Isles of Scilly,2023,295000.0,350000.0,285000.0,420000.0,275000.0,237750.0,179250.0,7885
TLK4,Devon,2023,287000.0,355000.0,278000.0,445000.0,287500.0,238000.0,159950.0,17291
TLK5,West of England,2023,345000.0,400000.0,340000.0,545000.0,356622.5,340000.0,245000.0,12170
TLK6,"North Somerset, Somerset and Dorset",2023,318000.0,350000.0,312500.0,465000.0,307500.0,260000.0,195000.0,22332
TLK7,Gloucestershire and Wiltshire,2023,309950.0,375000.0,298000.0,460000.0,302000.0,250000.0,163000.0,19059
TLL3,North Wales,2023,195000.0,284995.0,190000.0,290000.0,185000.0,145000.0,120000.0,8268
TLL4,Mid and South West Wales,2023,190000.0,273995.0,185000.0,300000.0,179995.0,144000.0,123500.0,10342
TLL5,South East Wales,2023,213000.0,300000.0,200000.0,370000.0,230995.0,160000.0,150000.0,18025
TLC3,Tees Valley,2024,165000.0,251347.5,152950.0,280000.0,157500.0,105000.0,87000.0,9405
TLC4,"Northumberland, Durham and Tyne & Wear",2024,170995.0,259995.0,160000.0,300000.0,173000.0,130000.0,107500.0,27297
TLD1,Cumbria,2024,200000.0,269995.0,192250.0,339225.0,198000.0,130000.0,140000.0,7995
TLD3,Greater Manchester,2024,235000.0,299950.0,230000.0,375500.0,250000.0,182000.0,183000.0,33401
TLD4,Lancashire,2024,185000.0,299245.0,175000.0,325000.0,191995.0,127000.0,110000.0,22578
TLD6,Cheshire,2024,275000.0,379995.0,260000.0,420000.0,250000.0,194000.0,143000.0,14578
TLD7,Merseyside,2024,195000.0,271247.5,190000.0,340000.0,219750.0,142000.0,134000.0,18575
TLE1,East Yorkshire and Northern Lincolnshire,2024,180500.0,270000.0,170000.0,295000.0,178000.0,127000.0,99950.0,13402
TLE2,North Yorkshire,2024,280000.0,325000.0,274000.0,410495.0,262500.0,226875.0,177750.0,13033
TLE3,South Yorkshire,2024,190000.0,269472.5,182000.0,305000.0,180000.0,147000.0,133500.0,17143
TLE4,West Yorkshire,2024,207500.0,294995.0,200000.0,364950.0,219950.0,156000.0,137500.0,29487
TLF1,Derbyshire and Nottinghamshire,2024,230000.0,290850.0,220000.0,330000.0,210000.0,168000.0,140000.0,30704
TLF2,"Leicestershire, Rutland and Northamptonshire",2024,277950.0,340000.0,265000.0,385000.0,257500.0,217000.0,140000.0,24990
TLF3,Lincolnshire,2024,227500.0,255789.5,220000.0,290000.0,193995.0,157500.0,112000.0,11377
TLG1,"Herefordshire, Worcestershire and Warwickshire",2024,298150.0,360000.0,288000.0,425000.0,277000.0,228000.0,155000.0,20662
TLG2,Shropshire and Staffordshire,2024,235000.0,304995.0,225000.0,350000.0,216000.0,167500.0,124497.5,22625
TLG3,West Midlands,2024,230000.0,283100.0,225000.0,385000.0,245000.0,200000.0,140000.0,27044
TLH2,Bedfordshire and Hertfordshire,2024,405000.0,465550.0,395000.0,625000.0,427500.0,370000.0,250000.0,23731
TLH3,Essex,2024,365000.0,447995.0,355000.0,510000.0,375000.0,325000.0,210000.0,25442
TLH4,Cambridgeshire and Peterborough,2024,325000.0,398995.5,311000.0,425525.0,295000.0,260000.0,210000.0,11733
TLH5,Norfolk,2024,275000.0,335000.0,265000.0,360000.0,254000.0,215000.0,150000.0,13770
TLH6,Suffolk,2024,287500.0,360000.0,275000.0,400000.0,271250.0,225250.0,157000.0,11182
TLI3,Inner London - West,2024,800000.0,1200000.0,765000.0,2800000.0,1760000.0,1355000.0,689125.0,13932
TLI4,Inner London - East,2024,540000.0,689000.0,522900.0,1350000.0,962250.5,754160.0,482950.0,21197
TLI5,Outer London - East and North East,2024,450000.0,430000.0,450000.0,721500.0,520000.0,475000.0,335000.0,17103
TLI6,Outer London - South,2024,480000.0,416500.0,480000.0,840000.0,615000.0,500000.0,323800.0,14504
TLI7,Outer London - West and North West,2024,550000.0,474412.5,554000.0,1020000.0,660000.0,630000.0,402500.0,17025
TLJ1,"Berkshire, Buckinghamshire and Oxfordshire",2024,415000.0,466247.5,405000.0,617500.0,419950.0,352500.0,247000.0,32494
TLJ2,"Surrey, East and West Sussex",2024,420000.0,460000.0,415000.0,650000.0,442500.0,375000.0,252000.0,41636
TLJ3,Hampshire and Isle of Wight,2024,335000.0,440000.0,325000.0,525000.0,350000.0,287000.0,183000.0,26849
TLJ4,Kent,2024,340000.0,400000.0,330000.0,522500.0,360000.0,295000.0,209997.5,24868
TLK3,Cornwall and Isles of Scilly,2024,290000.0,335000.0,285000.0,410000.0,267500.0,234725.0,178500.0,8287
TLK4,Devon,2024,282500.0,350000.0,275000.0,425000.0,282500.0,234000.0,160000.0,18456
TLK5,West of England,2024,350000.0,410000.0,345000.0,530000.0,360775.0,348000.0,247500.0,12716
TLK6,"North Somerset, Somerset and Dorset",2024,315000.0,345962.0,310000.0,450000.0,300000.0,255000.0,192500.0,23878
TLK7,Gloucestershire and Wiltshire,2024,310000.0,369546.0,300000.0,462000.0,300000.0,254500.0,165000.0,20676
TLL3,North Wales,2024,200000.0,284995.0,199000.0,290000.0,190000.0,150000.0,120000.0,8784
TLL4,Mid and South West Wales,2024,200000.0,274995.0,195000.0,302500.0,185000.0,145000.0,125000.0,10825
TLL5,South East Wales,2024,221000.0,304995.0,212000.0,365995.0,235000.0,169950.0,154000.0,19065
