itl2_code,itl2_name,year,pop_16_64,econ_active_16_64,employed_16_64,unemployed_16_64,econ_inactive_16_64,claimant_count,aps_las_missing
TLC3,Tees Valley,2004,412700.0,300800.0,281800.0,19000.0,111900.0,14667.916666666666,
TLC4,"Northumberland, Durham and Tyne & Wear",2004,1208600.0,872200.0,822200.0,50000.0,336400.0,32422.5,
TLD1,Cumbria,2004,309100.0,235300.0,226800.0,8500.0,73800.0,5583.75,
TLD3,Greater Manchester,2004,1648700.0,1219100.0,1159400.0,59700.0,429600.0,38301.666666666664,
TLD4,Lancashire,2004,900800.0,673400.0,642000.0,31400.0,227400.0,16659.166666666668,
TLD6,Cheshire,2004,555400.0,433300.0,422300.0,11000.0,122100.0,7101.666666666667,
TLD7,Merseyside,2004,942700.0,666000.0,624800.0,41200.0,276700.0,33214.583333333336,
TLE1,East Yorkshire and Northern Lincolnshire,2004,564800.0,426900.0,405800.0,21100.0,137900.0,16781.25,
TLE2,North Yorkshire,2004,478000.0,379700.0,369400.0,10300.0,98300.0,6361.25,
TLE3,South Yorkshire,2004,821000.0,599900.0,567400.0,32500.0,221100.0,20104.166666666668,
TLE4,West Yorkshire,2004,1362400.0,1031700.0,985300.0,46400.0,330700.0,31271.666666666668,
TLF1,Derbyshire and Nottinghamshire,2004,1296900.0,980000.0,932000.0,48000.0,316900.0,26696.666666666668,
TLF2,"Leicestershire, Rutland and Northamptonshire",2004,1030300.0,810800.0,781300.0,29500.0,219500.0,20444.583333333332,
TLF3,Lincolnshire,2004,414800.0,314900.0,302100.0,12800.0,99900.0,6151.666666666667,
TLG1,"Herefordshire, Worcestershire and Warwickshire",2004,786400.0,617800.0,597900.0,19900.0,168600.0,11435.416666666666,
TLG2,Shropshire and Staffordshire,2004,960500.0,740600.0,713700.0,26900.0,219900.0,15488.333333333334,
TLG3,West Midlands,2004,1630300.0,1192500.0,1105800.0,86700.0,437800.0,62323.75,
TLH2,Bedfordshire and Hertfordshire,2004,1037400.0,841600.0,811000.0,30600.0,195800.0,16032.916666666666,
TLH3,Essex,2004,1035000.0,820400.0,788600.0,31800.0,214600.0,16248.333333333334,
TLH4,Cambridgeshire and Peterborough,2004,476000.0,388900.0,373400.0,15500.0,87100.0,6680.833333333333,
TLH5,Norfolk,2004,500000.0,386200.0,369300.0,16900.0,113800.0,9785.416666666666,
TLH6,Suffolk,2004,421900.0,332600.0,325000.0,7600.0,89300.0,7510.0,
TLI3,Inner London - West,2004,758300.0,556400.0,518100.0,38300.0,201900.0,22140.0,
TLI4,Inner London - East,2004,1301800.0,893500.0,797200.0,96300.0,408300.0,64462.083333333336,
TLI5,Outer London - East and North East,2004,1031900.0,763900.0,719600.0,44300.0,268000.0,30647.5,
TLI6,Outer London - South,2004,759600.0,600900.0,568400.0,32500.0,158700.0,16064.583333333334,
TLI7,Outer London - West and North West,2004,1182600.0,885000.0,826300.0,58700.0,297600.0,30886.666666666668,
TLJ1,"Berkshire, Buckinghamshire and Oxfordshire",2004,1386100.0,1127300.0,1085400.0,41900.0,258800.0,18033.333333333332,
TLJ2,"Surrey, East and West Sussex",2004,1603000.0,1285900.0,1237600.0,48300.0,317100.0,21243.75,
TLJ3,Hampshire and Isle of Wight,2004,1150300.0,925600.0,894100.0,31500.0,224700.0,14446.25,
TLJ4,Kent,2004,1005100.0,788200.0,754900.0,33300.0,216900.0,17943.333333333332,
TLK3,Cornwall and Isles of Scilly,2004,313700.0,236100.0,225200.0,10900.0,77600.0,5592.916666666667,
TLK4,Devon,2004,669000.0,514400.0,497200.0,17200.0,154600.0,10569.583333333334,
TLK5,West of England,2004,534200.0,425500.0,409200.0,16300.0,108700.0,7915.833333333333,
TLK6,"North Somerset, Somerset and Dorset",2004,851200.0,668200.0,650000.0,18200.0,183000.0,8979.166666666666,
TLK7,Gloucestershire and Wiltshire,2004,756100.0,608600.0,587700.0,20900.0,147500.0,9485.416666666666,
TLL3,North Wales,2004,416800.0,314000.0,303900.0,10100.0,102800.0,8290.416666666666,
TLL4,Mid and South West Wales,2004,536800.0,385600.0,365800.0,19800.0,151200.0,11412.916666666666,
TLL5,South East Wales,2004,904400.0,652300.0,617200.0,35100.0,252100.0,21031.25,
TLM0,Eastern Scotland,2004,561600.0,435000.0,411100.0,23900.0,126600.0,17432.916666666668,
TLM1,East Central Scotland,2004,615500.0,484100.0,461700.0,22400.0,131400.0,14254.583333333334,
TLM2,Highlands and Islands,2004,288000.0,236300.0,227500.0,8800.0,51700.0,6997.083333333333,
TLM3,West Central Scotland,2004,937700.0,681000.0,637700.0,43300.0,256700.0,33756.25,
TLM5,North Eastern Scotland,2004,292000.0,234700.0,222200.0,12500.0,57300.0,4617.916666666667,
TLM9,Southern Scotland,2004,594300.0,453200.0,428700.0,24500.0,141100.0,17729.166666666668,
TLN0,Northern Ireland,2004,1091500.0,760600.0,720300.0,40300.0,330900.0,,
TLC3,Tees Valley,2005,413900.0,301500.0,284100.0,17400.0,112400.0,13872.916666666666,
TLC4,"Northumberland, Durham and Tyne & Wear",2005,1216300.0,890900.0,840800.0,50100.0,325400.0,32721.25,
TLD1,Cumbria,2005,311000.0,238400.0,229100.0,9300.0,72600.0,5588.75,
TLD3,Greater Manchester,2005,1663300.0,1234100.0,1165000.0,69100.0,429200.0,38860.0,
TLD4,Lancashire,2005,907400.0,680100.0,647700.0,32400.0,227300.0,17405.833333333332,
TLD6,Cheshire,2005,559900.0,439400.0,424800.0,14600.0,120500.0,7280.416666666667,
TLD7,Merseyside,2005,948200.0,678100.0,631300.0,46800.0,270100.0,33620.833333333336,
TLE1,East Yorkshire and Northern Lincolnshire,2005,570600.0,430900.0,409100.0,21800.0,139700.0,17723.75,
TLE2,North Yorkshire,2005,482800.0,385100.0,375900.0,9200.0,97700.0,6185.416666666667,
TLE3,South Yorkshire,2005,829900.0,612000.0,580100.0,31900.0,217900.0,20477.916666666668,
TLE4,West Yorkshire,2005,1385500.0,1054300.0,998100.0,56200.0,331200.0,32926.25,
TLF1,Derbyshire and Nottinghamshire,2005,1309500.0,997400.0,946300.0,51100.0,312100.0,27274.583333333332,
TLF2,"Leicestershire, Rutland and Northamptonshire",2005,1045900.0,831000.0,793800.0,37200.0,214900.0,20665.0,
TLF3,Lincolnshire,2005,418600.0,322100.0,309200.0,12900.0,96500.0,6937.083333333333,
TLG1,"Herefordshire, Worcestershire and Warwickshire",2005,791100.0,628100.0,605700.0,22400.0,163000.0,12112.5,
TLG2,Shropshire and Staffordshire,2005,966600.0,747600.0,719600.0,28000.0,219000.0,16242.5,
TLG3,West Midlands,2005,1647100.0,1193900.0,1112500.0,81400.0,453200.0,66567.08333333333,
TLH2,Bedfordshire and Hertfordshire,2005,1047000.0,841300.0,808100.0,33200.0,205700.0,16811.25,
TLH3,Essex,2005,1045400.0,829800.0,796600.0,33200.0,215600.0,17231.666666666668,
TLH4,Cambridgeshire and Peterborough,2005,487100.0,393000.0,376600.0,16400.0,94100.0,7261.25,
TLH5,Norfolk,2005,505100.0,385600.0,367900.0,17700.0,119500.0,10580.833333333334,
TLH6,Suffolk,2005,429200.0,342400.0,330900.0,11500.0,86800.0,7061.25,
TLI3,Inner London - West,2005,781100.0,569600.0,528900.0,40700.0,211500.0,21508.333333333332,
TLI4,Inner London - East,2005,1323000.0,903200.0,824600.0,78600.0,419800.0,63542.5,
TLI5,Outer London - East and North East,2005,1042300.0,769000.0,710800.0,58200.0,273300.0,31822.916666666668,
TLI6,Outer London - South,2005,766200.0,611500.0,576200.0,35300.0,154700.0,16988.75,
TLI7,Outer London - West and North West,2005,1199800.0,898000.0,836200.0,61800.0,301800.0,30634.583333333332,
TLJ1,"Berkshire, Buckinghamshire and Oxfordshire",2005,1404300.0,1155900.0,1115900.0,40000.0,248400.0,16966.666666666668,
TLJ2,"Surrey, East and West Sussex",2005,1619000.0,1295600.0,1245000.0,50600.0,323400.0,21468.75,
TLJ3,Hampshire and Isle of Wight,2005,1163300.0,931700.0,899000.0,32700.0,231600.0,15198.333333333334,
TLJ4,Kent,2005,1017200.0,802700.0,767500.0,35200.0,214500.0,19072.916666666668,
TLK3,Cornwall and Isles of Scilly,2005,317600.0,238500.0,228900.0,9600.0,79100.0,5392.916666666667,
TLK4,Devon,2005,677900.0,523700.0,503900.0,19800.0,154200.0,10513.75,
TLK5,West of England,2005,548200.0,436400.0,421500.0,14900.0,111800.0,7929.583333333333,
TLK6,"North Somerset, Somerset and Dorset",2005,859300.0,670900.0,649000.0,21900.0,188400.0,9175.833333333334,
TLK7,Gloucestershire and Wiltshire,2005,765000.0,614900.0,594500.0,20400.0,150100.0,9924.583333333334,
TLL3,North Wales,2005,418400.0,316600.0,304700.0,11900.0,101800.0,8519.583333333334,
TLL4,Mid and South West Wales,2005,540100.0,388500.0,370300.0,18200.0,151600.0,11012.083333333334,
TLL5,South East Wales,2005,912100.0,660600.0,619200.0,41400.0,251500.0,22180.416666666668,
TLM0,Eastern Scotland,2005,567300.0,438300.0,416900.0,21400.0,129000.0,16900.416666666668,
TLM1,East Central Scotland,2005,623600.0,491600.0,468600.0,23000.0,132000.0,13572.916666666666,
TLM2,Highlands and Islands,2005,290400.0,235200.0,226800.0,8400.0,55200.0,6316.666666666667,
TLM3,West Central Scotland,2005,940800.0,692900.0,645300.0,47600.0,247900.0,30837.083333333332,
TLM5,North Eastern Scotland,2005,295000.0,241600.0,229600.0,12000.0,53400.0,4010.8333333333335,
TLM9,Southern Scotland,2005,593400.0,452400.0,428500.0,23900.0,141000.0,16809.166666666668,
TLN0,Northern Ireland,2005,1105000.0,776100.0,741000.0,35100.0,328900.0,,
TLC3,Tees Valley,2006,416700.0,305600.0,286900.0,18700.0,111100.0,15360.833333333334,
TLC4,"Northumberland, Durham and Tyne & Wear",2006,1222500.0,906900.0,842100.0,64800.0,315600.0,35431.25,
TLD1,Cumbria,2006,312700.0,241500.0,230800.0,10700.0,71200.0,5819.583333333333,
TLD3,Greater Manchester,2006,1682200.0,1259100.0,1189500.0,69600.0,423100.0,44157.916666666664,
TLD4,Lancashire,2006,913800.0,681900.0,648000.0,33900.0,231900.0,19587.916666666668,
TLD6,Cheshire,2006,565900.0,443300.0,427000.0,16300.0,122600.0,9352.916666666666,
TLD7,Merseyside,2006,952400.0,677600.0,631000.0,46600.0,274800.0,38132.5,
TLE1,East Yorkshire and Northern Lincolnshire,2006,574700.0,438300.0,411500.0,26800.0,136400.0,19291.25,
TLE2,North Yorkshire,2006,486900.0,384400.0,367500.0,16900.0,102500.0,7508.75,
TLE3,South Yorkshire,2006,836800.0,608700.0,565300.0,43400.0,228100.0,23354.166666666668,
TLE4,West Yorkshire,2006,1397100.0,1078000.0,1023800.0,54200.0,319100.0,38517.916666666664,
TLF1,Derbyshire and Nottinghamshire,2006,1320100.0,1010400.0,953900.0,56500.0,309700.0,31501.25,
TLF2,"Leicestershire, Rutland and Northamptonshire",2006,1062200.0,857600.0,814400.0,43200.0,204600.0,22976.25,
TLF3,Lincolnshire,2006,425800.0,334700.0,318900.0,15800.0,91100.0,8254.583333333334,
TLG1,"Herefordshire, Worcestershire and Warwickshire",2006,800900.0,643700.0,621900.0,21800.0,157200.0,13785.0,
TLG2,Shropshire and Staffordshire,2006,975100.0,752700.0,721600.0,31100.0,222400.0,19125.416666666668,
TLG3,West Midlands,2006,1660400.0,1197800.0,1105500.0,92300.0,462600.0,76469.58333333333,
TLH2,Bedfordshire and Hertfordshire,2006,1058100.0,841700.0,797500.0,44200.0,216400.0,18965.416666666668,
TLH3,Essex,2006,1057000.0,828100.0,795400.0,32700.0,228900.0,19497.916666666668,
TLH4,Cambridgeshire and Peterborough,2006,494100.0,395900.0,374700.0,21200.0,98200.0,8057.5,
TLH5,Norfolk,2006,510200.0,395600.0,380200.0,15400.0,114600.0,11515.416666666666,
TLH6,Suffolk,2006,433400.0,342800.0,326100.0,16700.0,90600.0,8254.583333333334,
TLI3,Inner London - West,2006,780600.0,564600.0,519400.0,45200.0,216000.0,21257.083333333332,
TLI4,Inner London - East,2006,1351100.0,941400.0,846800.0,94600.0,409700.0,64983.333333333336,
TLI5,Outer London - East and North East,2006,1055000.0,781900.0,732900.0,49000.0,273100.0,33835.0,
TLI6,Outer London - South,2006,773900.0,610800.0,576300.0,34500.0,163100.0,16593.333333333332,
TLI7,Outer London - West and North West,2006,1218900.0,924400.0,850800.0,73600.0,294500.0,31317.083333333332,
TLJ1,"Berkshire, Buckinghamshire and Oxfordshire",2006,1418600.0,1162300.0,1114200.0,48100.0,256300.0,19373.75,
TLJ2,"Surrey, East and West Sussex",2006,1641500.0,1316600.0,1255100.0,61500.0,324900.0,23623.333333333332,
TLJ3,Hampshire and Isle of Wight,2006,1171700.0,946900.0,907600.0,39300.0,224800.0,17794.166666666668,
TLJ4,Kent,2006,1030600.0,807200.0,763900.0,43300.0,223400.0,21951.25,
TLK3,Cornwall and Isles of Scilly,2006,320100.0,240200.0,231700.0,8500.0,79900.0,5874.166666666667,
TLK4,Devon,2006,685300.0,531300.0,508500.0,22800.0,154000.0,11699.166666666666,
TLK5,West of England,2006,553100.0,439000.0,421900.0,17100.0,114100.0,9260.0,
TLK6,"North Somerset, Somerset and Dorset",2006,868200.0,680200.0,655600.0,24600.0,188000.0,10655.833333333334,
TLK7,Gloucestershire and Wiltshire,2006,773400.0,632500.0,609700.0,22800.0,140900.0,11216.666666666666,
TLL3,North Wales,2006,420300.0,316200.0,303500.0,12700.0,104100.0,9347.5,
TLL4,Mid and South West Wales,2006,544800.0,391300.0,371800.0,19500.0,153500.0,11322.916666666666,
TLL5,South East Wales,2006,920400.0,670400.0,630200.0,40200.0,250000.0,24000.833333333332,
TLM0,Eastern Scotland,2006,568800.0,444900.0,420300.0,24600.0,123900.0,16854.166666666668,
TLM1,East Central Scotland,2006,627600.0,502100.0,476400.0,25700.0,125500.0,13917.916666666666,
TLM2,Highlands and Islands,2006,295800.0,239400.0,231800.0,7600.0,56400.0,6376.666666666667,
TLM3,West Central Scotland,2006,944000.0,695900.0,652000.0,43900.0,248100.0,31878.75,
TLM5,North Eastern Scotland,2006,298700.0,247000.0,237700.0,9300.0,51700.0,3578.75,
TLM9,Southern Scotland,2006,596300.0,462700.0,438200.0,24500.0,133600.0,17151.666666666668,
TLN0,Northern Ireland,2006,1119000.0,788100.0,749400.0,38700.0,330900.0,,
TLC3,Tees Valley,2007,418800.0,307000.0,285200.0,21800.0,111800.0,15219.166666666666,
TLC4,"Northumberland, Durham and Tyne & Wear",2007,1231900.0,916900.0,863400.0,53500.0,315000.0,34430.833333333336,
TLD1,Cumbria,2007,314200.0,242000.0,233100.0,8900.0,72200.0,5050.416666666667,
TLD3,Greater Manchester,2007,1698200.0,1263200.0,1184200.0,79000.0,435000.0,42954.583333333336,
TLD4,Lancashire,2007,917700.0,691200.0,653400.0,37800.0,226500.0,18313.333333333332,
TLD6,Cheshire,2007,570300.0,445300.0,431800.0,13500.0,125000.0,8870.833333333334,
TLD7,Merseyside,2007,956800.0,687800.0,637700.0,50100.0,269000.0,35975.833333333336,
TLE1,East Yorkshire and Northern Lincolnshire,2007,579600.0,443000.0,416300.0,26700.0,136600.0,17842.5,
TLE2,North Yorkshire,2007,489400.0,375600.0,362100.0,13500.0,113800.0,6864.583333333333,
TLE3,South Yorkshire,2007,842400.0,620700.0,584400.0,36300.0,221700.0,21252.5,
TLE4,West Yorkshire,2007,1409900.0,1067100.0,1006100.0,61000.0,342800.0,36088.333333333336,
TLF1,Derbyshire and Nottinghamshire,2007,1328500.0,1006100.0,950000.0,56100.0,322400.0,28939.583333333332,
TLF2,"Leicestershire, Rutland and Northamptonshire",2007,1076400.0,861000.0,822700.0,38300.0,215400.0,21705.416666666668,
TLF3,Lincolnshire,2007,431900.0,336000.0,318600.0,17400.0,95900.0,8350.416666666666,
TLG1,"Herefordshire, Worcestershire and Warwickshire",2007,808400.0,644800.0,616400.0,28400.0,163600.0,13268.75,
TLG2,Shropshire and Staffordshire,2007,981900.0,755000.0,718600.0,36400.0,226900.0,17488.75,
TLG3,West Midlands,2007,1673100.0,1204700.0,1114400.0,90300.0,468400.0,72538.33333333333,
TLH2,Bedfordshire and Hertfordshire,2007,1070000.0,846700.0,805800.0,40900.0,223300.0,16733.333333333332,
TLH3,Essex,2007,1065700.0,840900.0,802600.0,38300.0,224800.0,18764.166666666668,
TLH4,Cambridgeshire and Peterborough,2007,500000.0,391500.0,374600.0,16900.0,108500.0,7936.666666666667,
TLH5,Norfolk,2007,513800.0,396300.0,380300.0,16000.0,117500.0,10581.25,
TLH6,Suffolk,2007,436900.0,347800.0,335400.0,12400.0,89100.0,7810.416666666667,
TLI3,Inner London - West,2007,782500.0,572600.0,535900.0,36700.0,209900.0,18153.75,
TLI4,Inner London - East,2007,1389400.0,981000.0,882100.0,98900.0,408400.0,57451.25,
TLI5,Outer London - East and North East,2007,1070600.0,785300.0,736400.0,48900.0,285300.0,29707.083333333332,
TLI6,Outer London - South,2007,779800.0,622000.0,589500.0,32500.0,157800.0,14031.25,
TLI7,Outer London - West and North West,2007,1236300.0,914700.0,861500.0,53200.0,321600.0,27063.333333333332,
TLJ1,"Berkshire, Buckinghamshire and Oxfordshire",2007,1431900.0,1161300.0,1116200.0,45100.0,270600.0,17012.083333333332,
TLJ2,"Surrey, East and West Sussex",2007,1661600.0,1331800.0,1281100.0,50700.0,329800.0,20717.5,
TLJ3,Hampshire and Isle of Wight,2007,1178600.0,944400.0,905300.0,39100.0,234200.0,16244.166666666666,
TLJ4,Kent,2007,1045500.0,824500.0,778200.0,46300.0,221000.0,18714.166666666668,
TLK3,Cornwall and Isles of Scilly,2007,326600.0,244800.0,231800.0,13000.0,81800.0,4940.416666666667,
TLK4,Devon,2007,689100.0,539500.0,514000.0,25500.0,149600.0,10750.833333333334,
TLK5,West of England,2007,558400.0,438200.0,421200.0,17000.0,120200.0,8230.833333333334,
TLK6,"North Somerset, Somerset and Dorset",2007,880100.0,701100.0,676300.0,24800.0,179000.0,9324.166666666666,
TLK7,Gloucestershire and Wiltshire,2007,784600.0,642100.0,621200.0,20900.0,142500.0,10160.833333333334,
TLL3,North Wales,2007,423300.0,319200.0,305300.0,13900.0,104100.0,8787.5,
TLL4,Mid and South West Wales,2007,549400.0,397100.0,376700.0,20400.0,152300.0,10277.083333333334,
TLL5,South East Wales,2007,930400.0,679300.0,634800.0,44500.0,251100.0,21958.75,
TLM0,Eastern Scotland,2007,571400.0,445600.0,419600.0,26000.0,125800.0,14488.75,
TLM1,East Central Scotland,2007,638400.0,504500.0,483400.0,21100.0,133900.0,12050.416666666666,
TLM2,Highlands and Islands,2007,298100.0,243100.0,236200.0,6900.0,55000.0,5365.0,
TLM3,West Central Scotland,2007,949700.0,698600.0,657400.0,41200.0,251100.0,28190.0,
TLM5,North Eastern Scotland,2007,303600.0,248300.0,240300.0,8000.0,55300.0,3001.25,
TLM9,Southern Scotland,2007,598200.0,465500.0,445100.0,20400.0,132700.0,14960.0,
TLN0,Northern Ireland,2007,1133900.0,810500.0,777500.0,33000.0,323400.0,,
TLC3,Tees Valley,2008,419900.0,304300.0,278800.0,25500.0,115600.0,16349.166666666666,
TLC4,"Northumberland, Durham and Tyne & Wear",2008,1238200.0,925100.0,857900.0,67200.0,313100.0,37661.666666666664,
TLD1,Cumbria,2008,313500.0,244500.0,237500.0,7000.0,69000.0,5241.25,
TLD3,Greater Manchester,2008,1712900.0,1265900.0,1172600.0,93300.0,447000.0,46957.083333333336,
TLD4,Lancashire,2008,918700.0,684600.0,644000.0,40600.0,234100.0,19981.25,
TLD6,Cheshire,2008,571800.0,452900.0,430500.0,22400.0,118900.0,10087.5,
TLD7,Merseyside,2008,960600.0,670000.0,621600.0,48400.0,290600.0,38263.75,
TLE1,East Yorkshire and Northern Lincolnshire,2008,582000.0,431300.0,404500.0,26800.0,150700.0,18822.5,
TLE2,North Yorkshire,2008,493000.0,395200.0,380700.0,14500.0,97800.0,7335.416666666667,
TLE3,South Yorkshire,2008,849800.0,625800.0,578800.0,47000.0,224000.0,23470.416666666668,
TLE4,West Yorkshire,2008,1420100.0,1081300.0,1010600.0,70700.0,338800.0,39042.5,
TLF1,Derbyshire and Nottinghamshire,2008,1336600.0,1030600.0,972500.0,58100.0,306000.0,30549.166666666668,
TLF2,"Leicestershire, Rutland and Northamptonshire",2008,1084400.0,861600.0,808100.0,53500.0,222800.0,22618.333333333332,
TLF3,Lincolnshire,2008,435500.0,342900.0,323200.0,19700.0,92600.0,8578.333333333334,
TLG1,"Herefordshire, Worcestershire and Warwickshire",2008,813300.0,651300.0,623400.0,27900.0,162000.0,14103.75,
TLG2,Shropshire and Staffordshire,2008,986300.0,768700.0,731000.0,37700.0,217600.0,19848.333333333332,
TLG3,West Midlands,2008,1689300.0,1207000.0,1087700.0,119300.0,482300.0,72714.58333333333,
TLH2,Bedfordshire and Hertfordshire,2008,1080700.0,868500.0,827300.0,41200.0,212200.0,17105.416666666668,
TLH3,Essex,2008,1073400.0,838500.0,796000.0,42500.0,234900.0,19595.0,
TLH4,Cambridgeshire and Peterborough,2008,505500.0,400700.0,381300.0,19400.0,104800.0,8184.166666666667,
TLH5,Norfolk,2008,516600.0,387300.0,364900.0,22400.0,129300.0,11075.833333333334,
TLH6,Suffolk,2008,439100.0,357500.0,341400.0,16100.0,81600.0,8031.666666666667,
TLI3,Inner London - West,2008,786100.0,584900.0,543600.0,41300.0,201200.0,16815.833333333332,
TLI4,Inner London - East,2008,1429500.0,1028400.0,936100.0,92300.0,401100.0,53120.833333333336,
TLI5,Outer London - East and North East,2008,1091400.0,800600.0,740700.0,59900.0,290800.0,29258.75,
TLI6,Outer London - South,2008,788100.0,627500.0,597200.0,30300.0,160600.0,14013.75,
TLI7,Outer London - West and North West,2008,1256700.0,941600.0,881700.0,59900.0,315100.0,25041.25,
TLJ1,"Berkshire, Buckinghamshire and Oxfordshire",2008,1442100.0,1182600.0,1133600.0,49000.0,259500.0,17930.416666666668,
TLJ2,"Surrey, East and West Sussex",2008,1675200.0,1343200.0,1288500.0,54700.0,332000.0,22857.083333333332,
TLJ3,Hampshire and Isle of Wight,2008,1184900.0,947300.0,907200.0,40100.0,237600.0,17904.166666666668,
TLJ4,Kent,2008,1056700.0,824800.0,775100.0,49700.0,231900.0,18734.583333333332,
TLK3,Cornwall and Isles of Scilly,2008,325100.0,245000.0,231300.0,13700.0,80100.0,5206.25,
TLK4,Devon,2008,692600.0,545600.0,523900.0,21700.0,147000.0,11418.75,
TLK5,West of England,2008,561900.0,444100.0,427900.0,16200.0,117800.0,8422.5,
TLK6,"North Somerset, Somerset and Dorset",2008,883000.0,706200.0,680100.0,26100.0,176800.0,10499.166666666666,
TLK7,Gloucestershire and Wiltshire,2008,790600.0,644200.0,614700.0,29500.0,146400.0,11676.666666666666,
TLL3,North Wales,2008,424600.0,320100.0,304000.0,16100.0,104500.0,9782.916666666666,
TLL4,Mid and South West Wales,2008,552700.0,402400.0,376800.0,25600.0,150300.0,10745.0,
TLL5,South East Wales,2008,938900.0,683700.0,635400.0,48300.0,255200.0,25221.25,
TLM0,Eastern Scotland,2008,572200.0,448000.0,422200.0,25800.0,124200.0,14582.5,
TLM1,East Central Scotland,2008,644500.0,508400.0,487200.0,21200.0,136100.0,12366.25,
TLM2,Highlands and Islands,2008,299200.0,244000.0,236200.0,7800.0,55200.0,5178.75,
TLM3,West Central Scotland,2008,954800.0,699900.0,656500.0,43400.0,254900.0,29450.833333333332,
TLM5,North Eastern Scotland,2008,305300.0,249800.0,241600.0,8200.0,55500.0,2927.9166666666665,
TLM9,Southern Scotland,2008,602400.0,464100.0,441200.0,22900.0,138300.0,15395.416666666666,
TLN0,Northern Ireland,2008,1145300.0,811200.0,779100.0,32100.0,334100.0,,
TLC3,Tees Valley,2009,420000.0,303900.0,273200.0,30700.0,116100.0,24497.916666666668,
TLC4,"Northumberland, Durham and Tyne & Wear",2009,1241600.0,914700.0,828100.0,86600.0,326900.0,59606.666666666664,
TLD1,Cumbria,2009,312100.0,247400.0,232200.0,15200.0,64700.0,7980.0,
TLD3,Greater Manchester,2009,1724700.0,1283600.0,1156100.0,127500.0,441100.0,77933.33333333333,
TLD4,Lancashire,2009,917800.0,681700.0,632400.0,49300.0,236100.0,32943.333333333336,
TLD6,Cheshire,2009,571700.0,444400.0,418000.0,26400.0,127300.0,18434.166666666668,
TLD7,Merseyside,2009,964200.0,691000.0,620500.0,70500.0,273200.0,55357.916666666664,
TLE1,East Yorkshire and Northern Lincolnshire,2009,581400.0,443300.0,400800.0,42500.0,138100.0,30990.416666666668,
TLE2,North Yorkshire,2009,492500.0,385300.0,363000.0,22300.0,107200.0,13267.916666666666,
TLE3,South Yorkshire,2009,853800.0,621300.0,558500.0,62800.0,232500.0,41098.75,
TLE4,West Yorkshire,2009,1426200.0,1076300.0,986700.0,89600.0,349900.0,65285.833333333336,
TLF1,Derbyshire and Nottinghamshire,2009,1341900.0,1031200.0,951700.0,79500.0,310700.0,52503.75,
TLF2,"Leicestershire, Rutland and Northamptonshire",2009,1088100.0,861800.0,797900.0,63900.0,226300.0,41586.666666666664,
TLF3,Lincolnshire,2009,437000.0,341000.0,319800.0,21200.0,96000.0,14699.583333333334,
TLG1,"Herefordshire, Worcestershire and Warwickshire",2009,811800.0,649300.0,608300.0,41000.0,162500.0,27114.166666666668,
TLG2,Shropshire and Staffordshire,2009,985200.0,772900.0,713400.0,59500.0,212300.0,36938.75,
TLG3,West Midlands,2009,1699300.0,1215000.0,1064300.0,150700.0,484300.0,110329.58333333333,
TLH2,Bedfordshire and Hertfordshire,2009,1089400.0,865500.0,809000.0,56500.0,223900.0,33175.0,
TLH3,Essex,2009,1076400.0,848900.0,791000.0,57900.0,227500.0,36907.5,
TLH4,Cambridgeshire and Peterborough,2009,509600.0,407100.0,380400.0,26700.0,102500.0,15021.25,
TLH5,Norfolk,2009,517200.0,407900.0,382800.0,25100.0,109300.0,17801.25,
TLH6,Suffolk,2009,439400.0,352800.0,333000.0,19800.0,86600.0,13608.333333333334,
TLI3,Inner London - West,2009,785000.0,586300.0,541400.0,44900.0,198700.0,25183.75,
TLI4,Inner London - East,2009,1469700.0,1078400.0,949600.0,128800.0,391300.0,74112.91666666667,
TLI5,Outer London - East and North East,2009,1111200.0,803500.0,728700.0,74800.0,307700.0,46500.416666666664,
TLI6,Outer London - South,2009,795500.0,633000.0,589400.0,43600.0,162500.0,24408.333333333332,
TLI7,Outer London - West and North West,2009,1276700.0,968900.0,883300.0,85600.0,307800.0,41712.083333333336,
TLJ1,"Berkshire, Buckinghamshire and Oxfordshire",2009,1447500.0,1172500.0,1103700.0,68800.0,275000.0,38084.166666666664,
TLJ2,"Surrey, East and West Sussex",2009,1683100.0,1338500.0,1263300.0,75200.0,344600.0,44073.75,
TLJ3,Hampshire and Isle of Wight,2009,1190000.0,953100.0,898200.0,54900.0,236900.0,33782.916666666664,
TLJ4,Kent,2009,1063400.0,839000.0,780300.0,58700.0,224400.0,34059.583333333336,
TLK3,Cornwall and Isles of Scilly,2009,323800.0,237500.0,224900.0,12600.0,86300.0,8912.083333333334,
TLK4,Devon,2009,691700.0,547700.0,511900.0,35800.0,144000.0,20308.75,
TLK5,West of England,2009,563200.0,448700.0,419600.0,29100.0,114500.0,16750.833333333332,
TLK6,"North Somerset, Somerset and Dorset",2009,883000.0,690800.0,646600.0,44200.0,192200.0,21485.416666666668,
TLK7,Gloucestershire and Wiltshire,2009,793300.0,657300.0,617700.0,39600.0,136000.0,24910.416666666668,
TLL3,North Wales,2009,424500.0,319000.0,300100.0,18900.0,105500.0,15570.416666666666,
TLL4,Mid and South West Wales,2009,553100.0,396300.0,363600.0,32700.0,156800.0,18282.5,
TLL5,South East Wales,2009,944400.0,684900.0,619000.0,65900.0,259500.0,43585.0,
TLM0,Eastern Scotland,2009,574600.0,446700.0,412600.0,34100.0,127900.0,22166.25,
TLM1,East Central Scotland,2009,647200.0,504700.0,471800.0,32900.0,142500.0,21550.0,
TLM2,Highlands and Islands,2009,299800.0,248000.0,237400.0,10600.0,51800.0,7773.75,
TLM3,West Central Scotland,2009,961800.0,712400.0,649700.0,62700.0,249400.0,46157.916666666664,
TLM5,North Eastern Scotland,2009,309700.0,252900.0,245800.0,7100.0,56800.0,4904.583333333333,
TLM9,Southern Scotland,2009,601000.0,462700.0,425800.0,36900.0,138300.0,25152.5,
TLN0,Northern Ireland,2009,1152000.0,805000.0,750500.0,54500.0,347000.0,,
TLC3,Tees Valley,2010,419900.0,306600.0,273300.0,33300.0,113300.0,25255.0,
TLC4,"Northumberland, Durham and Tyne & Wear",2010,1247200.0,917100.0,830200.0,86900.0,330100.0,56444.166666666664,
TLD1,Cumbria,2010,310800.0,245200.0,228000.0,17200.0,65600.0,7948.75,
TLD3,Greater Manchester,2010,1737500.0,1277500.0,1163900.0,113600.0,460000.0,76947.5,
TLD4,Lancashire,2010,918700.0,699000.0,654000.0,45000.0,219700.0,30352.916666666668,
TLD6,Cheshire,2010,571000.0,453200.0,425700.0,27500.0,117800.0,16990.416666666668,
TLD7,Merseyside,2010,969000.0,701000.0,630500.0,70500.0,268000.0,52477.916666666664,
TLE1,East Yorkshire and Northern Lincolnshire,2010,581200.0,445000.0,402600.0,42400.0,136200.0,30777.083333333332,
TLE2,North Yorkshire,2010,494200.0,384800.0,362200.0,22600.0,109400.0,12903.333333333334,
TLE3,South Yorkshire,2010,857900.0,628000.0,573000.0,55000.0,229900.0,40125.0,
TLE4,West Yorkshire,2010,1433200.0,1071100.0,967600.0,103500.0,362100.0,64770.416666666664,
TLF1,Derbyshire and Nottinghamshire,2010,1348900.0,1020800.0,935600.0,85200.0,328100.0,50429.166666666664,
TLF2,"Leicestershire, Rutland and Northamptonshire",2010,1093400.0,843400.0,783000.0,60400.0,250000.0,37339.583333333336,
TLF3,Lincolnshire,2010,439200.0,342400.0,322100.0,20300.0,96800.0,14067.5,
TLG1,"Herefordshire, Worcestershire and Warwickshire",2010,809800.0,635600.0,596900.0,38700.0,174200.0,23917.083333333332,
TLG2,Shropshire and Staffordshire,2010,987200.0,758800.0,706000.0,52800.0,228400.0,32778.333333333336,
TLG3,West Midlands,2010,1714900.0,1214000.0,1070200.0,143800.0,500900.0,107421.25,
TLH2,Bedfordshire and Hertfordshire,2010,1100800.0,872800.0,818100.0,54700.0,228000.0,32300.0,
TLH3,Essex,2010,1082300.0,848700.0,786900.0,61800.0,233600.0,35502.916666666664,
TLH4,Cambridgeshire and Peterborough,2010,517000.0,405400.0,378900.0,26500.0,111600.0,13910.0,
TLH5,Norfolk,2010,519600.0,400600.0,373000.0,27600.0,119000.0,17195.833333333332,
TLH6,Suffolk,2010,441500.0,348200.0,326100.0,22100.0,93300.0,12544.583333333334,
TLI3,Inner London - West,2010,782900.0,569400.0,521700.0,47700.0,213500.0,25683.333333333332,
TLI4,Inner London - East,2010,1506500.0,1090400.0,975300.0,115100.0,416100.0,77790.83333333333,
TLI5,Outer London - East and North East,2010,1132300.0,822300.0,742600.0,79700.0,310000.0,47982.916666666664,
TLI6,Outer London - South,2010,801200.0,626000.0,580500.0,45500.0,175200.0,24166.25,
TLI7,Outer London - West and North West,2010,1296300.0,977000.0,896700.0,80300.0,319300.0,42247.916666666664,
TLJ1,"Berkshire, Buckinghamshire and Oxfordshire",2010,1456400.0,1166000.0,1102400.0,63600.0,290400.0,35053.75,
TLJ2,"Surrey, East and West Sussex",2010,1695900.0,1350400.0,1281500.0,68900.0,345500.0,41444.166666666664,
TLJ3,Hampshire and Isle of Wight,2010,1197600.0,947600.0,885700.0,61900.0,250000.0,30600.0,
TLJ4,Kent,2010,1073300.0,842800.0,775500.0,67300.0,230500.0,33367.5,
TLK3,Cornwall and Isles of Scilly,2010,323400.0,245600.0,222600.0,23000.0,77800.0,8426.25,
TLK4,Devon,2010,692900.0,529300.0,495700.0,33600.0,163600.0,18432.083333333332,
TLK5,West of England,2010,566300.0,450700.0,426200.0,24500.0,115600.0,16132.916666666666,
TLK6,"North Somerset, Somerset and Dorset",2010,887000.0,700000.0,656900.0,43100.0,187000.0,20215.0,
TLK7,Gloucestershire and Wiltshire,2010,797300.0,640600.0,607800.0,32800.0,156700.0,21162.083333333332,
TLL3,North Wales,2010,422600.0,318300.0,297000.0,21300.0,104300.0,15261.666666666666,
TLL4,Mid and South West Wales,2010,554300.0,392500.0,361500.0,31000.0,161800.0,16906.25,
TLL5,South East Wales,2010,947900.0,688500.0,621800.0,66700.0,259400.0,41282.5,
TLM0,Eastern Scotland,2010,575600.0,449400.0,413200.0,36200.0,126200.0,23080.416666666668,
TLM1,East Central Scotland,2010,653600.0,498800.0,465100.0,33700.0,154800.0,23484.583333333332,
TLM2,Highlands and Islands,2010,300300.0,242200.0,233900.0,8300.0,58100.0,8023.75,
TLM3,West Central Scotland,2010,967100.0,718600.0,640800.0,77800.0,248500.0,50514.583333333336,
TLM5,North Eastern Scotland,2010,313900.0,263300.0,250500.0,12800.0,50600.0,5560.416666666667,
TLM9,Southern Scotland,2010,601300.0,455200.0,419300.0,35900.0,146100.0,26658.333333333332,
TLN0,Northern Ireland,2010,1157000.0,820200.0,761400.0,58800.0,336800.0,,
TLC3,Tees Valley,2011,421300.0,303900.0,266200.0,37700.0,117400.0,26672.5,
TLC4,"Northumberland, Durham and Tyne & Wear",2011,1247300.0,907200.0,817000.0,90200.0,340100.0,58943.75,
TLD1,Cumbria,2011,309100.0,241200.0,225700.0,15500.0,67900.0,8616.666666666666,
TLD3,Greater Manchester,2011,1750500.0,1284100.0,1159900.0,124200.0,466400.0,78872.08333333333,
TLD4,Lancashire,2011,918200.0,700900.0,652300.0,48600.0,217300.0,32277.916666666668,
TLD6,Cheshire,2011,570700.0,449100.0,420700.0,28400.0,121600.0,16941.25,
TLD7,Merseyside,2011,972300.0,699800.0,628900.0,70900.0,272500.0,54030.416666666664,
TLE1,East Yorkshire and Northern Lincolnshire,2011,580400.0,441700.0,401200.0,40500.0,138700.0,32033.75,
TLE2,North Yorkshire,2011,495100.0,391500.0,363100.0,28400.0,103600.0,12725.416666666666,
TLE3,South Yorkshire,2011,863500.0,633700.0,563200.0,70500.0,229800.0,41606.25,
TLE4,West Yorkshire,2011,1440600.0,1061600.0,958300.0,103300.0,379000.0,67366.66666666667,
TLF1,Derbyshire and Nottinghamshire,2011,1352400.0,1025900.0,930000.0,95900.0,326500.0,52806.25,
TLF2,"Leicestershire, Rutland and Northamptonshire",2011,1100400.0,862900.0,796400.0,66500.0,237500.0,36794.583333333336,
TLF3,Lincolnshire,2011,439000.0,343200.0,319900.0,23300.0,95800.0,13897.916666666666,
TLG1,"Herefordshire, Worcestershire and Warwickshire",2011,808800.0,627500.0,586400.0,41100.0,181300.0,22553.75,
TLG2,Shropshire and Staffordshire,2011,989400.0,765200.0,699400.0,65800.0,224200.0,31988.75,
TLG3,West Midlands,2011,1733700.0,1228600.0,1086100.0,142500.0,505100.0,109808.33333333333,
TLH2,Bedfordshire and Hertfordshire,2011,1112700.0,880400.0,822400.0,58000.0,232300.0,32130.416666666668,
TLH3,Essex,2011,1086100.0,847500.0,786100.0,61400.0,238600.0,35699.166666666664,
TLH4,Cambridgeshire and Peterborough,2011,522000.0,413400.0,384900.0,28500.0,108600.0,13934.166666666666,
TLH5,Norfolk,2011,521700.0,417500.0,385400.0,32100.0,104200.0,17244.166666666668,
TLH6,Suffolk,2011,443300.0,357500.0,337400.0,20100.0,85800.0,13103.333333333334,
TLI3,Inner London - West,2011,793400.0,572500.0,529900.0,42600.0,220900.0,26007.5,
TLI4,Inner London - East,2011,1552500.0,1132500.0,1004200.0,128300.0,420000.0,83757.5,
TLI5,Outer London - East and North East,2011,1151700.0,863100.0,772600.0,90500.0,288600.0,51485.833333333336,
TLI6,Outer London - South,2011,808900.0,622900.0,567300.0,55600.0,186000.0,25193.333333333332,
TLI7,Outer London - West and North West,2011,1321800.0,997300.0,912700.0,84600.0,324500.0,41990.416666666664,
TLJ1,"Berkshire, Buckinghamshire and Oxfordshire",2011,1462300.0,1175000.0,1113700.0,61300.0,287300.0,33877.916666666664,
TLJ2,"Surrey, East and West Sussex",2011,1704500.0,1341000.0,1274100.0,66900.0,363500.0,39457.083333333336,
TLJ3,Hampshire and Isle of Wight,2011,1202400.0,944000.0,884100.0,59900.0,258400.0,29994.166666666668,
TLJ4,Kent,2011,1079800.0,847500.0,773400.0,74100.0,232300.0,34477.916666666664,
TLK3,Cornwall and Isles of Scilly,2011,327100.0,245300.0,232600.0,12700.0,81800.0,9107.916666666666,
TLK4,Devon,2011,691000.0,531000.0,496400.0,34600.0,160000.0,19662.083333333332,
TLK5,West of England,2011,570500.0,445600.0,414000.0,31600.0,124900.0,17593.75,
TLK6,"North Somerset, Somerset and Dorset",2011,889700.0,703000.0,662200.0,40800.0,186700.0,19551.25,
TLK7,Gloucestershire and Wiltshire,2011,801300.0,647600.0,609700.0,37900.0,153700.0,19776.666666666668,
TLL3,North Wales,2011,422200.0,318900.0,298300.0,20600.0,103300.0,15040.416666666666,
TLL4,Mid and South West Wales,2011,555900.0,396200.0,364300.0,31900.0,159700.0,17294.583333333332,
TLL5,South East Wales,2011,950700.0,692200.0,624900.0,67300.0,258500.0,42720.0,
TLM0,Eastern Scotland,2011,579900.0,445400.0,408700.0,36700.0,134500.0,24786.666666666668,
TLM1,East Central Scotland,2011,660100.0,511100.0,474300.0,36800.0,149000.0,24145.416666666668,
TLM2,Highlands and Islands,2011,300900.0,242500.0,229700.0,12800.0,58400.0,8331.25,
TLM3,West Central Scotland,2011,973900.0,725000.0,648100.0,76900.0,248900.0,52118.75,
TLM5,North Eastern Scotland,2011,318500.0,261500.0,246400.0,15100.0,57000.0,5915.0,
TLM9,Southern Scotland,2011,600700.0,454300.0,413200.0,41100.0,146400.0,27447.5,
TLN0,Northern Ireland,2011,1159700.0,839800.0,777600.0,62200.0,319900.0,,
TLC3,Tees Valley,2012,419000.0,309700.0,269100.0,40600.0,109300.0,28709.166666666668,
TLC4,"Northumberland, Durham and Tyne & Wear",2012,1239800.0,917500.0,825200.0,92300.0,322300.0,64899.583333333336,
TLD1,Cumbria,2012,305200.0,241800.0,228100.0,13700.0,63400.0,9057.5,
TLD3,Greater Manchester,2012,1747700.0,1294600.0,1170200.0,124400.0,453100.0,84989.58333333333,
TLD4,Lancashire,2012,912300.0,697100.0,639800.0,57300.0,215200.0,34182.5,
TLD6,Cheshire,2012,565800.0,449100.0,421800.0,27300.0,116700.0,17564.166666666668,
TLD7,Merseyside,2012,969000.0,707000.0,636400.0,70600.0,262000.0,54897.5,
TLE1,East Yorkshire and Northern Lincolnshire,2012,576500.0,441800.0,394900.0,46900.0,134700.0,33622.916666666664,
TLE2,North Yorkshire,2012,492400.0,397900.0,376000.0,21900.0,94500.0,12660.0,
TLE3,South Yorkshire,2012,863900.0,645600.0,574400.0,71200.0,218300.0,44678.333333333336,
TLE4,West Yorkshire,2012,1438600.0,1079200.0,976400.0,102800.0,359400.0,73433.75,
TLF1,Derbyshire and Nottinghamshire,2012,1349400.0,1039500.0,948400.0,91100.0,309900.0,55535.833333333336,
TLF2,"Leicestershire, Rutland and Northamptonshire",2012,1098200.0,862300.0,802000.0,60300.0,235900.0,38815.416666666664,
TLF3,Lincolnshire,2012,436900.0,336300.0,308600.0,27700.0,100600.0,14779.166666666666,
TLG1,"Herefordshire, Worcestershire and Warwickshire",2012,804000.0,641900.0,605500.0,36400.0,162100.0,21739.166666666668,
TLG2,Shropshire and Staffordshire,2012,983000.0,759800.0,707600.0,52200.0,223200.0,32148.333333333332,
TLG3,West Midlands,2012,1740800.0,1239700.0,1093500.0,146200.0,501100.0,111338.33333333333,
TLH2,Bedfordshire and Hertfordshire,2012,1114000.0,891300.0,832400.0,58900.0,222700.0,32527.083333333332,
TLH3,Essex,2012,1082500.0,853800.0,792000.0,61800.0,228700.0,36066.25,
TLH4,Cambridgeshire and Peterborough,2012,519800.0,414700.0,384100.0,30600.0,105100.0,15058.333333333334,
TLH5,Norfolk,2012,518400.0,410800.0,388100.0,22700.0,107600.0,17810.833333333332,
TLH6,Suffolk,2012,439500.0,361100.0,337800.0,23300.0,78400.0,13771.25,
TLI3,Inner London - West,2012,794800.0,587300.0,542600.0,44700.0,207500.0,24760.833333333332,
TLI4,Inner London - East,2012,1576100.0,1156100.0,1033500.0,122600.0,420000.0,82760.83333333333,
TLI5,Outer London - East and North East,2012,1160400.0,866100.0,781700.0,84400.0,294300.0,51867.5,
TLI6,Outer London - South,2012,809000.0,640000.0,589700.0,50300.0,169000.0,25847.916666666668,
TLI7,Outer London - West and North West,2012,1327400.0,1015700.0,918000.0,97700.0,311700.0,41803.333333333336,
TLJ1,"Berkshire, Buckinghamshire and Oxfordshire",2012,1459700.0,1184800.0,1113900.0,70900.0,274900.0,33265.0,
TLJ2,"Surrey, East and West Sussex",2012,1700800.0,1365200.0,1287500.0,77700.0,335600.0,39322.083333333336,
TLJ3,Hampshire and Isle of Wight,2012,1199500.0,949600.0,894600.0,55000.0,249900.0,30752.5,
TLJ4,Kent,2012,1079600.0,830400.0,769200.0,61200.0,249200.0,36410.0,
TLK3,Cornwall and Isles of Scilly,2012,327500.0,238700.0,225200.0,13500.0,88800.0,9560.416666666666,
TLK4,Devon,2012,686100.0,538200.0,505200.0,33000.0,147900.0,19916.666666666668,
TLK5,West of England,2012,575100.0,455300.0,423500.0,31800.0,119800.0,18794.583333333332,
TLK6,"North Somerset, Somerset and Dorset",2012,883700.0,692200.0,657100.0,35100.0,191500.0,20022.083333333332,
TLK7,Gloucestershire and Wiltshire,2012,798400.0,640700.0,600300.0,40400.0,157700.0,20986.666666666668,
TLL3,North Wales,2012,418100.0,318800.0,298900.0,19900.0,99300.0,15594.166666666666,
TLL4,Mid and South West Wales,2012,551400.0,394200.0,368200.0,26000.0,157200.0,17720.416666666668,
TLL5,South East Wales,2012,949200.0,698600.0,624800.0,73800.0,250600.0,46417.916666666664,
TLM0,Eastern Scotland,2012,578100.0,443300.0,403700.0,39600.0,134800.0,24402.083333333332,
TLM1,East Central Scotland,2012,663200.0,516000.0,485000.0,31000.0,147200.0,24437.5,
TLM2,Highlands and Islands,2012,294700.0,235000.0,223200.0,11800.0,59700.0,8145.833333333333,
TLM3,West Central Scotland,2012,970900.0,713400.0,633800.0,79600.0,257500.0,51696.25,
TLM5,North Eastern Scotland,2012,318800.0,262500.0,250400.0,12100.0,56300.0,5512.083333333333,
TLM9,Southern Scotland,2012,594400.0,456200.0,416200.0,40000.0,138200.0,28266.25,
TLN0,Northern Ireland,2012,1158600.0,838600.0,776400.0,62200.0,320000.0,,
TLC3,Tees Valley,2013,416700.0,311300.0,277300.0,34000.0,105400.0,26360.0,
TLC4,"Northumberland, Durham and Tyne & Wear",2013,1238000.0,909400.0,819900.0,89500.0,328600.0,58249.583333333336,
TLD1,Cumbria,2013,302200.0,237200.0,224500.0,12700.0,65000.0,7741.25,
TLD3,Greater Manchester,2013,1745900.0,1295200.0,1179000.0,116200.0,450700.0,77982.08333333333,
TLD4,Lancashire,2013,907700.0,670300.0,626500.0,43800.0,237400.0,30357.916666666668,
TLD6,Cheshire,2013,564100.0,444400.0,415800.0,28600.0,119700.0,15323.333333333334,
TLD7,Merseyside,2013,964600.0,712900.0,642700.0,70200.0,251700.0,47991.666666666664,
TLE1,East Yorkshire and Northern Lincolnshire,2013,572600.0,442000.0,398400.0,43600.0,130600.0,29952.083333333332,
TLE2,North Yorkshire,2013,491900.0,389800.0,371500.0,18300.0,102100.0,10052.916666666666,
TLE3,South Yorkshire,2013,864400.0,663100.0,591900.0,71200.0,201300.0,41062.5,
TLE4,West Yorkshire,2013,1437000.0,1087500.0,984800.0,102700.0,349500.0,69044.16666666667,
TLF1,Derbyshire and Nottinghamshire,2013,1349800.0,1022200.0,951200.0,71000.0,327600.0,47691.25,
TLF2,"Leicestershire, Rutland and Northamptonshire",2013,1098900.0,866100.0,793400.0,72700.0,232800.0,34600.416666666664,
TLF3,Lincolnshire,2013,436400.0,345100.0,319700.0,25400.0,91300.0,13409.166666666666,
TLG1,"Herefordshire, Worcestershire and Warwickshire",2013,801200.0,642100.0,608600.0,33500.0,159100.0,18775.0,
TLG2,Shropshire and Staffordshire,2013,981000.0,768300.0,721700.0,46600.0,212700.0,28281.666666666668,
TLG3,West Midlands,2013,1748700.0,1261700.0,1108000.0,153700.0,487000.0,102297.08333333333,
TLH2,Bedfordshire and Hertfordshire,2013,1121000.0,906300.0,852200.0,54100.0,214700.0,28656.25,
TLH3,Essex,2013,1082700.0,862800.0,806900.0,55900.0,219900.0,32410.0,
TLH4,Cambridgeshire and Peterborough,2013,518800.0,421100.0,397000.0,24100.0,97700.0,13062.083333333334,
TLH5,Norfolk,2013,517900.0,409200.0,381900.0,27300.0,108700.0,16134.166666666666,
TLH6,Suffolk,2013,438100.0,354300.0,331500.0,22800.0,83800.0,11519.583333333334,
TLI3,Inner London - West,2013,796200.0,592100.0,547600.0,44500.0,204100.0,22230.0,
TLI4,Inner London - East,2013,1603000.0,1208200.0,1081300.0,126900.0,394800.0,73740.0,
TLI5,Outer London - East and North East,2013,1170700.0,882200.0,797400.0,84800.0,288500.0,46076.25,
TLI6,Outer London - South,2013,818900.0,659600.0,615800.0,43800.0,159300.0,22021.666666666668,
TLI7,Outer London - West and North West,2013,1331700.0,1022300.0,934600.0,87700.0,309400.0,38184.583333333336,
TLJ1,"Berkshire, Buckinghamshire and Oxfordshire",2013,1461800.0,1180400.0,1123000.0,57400.0,281400.0,28252.916666666668,
TLJ2,"Surrey, East and West Sussex",2013,1705000.0,1379300.0,1304400.0,74900.0,325700.0,33027.083333333336,
TLJ3,Hampshire and Isle of Wight,2013,1197800.0,952400.0,897900.0,54500.0,245400.0,26680.833333333332,
TLJ4,Kent,2013,1082900.0,848600.0,780300.0,68300.0,234300.0,31789.166666666668,
TLK3,Cornwall and Isles of Scilly,2013,327700.0,244100.0,230300.0,13800.0,83600.0,8130.833333333333,
TLK4,Devon,2013,683700.0,539700.0,505200.0,34500.0,144000.0,16366.666666666666,
TLK5,West of England,2013,579900.0,453100.0,423200.0,29900.0,126800.0,15937.5,
TLK6,"North Somerset, Somerset and Dorset",2013,882500.0,713200.0,678600.0,34600.0,169300.0,17877.916666666668,
TLK7,Gloucestershire and Wiltshire,2013,798900.0,648100.0,607700.0,40400.0,150800.0,18547.916666666668,
TLL3,North Wales,2013,416400.0,319500.0,298900.0,20600.0,96900.0,15072.5,
TLL4,Mid and South West Wales,2013,547600.0,399200.0,370000.0,29200.0,148400.0,16320.416666666666,
TLL5,South East Wales,2013,949400.0,715700.0,649400.0,66300.0,233700.0,41613.75,
TLM0,Eastern Scotland,2013,577000.0,442300.0,401300.0,41000.0,134700.0,22364.166666666668,
TLM1,East Central Scotland,2013,662100.0,514800.0,479200.0,35600.0,147300.0,22326.666666666668,
TLM2,Highlands and Islands,2013,296000.0,236000.0,224200.0,11800.0,60000.0,7067.916666666667,
TLM3,West Central Scotland,2013,968700.0,718900.0,653300.0,65600.0,249800.0,46374.166666666664,
TLM5,North Eastern Scotland,2013,319400.0,259500.0,247900.0,11600.0,59900.0,4445.416666666667,
TLM9,Southern Scotland,2013,592900.0,454800.0,412900.0,41900.0,138100.0,26085.416666666668,
TLN0,Northern Ireland,2013,1158100.0,840000.0,777000.0,63000.0,318100.0,62624.166666666664,
TLC3,Tees Valley,2014,415400.0,309800.0,278600.0,31200.0,105600.0,19507.5,
TLC4,"Northumberland, Durham and Tyne & Wear",2014,1235900.0,927000.0,850900.0,76100.0,308900.0,42419.583333333336,
TLD1,Cumbria,2014,299800.0,237800.0,224500.0,13300.0,62000.0,5730.833333333333,
TLD3,Greater Manchester,2014,1747700.0,1307400.0,1205100.0,102300.0,440300.0,54867.083333333336,
TLD4,Lancashire,2014,904200.0,664000.0,621100.0,42900.0,240200.0,22055.0,
TLD6,Cheshire,2014,563600.0,441000.0,425200.0,15800.0,122600.0,10443.333333333334,
TLD7,Merseyside,2014,963000.0,692500.0,626600.0,65900.0,270500.0,35613.75,
TLE1,East Yorkshire and Northern Lincolnshire,2014,570100.0,439500.0,407200.0,32300.0,130600.0,22022.5,
TLE2,North Yorkshire,2014,489800.0,384100.0,367000.0,17100.0,105700.0,6690.0,
TLE3,South Yorkshire,2014,865900.0,665700.0,604400.0,61300.0,200200.0,30583.333333333332,
TLE4,West Yorkshire,2014,1435500.0,1076900.0,993200.0,83700.0,358600.0,51392.5,
TLF1,Derbyshire and Nottinghamshire,2014,1352400.0,1042600.0,972500.0,70100.0,309800.0,34761.25,
TLF2,"Leicestershire, Rutland and Northamptonshire",2014,1104300.0,872500.0,828600.0,43900.0,231800.0,23031.666666666668,
TLF3,Lincolnshire,2014,438600.0,343800.0,328300.0,15500.0,94800.0,10128.333333333334,
TLG1,"Herefordshire, Worcestershire and Warwickshire",2014,800300.0,643500.0,619300.0,24200.0,156800.0,12613.333333333334,
TLG2,Shropshire and Staffordshire,2014,978600.0,755500.0,715500.0,40000.0,223100.0,18718.333333333332,
TLG3,West Midlands,2014,1761000.0,1263900.0,1142500.0,121400.0,497100.0,78262.5,
TLH2,Bedfordshire and Hertfordshire,2014,1130900.0,915400.0,872700.0,42700.0,215500.0,19939.583333333332,
TLH3,Essex,2014,1090700.0,858900.0,803700.0,55200.0,231800.0,22312.916666666668,
TLH4,Cambridgeshire and Peterborough,2014,520500.0,428600.0,407900.0,20700.0,91900.0,8050.0,
TLH5,Norfolk,2014,518800.0,405400.0,385400.0,20000.0,113400.0,10822.916666666666,
TLH6,Suffolk,2014,438700.0,349900.0,331300.0,18600.0,88800.0,7577.916666666667,
TLI3,Inner London - West,2014,801100.0,612600.0,578000.0,34600.0,188500.0,16786.25,
TLI4,Inner London - East,2014,1636800.0,1250800.0,1149900.0,100900.0,386000.0,54322.5,
TLI5,Outer London - East and North East,2014,1186800.0,901500.0,828700.0,72800.0,285300.0,32724.166666666668,
TLI6,Outer London - South,2014,824200.0,658300.0,617400.0,40900.0,165900.0,15655.416666666666,
TLI7,Outer London - West and North West,2014,1337900.0,1019400.0,954400.0,65000.0,318500.0,28791.25,
TLJ1,"Berkshire, Buckinghamshire and Oxfordshire",2014,1468300.0,1179700.0,1127000.0,52700.0,288600.0,18433.75,
TLJ2,"Surrey, East and West Sussex",2014,1712700.0,1373500.0,1302900.0,70600.0,339200.0,22627.5,
TLJ3,Hampshire and Isle of Wight,2014,1200400.0,957400.0,916900.0,40500.0,243000.0,17374.583333333332,
TLJ4,Kent,2014,1089600.0,850500.0,800700.0,49800.0,239100.0,23190.833333333332,
TLK3,Cornwall and Isles of Scilly,2014,326600.0,255700.0,242600.0,13100.0,70900.0,5434.583333333333,
TLK4,Devon,2014,686700.0,543100.0,515800.0,27300.0,143600.0,11226.25,
TLK5,West of England,2014,585300.0,465000.0,435200.0,29800.0,120300.0,11273.75,
TLK6,"North Somerset, Somerset and Dorset",2014,881300.0,707300.0,672300.0,35000.0,174000.0,12355.416666666666,
TLK7,Gloucestershire and Wiltshire,2014,801200.0,660400.0,627400.0,33000.0,140800.0,12432.5,
TLL3,North Wales,2014,414300.0,311600.0,294200.0,17400.0,102700.0,11507.5,
TLL4,Mid and South West Wales,2014,544800.0,406500.0,380300.0,26200.0,138300.0,12916.666666666666,
TLL5,South East Wales,2014,950000.0,707600.0,652500.0,55100.0,242400.0,32537.5,
TLM0,Eastern Scotland,2014,574700.0,441800.0,412600.0,29200.0,132900.0,16867.916666666668,
TLM1,East Central Scotland,2014,664700.0,521800.0,494800.0,27000.0,142900.0,16621.666666666668,
TLM2,Highlands and Islands,2014,293900.0,240400.0,228700.0,11700.0,53500.0,5261.25,
TLM3,West Central Scotland,2014,970000.0,721200.0,662500.0,58700.0,248800.0,35207.5,
TLM5,North Eastern Scotland,2014,321600.0,262200.0,250800.0,11400.0,59400.0,3165.0,
TLM9,Southern Scotland,2014,589800.0,458100.0,428500.0,29600.0,131700.0,19935.416666666668,
TLN0,Northern Ireland,2014,1160900.0,841000.0,785800.0,55200.0,319900.0,54100.416666666664,
TLC3,Tees Valley,2015,413400.0,311100.0,284300.0,26800.0,102300.0,14894.166666666666,
TLC4,"Northumberland, Durham and Tyne & Wear",2015,1234100.0,927300.0,857000.0,70300.0,306800.0,32769.166666666664,
TLD1,Cumbria,2015,297900.0,241400.0,232200.0,9200.0,56500.0,4732.083333333333,
TLD3,Greater Manchester,2015,1757900.0,1321300.0,1232900.0,88400.0,436600.0,44574.166666666664,
TLD4,Lancashire,2015,904200.0,684900.0,655900.0,29000.0,219300.0,18817.083333333332,
TLD6,Cheshire,2015,563000.0,440200.0,423100.0,17100.0,122800.0,8028.75,
TLD7,Merseyside,2015,965500.0,692400.0,652200.0,40200.0,273100.0,30416.666666666668,
TLE1,East Yorkshire and Northern Lincolnshire,2015,568000.0,434700.0,407900.0,26800.0,133300.0,16801.666666666668,
TLE2,North Yorkshire,2015,489700.0,398300.0,388100.0,10200.0,91400.0,4746.666666666667,
TLE3,South Yorkshire,2015,871000.0,668400.0,618600.0,49800.0,202600.0,24152.916666666668,
TLE4,West Yorkshire,2015,1440800.0,1100300.0,1027000.0,73300.0,340500.0,37465.833333333336,
TLF1,Derbyshire and Nottinghamshire,2015,1357200.0,1041200.0,989600.0,51600.0,316000.0,25380.0,
TLF2,"Leicestershire, Rutland and Northamptonshire",2015,1113800.0,868700.0,830600.0,38100.0,245100.0,16508.75,
TLF3,Lincolnshire,2015,438400.0,345300.0,325700.0,19600.0,93100.0,7605.0,
TLG1,"Herefordshire, Worcestershire and Warwickshire",2015,800000.0,639300.0,619800.0,19500.0,160700.0,8899.583333333334,
TLG2,Shropshire and Staffordshire,2015,977700.0,779900.0,741400.0,38500.0,197800.0,12367.5,
TLG3,West Midlands,2015,1779000.0,1252100.0,1149800.0,102300.0,526900.0,60038.333333333336,
TLH2,Bedfordshire and Hertfordshire,2015,1140900.0,930900.0,898200.0,32700.0,210000.0,15012.5,
TLH3,Essex,2015,1094500.0,876000.0,836600.0,39400.0,218500.0,16645.0,
TLH4,Cambridgeshire and Peterborough,2015,525200.0,432700.0,415400.0,17300.0,92500.0,5338.333333333333,
TLH5,Norfolk,2015,520900.0,408700.0,391700.0,17000.0,112200.0,7190.416666666667,
TLH6,Suffolk,2015,439300.0,351200.0,336400.0,14800.0,88100.0,5514.166666666667,
TLI3,Inner London - West,2015,812300.0,622000.0,586700.0,35300.0,190300.0,13743.75,
TLI4,Inner London - East,2015,1668500.0,1295500.0,1207700.0,87800.0,373000.0,41284.583333333336,
TLI5,Outer London - East and North East,2015,1208300.0,934500.0,872500.0,62000.0,273800.0,24265.0,
TLI6,Outer London - South,2015,829600.0,664500.0,632700.0,31800.0,165100.0,12008.333333333334,
TLI7,Outer London - West and North West,2015,1343700.0,1037700.0,975300.0,62400.0,306000.0,23849.583333333332,
TLJ1,"Berkshire, Buckinghamshire and Oxfordshire",2015,1475000.0,1214100.0,1167200.0,46900.0,260900.0,13405.416666666666,
TLJ2,"Surrey, East and West Sussex",2015,1723200.0,1357500.0,1307800.0,49700.0,365700.0,16768.75,
TLJ3,Hampshire and Isle of Wight,2015,1205400.0,989800.0,946300.0,43500.0,215600.0,12720.416666666666,
TLJ4,Kent,2015,1095800.0,852400.0,800900.0,51500.0,243400.0,17687.083333333332,
TLK3,Cornwall and Isles of Scilly,2015,322100.0,253000.0,239200.0,13800.0,69100.0,4118.333333333333,
TLK4,Devon,2015,694700.0,556700.0,533300.0,23400.0,138000.0,8829.583333333334,
TLK5,West of England,2015,593200.0,479700.0,458500.0,21200.0,113500.0,8226.666666666666,
TLK6,"North Somerset, Somerset and Dorset",2015,884300.0,709000.0,683800.0,25200.0,175300.0,9104.166666666666,
TLK7,Gloucestershire and Wiltshire,2015,804400.0,661000.0,636300.0,24700.0,143400.0,8729.166666666666,
TLL3,North Wales,2015,412600.0,313400.0,298200.0,15200.0,99200.0,9029.583333333334,
TLL4,Mid and South West Wales,2015,543600.0,405000.0,379800.0,25200.0,138600.0,10850.833333333334,
TLL5,South East Wales,2015,950100.0,708600.0,661500.0,47100.0,241500.0,25596.666666666668,
TLM0,Eastern Scotland,2015,575200.0,445000.0,414900.0,30100.0,130200.0,13300.416666666666,
TLM1,East Central Scotland,2015,670500.0,522500.0,492400.0,30100.0,148000.0,12155.833333333334,
TLM2,Highlands and Islands,2015,294000.0,241200.0,232200.0,9000.0,52800.0,4387.916666666667,
TLM3,West Central Scotland,2015,975100.0,732600.0,679900.0,52700.0,242500.0,29671.25,
TLM5,North Eastern Scotland,2015,323500.0,263000.0,254500.0,8500.0,60500.0,3550.0,
TLM9,Southern Scotland,2015,585800.0,455800.0,428200.0,27600.0,130000.0,15749.583333333334,
TLN0,Northern Ireland,2015,1164800.0,849400.0,797100.0,52300.0,315400.0,43025.0,
TLC3,Tees Valley,2016,413900.0,305000.0,285200.0,19800.0,108900.0,16259.166666666666,
TLC4,"Northumberland, Durham and Tyne & Wear",2016,1234800.0,940400.0,876300.0,64100.0,294400.0,33840.416666666664,
TLD1,Cumbria,2016,295900.0,233300.0,223600.0,9700.0,62600.0,4595.416666666667,
TLD3,Greater Manchester,2016,1771700.0,1331500.0,1247800.0,83700.0,440200.0,45785.416666666664,
TLD4,Lancashire,2016,904300.0,697700.0,665400.0,32300.0,206600.0,19417.5,
TLD6,Cheshire,2016,561200.0,437200.0,420800.0,16400.0,124000.0,7500.416666666667,
TLD7,Merseyside,2016,969900.0,701100.0,663000.0,38100.0,268800.0,27698.333333333332,
TLE1,East Yorkshire and Northern Lincolnshire,2016,566500.0,438200.0,412600.0,25600.0,128300.0,15345.0,
TLE2,North Yorkshire,2016,490200.0,407600.0,396200.0,11400.0,82600.0,4632.5,
TLE3,South Yorkshire,2016,875100.0,645000.0,602400.0,42600.0,230100.0,22326.25,
TLE4,West Yorkshire,2016,1447000.0,1095400.0,1037400.0,58000.0,351600.0,32988.333333333336,
TLF1,Derbyshire and Nottinghamshire,2016,1363600.0,1066200.0,1019900.0,46300.0,297400.0,23292.5,
TLF2,"Leicestershire, Rutland and Northamptonshire",2016,1123900.0,883200.0,842900.0,40300.0,240700.0,14878.333333333334,
TLF3,Lincolnshire,2016,441900.0,338100.0,324300.0,13800.0,103800.0,7125.416666666667,
TLG1,"Herefordshire, Worcestershire and Warwickshire",2016,800500.0,633700.0,609100.0,24600.0,166800.0,9041.25,
TLG2,Shropshire and Staffordshire,2016,980400.0,790000.0,757200.0,32800.0,190400.0,12090.0,
TLG3,West Midlands,2016,1803500.0,1278400.0,1181600.0,96800.0,525100.0,61113.75,
TLH2,Bedfordshire and Hertfordshire,2016,1149900.0,925500.0,889200.0,36300.0,224400.0,13905.416666666666,
TLH3,Essex,2016,1101900.0,866900.0,833000.0,33900.0,235000.0,16065.833333333334,
TLH4,Cambridgeshire and Peterborough,2016,524700.0,424900.0,407300.0,17600.0,99800.0,4603.333333333333,
TLH5,Norfolk,2016,522400.0,419500.0,402000.0,17500.0,102900.0,6906.666666666667,
TLH6,Suffolk,2016,438900.0,350800.0,338200.0,12600.0,88100.0,5616.666666666667,
TLI3,Inner London - West,2016,811000.0,621700.0,591200.0,30500.0,189300.0,13216.666666666666,
TLI4,Inner London - East,2016,1699800.0,1336600.0,1242600.0,94000.0,363200.0,39021.25,
TLI5,Outer London - East and North East,2016,1222700.0,955000.0,900700.0,54300.0,267700.0,23311.666666666668,
TLI6,Outer London - South,2016,830100.0,670700.0,639900.0,30800.0,159400.0,12844.583333333334,
TLI7,Outer London - West and North West,2016,1351100.0,1042100.0,984800.0,57300.0,309000.0,23099.166666666668,
TLJ1,"Berkshire, Buckinghamshire and Oxfordshire",2016,1482200.0,1213000.0,1172100.0,40900.0,269200.0,13194.583333333334,
TLJ2,"Surrey, East and West Sussex",2016,1733500.0,1410600.0,1356300.0,54300.0,322900.0,16412.5,
TLJ3,Hampshire and Isle of Wight,2016,1212000.0,980700.0,939500.0,41200.0,231300.0,12187.083333333334,
TLJ4,Kent,2016,1104300.0,873700.0,825500.0,48200.0,230600.0,18293.75,
TLK3,Cornwall and Isles of Scilly,2016,319400.0,255900.0,246200.0,9700.0,63500.0,4523.333333333333,
TLK4,Devon,2016,699500.0,543300.0,515900.0,27400.0,156200.0,9410.833333333334,
TLK5,West of England,2016,597800.0,476600.0,458100.0,18500.0,121200.0,7906.25,
TLK6,"North Somerset, Somerset and Dorset",2016,888800.0,704000.0,677600.0,26400.0,184800.0,9734.583333333334,
TLK7,Gloucestershire and Wiltshire,2016,805900.0,678300.0,649300.0,29000.0,127600.0,8677.916666666666,
TLL3,North Wales,2016,411600.0,313700.0,301000.0,12700.0,97900.0,8510.416666666666,
TLL4,Mid and South West Wales,2016,544400.0,408500.0,389200.0,19300.0,135900.0,10866.25,
TLL5,South East Wales,2016,953000.0,705500.0,669500.0,36000.0,247500.0,23708.75,
TLM0,Eastern Scotland,2016,576800.0,439900.0,419000.0,20900.0,136900.0,13441.666666666666,
TLM1,East Central Scotland,2016,680400.0,521500.0,500100.0,21400.0,158900.0,11542.916666666666,
TLM2,Highlands and Islands,2016,293000.0,237700.0,228200.0,9500.0,55300.0,4690.0,
TLM3,West Central Scotland,2016,984200.0,739100.0,704200.0,34900.0,245100.0,27761.25,
TLM5,North Eastern Scotland,2016,322200.0,254500.0,239400.0,15100.0,67700.0,5812.916666666667,
TLM9,Southern Scotland,2016,579300.0,443200.0,416100.0,27100.0,136100.0,14843.333333333334,
TLN0,Northern Ireland,2016,1166700.0,863400.0,809100.0,54300.0,303300.0,36109.166666666664,
TLC3,Tees Valley,2017,412400.0,303900.0,283000.0,20900.0,108500.0,16731.666666666668,
TLC4,"Northumberland, Durham and Tyne & Wear",2017,1233600.0,936800.0,879200.0,57600.0,296800.0,36097.5,
TLD1,Cumbria,2017,294000.0,237400.0,229300.0,8100.0,56600.0,5139.166666666667,
TLD3,Greater Manchester,2017,1778100.0,1347800.0,1280200.0,67600.0,430300.0,45738.333333333336,
TLD4,Lancashire,2017,904800.0,709000.0,679900.0,29100.0,195800.0,21148.75,
TLD6,Cheshire,2017,560300.0,437900.0,422700.0,15200.0,122400.0,8119.583333333333,
TLD7,Merseyside,2017,970100.0,714000.0,678100.0,35900.0,256100.0,28878.75,
TLE1,East Yorkshire and Northern Lincolnshire,2017,563900.0,437500.0,414300.0,23200.0,126400.0,14604.583333333334,
TLE2,North Yorkshire,2017,490400.0,393200.0,378000.0,15200.0,97200.0,5965.0,
TLE3,South Yorkshire,2017,878200.0,670700.0,629900.0,40800.0,207500.0,22012.083333333332,
TLE4,West Yorkshire,2017,1448900.0,1114500.0,1060600.0,53900.0,334400.0,33151.666666666664,
TLF1,Derbyshire and Nottinghamshire,2017,1369500.0,1044500.0,1000800.0,43700.0,325000.0,24061.666666666668,
TLF2,"Leicestershire, Rutland and Northamptonshire",2017,1135200.0,894800.0,850000.0,44800.0,240400.0,14814.166666666666,
TLF3,Lincolnshire,2017,443600.0,348400.0,332400.0,16000.0,95200.0,7272.5,
TLG1,"Herefordshire, Worcestershire and Warwickshire",2017,805000.0,650100.0,629900.0,20200.0,154900.0,9762.083333333334,
TLG2,Shropshire and Staffordshire,2017,983200.0,791300.0,755900.0,35400.0,191900.0,13095.833333333334,
TLG3,West Midlands,2017,1818600.0,1315600.0,1223400.0,92200.0,503000.0,62611.666666666664,
TLH2,Bedfordshire and Hertfordshire,2017,1149400.0,941800.0,909900.0,31900.0,207600.0,14487.916666666666,
TLH3,Essex,2017,1106700.0,894900.0,858000.0,36900.0,211800.0,16033.333333333334,
TLH4,Cambridgeshire and Peterborough,2017,525400.0,420100.0,408300.0,11800.0,105300.0,4577.5,
TLH5,Norfolk,2017,524300.0,413400.0,395600.0,17800.0,110900.0,7766.666666666667,
TLH6,Suffolk,2017,439900.0,355800.0,340600.0,15200.0,84100.0,6404.583333333333,
TLI3,Inner London - West,2017,805700.0,608800.0,579300.0,29500.0,196900.0,14101.666666666666,E09000001
TLI4,Inner London - East,2017,1712000.0,1341100.0,1264900.0,76200.0,370900.0,41051.666666666664,
TLI5,Outer London - East and North East,2017,1229900.0,951800.0,896100.0,55700.0,278100.0,23271.666666666668,
TLI6,Outer London - South,2017,828900.0,673400.0,638200.0,35200.0,155500.0,16860.0,
TLI7,Outer London - West and North West,2017,1349600.0,1056400.0,1002500.0,53900.0,293200.0,24189.583333333332,
TLJ1,"Berkshire, Buckinghamshire and Oxfordshire",2017,1483000.0,1230800.0,1191300.0,39500.0,252200.0,13961.25,
TLJ2,"Surrey, East and West Sussex",2017,1736700.0,1401300.0,1356100.0,45200.0,335400.0,17912.083333333332,
TLJ3,Hampshire and Isle of Wight,2017,1213800.0,990300.0,962600.0,27700.0,223500.0,13351.666666666666,
TLJ4,Kent,2017,1109200.0,888200.0,855600.0,32600.0,221000.0,19074.583333333332,
TLK3,Cornwall and Isles of Scilly,2017,327000.0,257800.0,250200.0,7600.0,69200.0,4432.916666666667,
TLK4,Devon,2017,697000.0,566800.0,549800.0,17000.0,130200.0,9388.75,
TLK5,West of England,2017,605500.0,493700.0,473700.0,20000.0,111800.0,8650.833333333334,
TLK6,"North Somerset, Somerset and Dorset",2017,886300.0,709800.0,686900.0,22900.0,176500.0,11991.25,
TLK7,Gloucestershire and Wiltshire,2017,809100.0,678500.0,654400.0,24100.0,130600.0,9230.833333333334,
TLL3,North Wales,2017,411300.0,320900.0,310400.0,10500.0,90400.0,7685.0,
TLL4,Mid and South West Wales,2017,542900.0,405100.0,386700.0,18400.0,137800.0,10129.583333333334,
TLL5,South East Wales,2017,955700.0,726600.0,685800.0,40800.0,229100.0,21827.083333333332,
TLM0,Eastern Scotland,2017,572500.0,436300.0,419000.0,17300.0,136200.0,13745.416666666666,
TLM1,East Central Scotland,2017,687800.0,542600.0,525700.0,16900.0,145200.0,12140.0,
TLM2,Highlands and Islands,2017,292800.0,241000.0,231800.0,9200.0,51800.0,5440.0,
TLM3,West Central Scotland,2017,989400.0,736000.0,699200.0,36800.0,253400.0,28704.166666666668,
TLM5,North Eastern Scotland,2017,316000.0,259700.0,250700.0,9000.0,56300.0,5875.0,
TLM9,Southern Scotland,2017,582200.0,448600.0,427700.0,20900.0,133600.0,14553.333333333334,
TLN0,Northern Ireland,2017,1167400.0,844800.0,806300.0,38500.0,322600.0,30472.083333333332,
TLC3,Tees Valley,2018,410600.0,302300.0,280700.0,21600.0,108300.0,17065.416666666668,
TLC4,"Northumberland, Durham and Tyne & Wear",2018,1230700.0,932700.0,887100.0,45600.0,298000.0,42731.25,
TLD1,Cumbria,2018,291400.0,235800.0,231000.0,4800.0,55600.0,5546.666666666667,
TLD3,Greater Manchester,2018,1781000.0,1360300.0,1297300.0,63000.0,420700.0,52590.0,
TLD4,Lancashire,2018,899100.0,701900.0,668000.0,33900.0,197200.0,23796.25,
TLD6,Cheshire,2018,559200.0,444400.0,429300.0,15100.0,114800.0,10912.5,
TLD7,Merseyside,2018,967600.0,718700.0,693500.0,25200.0,248900.0,32192.916666666668,
TLE1,East Yorkshire and Northern Lincolnshire,2018,562300.0,439800.0,415800.0,24000.0,122500.0,16261.666666666666,
TLE2,North Yorkshire,2018,488100.0,394800.0,383800.0,11000.0,93300.0,7158.333333333333,
TLE3,South Yorkshire,2018,879400.0,677000.0,639100.0,37900.0,202400.0,24092.916666666668,
TLE4,West Yorkshire,2018,1450700.0,1095100.0,1048300.0,46800.0,355600.0,37510.416666666664,
TLF1,Derbyshire and Nottinghamshire,2018,1366300.0,1053600.0,1005600.0,48000.0,312700.0,26489.583333333332,
TLF2,"Leicestershire, Rutland and Northamptonshire",2018,1131700.0,896000.0,854800.0,41200.0,235700.0,17334.583333333332,
TLF3,Lincolnshire,2018,441800.0,351300.0,334600.0,16700.0,90500.0,8535.833333333334,
TLG1,"Herefordshire, Worcestershire and Warwickshire",2018,798900.0,659300.0,641500.0,17800.0,139600.0,12120.416666666666,
TLG2,Shropshire and Staffordshire,2018,976600.0,782700.0,753300.0,29400.0,193900.0,15692.916666666666,
TLG3,West Midlands,2018,1826200.0,1333100.0,1246400.0,86700.0,493100.0,71629.58333333333,
TLH2,Bedfordshire and Hertfordshire,2018,1162700.0,942800.0,910100.0,32700.0,219900.0,16796.25,
TLH3,Essex,2018,1110200.0,896700.0,867400.0,29300.0,213500.0,19531.25,
TLH4,Cambridgeshire and Peterborough,2018,525400.0,431700.0,416400.0,15300.0,93700.0,6222.083333333333,
TLH5,Norfolk,2018,523700.0,410900.0,395100.0,15800.0,112800.0,8306.666666666666,
TLH6,Suffolk,2018,437700.0,357200.0,343600.0,13600.0,80500.0,7670.833333333333,
TLI3,Inner London - West,2018,819900.0,628400.0,597800.0,30600.0,191500.0,15388.333333333334,
TLI4,Inner London - East,2018,1740000.0,1369300.0,1291000.0,78300.0,370700.0,45553.75,
TLI5,Outer London - East and North East,2018,1251800.0,958300.0,913600.0,44700.0,293500.0,24562.5,
TLI6,Outer London - South,2018,844600.0,686300.0,654200.0,32100.0,158300.0,19005.0,
TLI7,Outer London - West and North West,2018,1359700.0,1065200.0,1012600.0,52600.0,294500.0,25718.333333333332,
TLJ1,"Berkshire, Buckinghamshire and Oxfordshire",2018,1486600.0,1219700.0,1185200.0,34500.0,266900.0,16491.25,
TLJ2,"Surrey, East and West Sussex",2018,1744600.0,1394000.0,1347100.0,46900.0,350600.0,21582.083333333332,
TLJ3,Hampshire and Isle of Wight,2018,1213900.0,993300.0,957100.0,36200.0,220600.0,16139.166666666666,
TLJ4,Kent,2018,1113900.0,886200.0,846500.0,39700.0,227700.0,21935.416666666668,
TLK3,Cornwall and Isles of Scilly,2018,327600.0,252000.0,245300.0,6700.0,75600.0,5088.333333333333,
TLK4,Devon,2018,692900.0,563400.0,542400.0,21000.0,129500.0,10411.666666666666,
TLK5,West of England,2018,610400.0,498900.0,480800.0,18100.0,111500.0,8969.583333333334,
TLK6,"North Somerset, Somerset and Dorset",2018,885800.0,718100.0,696500.0,21600.0,167700.0,16102.916666666666,
TLK7,Gloucestershire and Wiltshire,2018,807600.0,670300.0,651500.0,18800.0,137300.0,12449.166666666666,
TLL3,North Wales,2018,413900.0,326200.0,313200.0,13000.0,87700.0,9032.083333333334,
TLL4,Mid and South West Wales,2018,543300.0,402400.0,385700.0,16700.0,140900.0,11891.666666666666,
TLL5,South East Wales,2018,954200.0,736600.0,698600.0,38000.0,217600.0,22752.5,
TLM0,Eastern Scotland,2018,572900.0,442200.0,423800.0,18400.0,130700.0,17670.416666666668,
TLM1,East Central Scotland,2018,690800.0,555500.0,533100.0,22400.0,135300.0,13046.25,
TLM2,Highlands and Islands,2018,292100.0,237400.0,230500.0,6900.0,54700.0,6113.333333333333,
TLM3,West Central Scotland,2018,988000.0,729400.0,693200.0,36200.0,258600.0,30057.083333333332,
TLM5,North Eastern Scotland,2018,322200.0,263200.0,249000.0,14200.0,59000.0,5240.416666666667,
TLM9,Southern Scotland,2018,576600.0,437700.0,420200.0,17500.0,138900.0,18678.333333333332,
TLN0,Northern Ireland,2018,1167700.0,849600.0,816900.0,32700.0,318100.0,28840.416666666668,
TLC3,Tees Valley,2019,409400.0,300800.0,281200.0,19600.0,108600.0,19607.083333333332,
TLC4,"Northumberland, Durham and Tyne & Wear",2019,1227800.0,926300.0,873200.0,53100.0,301500.0,51415.0,
TLD1,Cumbria,2019,289300.0,233300.0,227500.0,5800.0,56000.0,6438.75,
TLD3,Greater Manchester,2019,1785000.0,1367500.0,1297600.0,69900.0,417500.0,66214.16666666667,
TLD4,Lancashire,2019,895500.0,699100.0,675000.0,24100.0,196400.0,29817.5,
TLD6,Cheshire,2019,558400.0,459000.0,442900.0,16100.0,99400.0,12620.833333333334,
TLD7,Merseyside,2019,966600.0,735000.0,704400.0,30600.0,231600.0,38809.166666666664,
TLE1,East Yorkshire and Northern Lincolnshire,2019,559900.0,437200.0,414200.0,23000.0,122700.0,19780.0,
TLE2,North Yorkshire,2019,486500.0,393300.0,385300.0,8000.0,93200.0,7651.666666666667,
TLE3,South Yorkshire,2019,881400.0,679000.0,642900.0,36100.0,202400.0,27326.666666666668,
TLE4,West Yorkshire,2019,1451900.0,1100100.0,1050100.0,50000.0,351800.0,49253.75,
TLF1,Derbyshire and Nottinghamshire,2019,1365300.0,1077100.0,1032500.0,44600.0,288200.0,34832.5,
TLF2,"Leicestershire, Rutland and Northamptonshire",2019,1135300.0,926700.0,894100.0,32600.0,208600.0,23664.166666666668,
TLF3,Lincolnshire,2019,441800.0,349800.0,337600.0,12200.0,92000.0,11412.083333333334,
TLG1,"Herefordshire, Worcestershire and Warwickshire",2019,800100.0,657200.0,638800.0,18400.0,142900.0,15972.916666666666,
TLG2,Shropshire and Staffordshire,2019,975100.0,788100.0,761100.0,27000.0,187000.0,22240.833333333332,
TLG3,West Midlands,2019,1835800.0,1361100.0,1268900.0,92200.0,474700.0,88601.66666666667,
TLH2,Bedfordshire and Hertfordshire,2019,1169200.0,944400.0,912900.0,31500.0,224800.0,21570.416666666668,
TLH3,Essex,2019,1115300.0,893700.0,864300.0,29400.0,221600.0,25809.583333333332,
TLH4,Cambridgeshire and Peterborough,2019,525900.0,427500.0,413100.0,14400.0,98400.0,9134.166666666666,
TLH5,Norfolk,2019,524300.0,423900.0,406400.0,17500.0,100400.0,11075.416666666666,
TLH6,Suffolk,2019,437400.0,350900.0,342200.0,8700.0,86500.0,9671.666666666666,
TLI3,Inner London - West,2019,823900.0,636600.0,607200.0,29400.0,187300.0,18560.833333333332,
TLI4,Inner London - East,2019,1759200.0,1391000.0,1328800.0,62200.0,368200.0,56519.166666666664,
TLI5,Outer London - East and North East,2019,1261200.0,966700.0,913100.0,53600.0,294500.0,33501.666666666664,
TLI6,Outer London - South,2019,850400.0,691100.0,665700.0,25400.0,159300.0,22320.0,
TLI7,Outer London - West and North West,2019,1366300.0,1046600.0,999400.0,47200.0,319700.0,33856.666666666664,
TLJ1,"Berkshire, Buckinghamshire and Oxfordshire",2019,1490500.0,1238500.0,1204700.0,33800.0,252000.0,23081.666666666668,
TLJ2,"Surrey, East and West Sussex",2019,1752000.0,1447600.0,1407400.0,40200.0,304400.0,28763.75,
TLJ3,Hampshire and Isle of Wight,2019,1213400.0,975800.0,942600.0,33200.0,237600.0,21592.5,
TLJ4,Kent,2019,1118400.0,909300.0,874700.0,34600.0,209100.0,28917.083333333332,
TLK3,Cornwall and Isles of Scilly,2019,327000.0,261600.0,252900.0,8700.0,65400.0,7428.75,
TLK4,Devon,2019,694100.0,566900.0,547000.0,19900.0,127200.0,14513.75,
TLK5,West of England,2019,613600.0,500200.0,481000.0,19200.0,113400.0,11938.333333333334,
TLK6,"North Somerset, Somerset and Dorset",2019,887200.0,725700.0,705900.0,19800.0,161500.0,18940.833333333332,
TLK7,Gloucestershire and Wiltshire,2019,809100.0,670600.0,651100.0,19500.0,138500.0,15138.75,
TLL3,North Wales,2019,412700.0,324500.0,311100.0,13400.0,88200.0,11512.083333333334,
TLL4,Mid and South West Wales,2019,541700.0,406100.0,389400.0,16700.0,135600.0,14625.833333333334,
TLL5,South East Wales,2019,954900.0,728000.0,696900.0,31100.0,226900.0,29061.666666666668,
TLM0,Eastern Scotland,2019,574100.0,444600.0,428200.0,16400.0,129500.0,20062.5,
TLM1,East Central Scotland,2019,695600.0,545700.0,530100.0,15600.0,149900.0,15734.583333333334,
TLM2,Highlands and Islands,2019,290700.0,233300.0,226100.0,7200.0,57400.0,7035.833333333333,
TLM3,West Central Scotland,2019,988600.0,738400.0,705600.0,32800.0,250200.0,36787.083333333336,
TLM5,North Eastern Scotland,2019,322200.0,265200.0,257700.0,7500.0,57000.0,6283.75,
TLM9,Southern Scotland,2019,570800.0,442300.0,427300.0,15000.0,128500.0,22185.833333333332,
TLN0,Northern Ireland,2019,1167600.0,862100.0,839400.0,22700.0,305500.0,29590.833333333332,
TLC3,Tees Valley,2020,408600.0,304800.0,286300.0,18500.0,103800.0,29964.583333333332,
TLC4,"Northumberland, Durham and Tyne & Wear",2020,1222100.0,940400.0,878100.0,62300.0,281700.0,79095.0,
TLD1,Cumbria,2020,287200.0,230900.0,221400.0,9500.0,56300.0,11716.666666666666,
TLD3,Greater Manchester,2020,1787000.0,1367000.0,1291000.0,76000.0,420000.0,121539.58333333333,
TLD4,Lancashire,2020,891800.0,689200.0,666000.0,23200.0,202600.0,54000.833333333336,
TLD6,Cheshire,2020,556200.0,457400.0,439900.0,17500.0,98800.0,24386.25,
TLD7,Merseyside,2020,964200.0,728700.0,702300.0,26400.0,235500.0,65793.75,
TLE1,East Yorkshire and Northern Lincolnshire,2020,557900.0,432900.0,411000.0,21900.0,125000.0,33862.916666666664,
TLE2,North Yorkshire,2020,484700.0,383700.0,374900.0,8800.0,101000.0,16702.5,
TLE3,South Yorkshire,2020,881000.0,670300.0,633700.0,36600.0,210700.0,50526.25,
TLE4,West Yorkshire,2020,1451500.0,1139500.0,1086200.0,53300.0,312000.0,92170.83333333333,
TLF1,Derbyshire and Nottinghamshire,2020,1364900.0,1078900.0,1021900.0,57000.0,286000.0,67845.83333333333,
TLF2,"Leicestershire, Rutland and Northamptonshire",2020,1138400.0,926600.0,886700.0,39900.0,211800.0,52063.333333333336,
TLF3,Lincolnshire,2020,441300.0,334200.0,314700.0,19500.0,107100.0,21757.083333333332,
TLG1,"Herefordshire, Worcestershire and Warwickshire",2020,801700.0,652800.0,630600.0,22200.0,148900.0,34380.0,
TLG2,Shropshire and Staffordshire,2020,973400.0,783800.0,745700.0,38100.0,189600.0,46506.666666666664,
TLG3,West Midlands,2020,1841600.0,1377700.0,1283300.0,94400.0,463900.0,148308.75,
TLH2,Bedfordshire and Hertfordshire,2020,1173800.0,958600.0,925300.0,33300.0,215200.0,52107.083333333336,
TLH3,Essex,2020,1118900.0,883500.0,850400.0,33100.0,235400.0,56817.083333333336,
TLH4,Cambridgeshire and Peterborough,2020,525800.0,421600.0,404000.0,17600.0,104200.0,21610.0,
TLH5,Norfolk,2020,524500.0,425500.0,401000.0,24500.0,99000.0,23612.083333333332,
TLH6,Suffolk,2020,437600.0,350400.0,335100.0,15300.0,87200.0,19330.416666666668,
TLI3,Inner London - West,2020,823400.0,657700.0,616700.0,41000.0,165700.0,41647.5,
TLI4,Inner London - East,2020,1773500.0,1441100.0,1350400.0,90700.0,332400.0,127145.0,
TLI5,Outer London - East and North East,2020,1276000.0,993200.0,930000.0,63200.0,282800.0,82211.25,
TLI6,Outer London - South,2020,850600.0,694700.0,657800.0,36900.0,155900.0,47122.5,
TLI7,Outer London - West and North West,2020,1374100.0,1089900.0,1026400.0,63500.0,284200.0,86240.83333333333,
TLJ1,"Berkshire, Buckinghamshire and Oxfordshire",2020,1492300.0,1221100.0,1175300.0,45800.0,271200.0,58721.25,
TLJ2,"Surrey, East and West Sussex",2020,1752100.0,1447300.0,1381500.0,65800.0,304800.0,73354.58333333333,
TLJ3,Hampshire and Isle of Wight,2020,1214100.0,972900.0,932500.0,40400.0,241200.0,51675.833333333336,
TLJ4,Kent,2020,1122400.0,913700.0,876400.0,37300.0,208700.0,59248.333333333336,
TLK3,Cornwall and Isles of Scilly,2020,326500.0,257100.0,246700.0,10400.0,69400.0,16618.75,
TLK4,Devon,2020,695100.0,564200.0,539600.0,24600.0,130900.0,32042.916666666668,
TLK5,West of England,2020,619300.0,514100.0,492000.0,22100.0,105200.0,26508.333333333332,
TLK6,"North Somerset, Somerset and Dorset",2020,884500.0,715700.0,687000.0,28700.0,168800.0,39069.166666666664,
TLK7,Gloucestershire and Wiltshire,2020,811200.0,661200.0,638500.0,22700.0,150000.0,32270.0,
TLL3,North Wales,2020,413000.0,317900.0,307100.0,10800.0,95100.0,21597.083333333332,
TLL4,Mid and South West Wales,2020,540700.0,403800.0,388400.0,15400.0,136900.0,26118.75,
TLL5,South East Wales,2020,953900.0,720300.0,691700.0,28600.0,233600.0,52450.0,
TLM0,Eastern Scotland,2020,571700.0,437100.0,413200.0,23900.0,134600.0,31187.916666666668,
TLM1,East Central Scotland,2020,697000.0,541600.0,520400.0,21200.0,155400.0,31565.0,
TLM2,Highlands and Islands,2020,292100.0,231000.0,225300.0,5700.0,61100.0,13355.833333333334,
TLM3,West Central Scotland,2020,990600.0,741900.0,706400.0,35500.0,248700.0,63136.666666666664,
TLM5,North Eastern Scotland,2020,321500.0,255900.0,243400.0,12500.0,65600.0,12954.166666666666,
TLM9,Southern Scotland,2020,563900.0,431800.0,414500.0,17300.0,132100.0,34637.5,
TLN0,Northern Ireland,2020,1166400.0,840200.0,814700.0,25500.0,326200.0,52680.416666666664,
TLC3,Tees Valley,2021,405700.0,302500.0,282000.0,20500.0,103200.0,28517.916666666668,
TLC4,"Northumberland, Durham and Tyne & Wear",2021,1216500.0,909900.0,857200.0,52700.0,306600.0,74700.41666666667,
TLD1,Cumbria,2021,284800.0,222200.0,215600.0,6600.0,62600.0,11065.0,
TLD3,Greater Manchester,2021,1788900.0,1350400.0,1280800.0,69600.0,438500.0,124830.83333333333,
TLD4,Lancashire,2021,889700.0,679200.0,642400.0,36800.0,210500.0,53387.916666666664,
TLD6,Cheshire,2021,554800.0,432200.0,419400.0,12800.0,122600.0,23168.75,
TLD7,Merseyside,2021,960500.0,742100.0,707600.0,34500.0,218400.0,65060.0,
TLE1,East Yorkshire and Northern Lincolnshire,2021,555200.0,424700.0,408700.0,16000.0,130500.0,32465.0,
TLE2,North Yorkshire,2021,482300.0,391500.0,381700.0,9800.0,90800.0,15580.416666666666,
TLE3,South Yorkshire,2021,880600.0,674600.0,637500.0,37100.0,206000.0,52744.166666666664,
TLE4,West Yorkshire,2021,1449700.0,1112500.0,1057100.0,55400.0,337200.0,96059.16666666667,
TLF1,Derbyshire and Nottinghamshire,2021,1365600.0,1051900.0,1008700.0,43200.0,313700.0,67267.5,
TLF2,"Leicestershire, Rutland and Northamptonshire",2021,1137600.0,897300.0,848800.0,48500.0,240300.0,52769.583333333336,
TLF3,Lincolnshire,2021,441400.0,338200.0,325400.0,12800.0,103200.0,21221.666666666668,
TLG1,"Herefordshire, Worcestershire and Warwickshire",2021,796300.0,650800.0,631400.0,19400.0,145500.0,33790.833333333336,
TLG2,Shropshire and Staffordshire,2021,970700.0,767400.0,741300.0,26100.0,203300.0,45753.333333333336,
TLG3,West Midlands,2021,1851900.0,1390900.0,1292100.0,98800.0,461000.0,157629.58333333334,
TLH2,Bedfordshire and Hertfordshire,2021,1178000.0,957100.0,917900.0,39200.0,220900.0,54998.75,
TLH3,Essex,2021,1121900.0,912300.0,876700.0,35600.0,209600.0,56157.916666666664,
TLH4,Cambridgeshire and Peterborough,2021,525500.0,426400.0,411400.0,15000.0,99100.0,22777.5,
TLH5,Norfolk,2021,524300.0,421500.0,403700.0,17800.0,102800.0,22934.583333333332,
TLH6,Suffolk,2021,437100.0,351900.0,340900.0,11000.0,85200.0,19278.333333333332,
TLI3,Inner London - West,2021,831200.0,653600.0,621300.0,32300.0,177600.0,47291.666666666664,
TLI4,Inner London - East,2021,1788800.0,1439300.0,1367900.0,71400.0,349500.0,146225.41666666666,
TLI5,Outer London - East and North East,2021,1283300.0,995600.0,931700.0,63900.0,287700.0,92804.58333333333,
TLI6,Outer London - South,2021,855400.0,703600.0,665500.0,38100.0,151800.0,49647.5,
TLI7,Outer London - West and North West,2021,1372300.0,1077800.0,1004900.0,72900.0,294500.0,98935.41666666667,
TLJ1,"Berkshire, Buckinghamshire and Oxfordshire",2021,1492100.0,1212700.0,1167200.0,45500.0,279400.0,62169.583333333336,
TLJ2,"Surrey, East and West Sussex",2021,1757100.0,1433800.0,1385000.0,48800.0,323300.0,75713.75,
TLJ3,Hampshire and Isle of Wight,2021,1211500.0,983400.0,941300.0,42100.0,228100.0,52202.916666666664,
TLJ4,Kent,2021,1125900.0,884000.0,845300.0,38700.0,241900.0,58775.416666666664,
TLK3,Cornwall and Isles of Scilly,2021,325600.0,250800.0,240400.0,10400.0,74800.0,15121.666666666666,
TLK4,Devon,2021,695300.0,543300.0,529300.0,14000.0,152000.0,29464.166666666668,
TLK5,West of England,2021,618100.0,503200.0,489400.0,13800.0,114900.0,26152.916666666668,
TLK6,"North Somerset, Somerset and Dorset",2021,887600.0,711600.0,683600.0,28000.0,176000.0,37610.0,
TLK7,Gloucestershire and Wiltshire,2021,810500.0,663300.0,639700.0,23600.0,147200.0,31549.166666666668,
TLL3,North Wales,2021,410400.0,313600.0,301100.0,12500.0,96800.0,20198.333333333332,
TLL4,Mid and South West Wales,2021,539900.0,410000.0,390400.0,19600.0,129900.0,24323.75,
TLL5,South East Wales,2021,952800.0,728900.0,698600.0,30300.0,223900.0,50732.083333333336,
TLM0,Eastern Scotland,2021,567100.0,429500.0,407200.0,22300.0,137600.0,29272.083333333332,
TLM1,East Central Scotland,2021,692600.0,552200.0,538300.0,13900.0,140400.0,30578.75,
TLM2,Highlands and Islands,2021,292800.0,221400.0,213700.0,7700.0,71400.0,11999.166666666666,
TLM3,West Central Scotland,2021,988100.0,725200.0,697100.0,28100.0,262900.0,60457.083333333336,
TLM5,North Eastern Scotland,2021,320500.0,252900.0,241800.0,11100.0,67600.0,13529.583333333334,
TLM9,Southern Scotland,2021,566100.0,431100.0,409700.0,21400.0,135000.0,32154.583333333332,
TLN0,Northern Ireland,2021,1164100.0,849600.0,817400.0,32200.0,314500.0,50507.916666666664,
TLC3,Tees Valley,2022,407600.0,302100.0,289000.0,13100.0,105500.0,20289.583333333332,
TLC4,"Northumberland, Durham and Tyne & Wear",2022,1221000.0,903000.0,859400.0,43600.0,318000.0,52203.333333333336,
TLD1,Cumbria,2022,285800.0,229400.0,219400.0,10000.0,56400.0,7427.5,
TLD3,Greater Manchester,2022,1795100.0,1367500.0,1299300.0,68200.0,427600.0,92705.83333333333,
TLD4,Lancashire,2022,892700.0,679500.0,651200.0,28300.0,213200.0,38352.916666666664,
TLD6,Cheshire,2022,555800.0,437900.0,424300.0,13600.0,117900.0,15407.5,
TLD7,Merseyside,2022,962500.0,731600.0,709000.0,22600.0,230900.0,46641.25,
TLE1,East Yorkshire and Northern Lincolnshire,2022,557200.0,431000.0,415100.0,15900.0,126200.0,23372.916666666668,
TLE2,North Yorkshire,2022,483900.0,395900.0,389000.0,6900.0,88000.0,10226.25,
TLE3,South Yorkshire,2022,883900.0,680400.0,648200.0,32200.0,203500.0,38056.666666666664,
TLE4,West Yorkshire,2022,1454800.0,1107700.0,1067400.0,40300.0,347100.0,71127.5,
TLF1,Derbyshire and Nottinghamshire,2022,1370200.0,1040600.0,1008600.0,32000.0,329600.0,48402.5,
TLF2,"Leicestershire, Rutland and Northamptonshire",2022,1142900.0,909100.0,880600.0,28500.0,233800.0,37580.833333333336,
TLF3,Lincolnshire,2022,442200.0,337800.0,332100.0,5700.0,104400.0,14902.5,
TLG1,"Herefordshire, Worcestershire and Warwickshire",2022,799900.0,649900.0,629600.0,20300.0,150000.0,24220.416666666668,
TLG2,Shropshire and Staffordshire,2022,974100.0,790100.0,764500.0,25600.0,184000.0,32667.916666666668,
TLG3,West Midlands,2022,1857200.0,1372800.0,1285900.0,86900.0,484400.0,124478.33333333333,
TLH2,Bedfordshire and Hertfordshire,2022,1181800.0,947000.0,919400.0,27600.0,234800.0,36497.5,
TLH3,Essex,2022,1125600.0,905400.0,874300.0,31100.0,220200.0,36415.416666666664,
TLH4,Cambridgeshire and Peterborough,2022,527400.0,435200.0,422400.0,12800.0,92200.0,16391.666666666668,
TLH5,Norfolk,2022,526100.0,418500.0,407400.0,11100.0,107600.0,15798.75,
TLH6,Suffolk,2022,438600.0,355800.0,350900.0,4900.0,82800.0,13039.583333333334,
TLI3,Inner London - West,2022,808400.0,640100.0,619500.0,20600.0,168300.0,32348.333333333332,
TLI4,Inner London - East,2022,1804000.0,1467200.0,1396500.0,70700.0,336800.0,99915.83333333333,
TLI5,Outer London - East and North East,2022,1284500.0,1010200.0,965300.0,44900.0,274300.0,62977.083333333336,
TLI6,Outer London - South,2022,868800.0,715000.0,695700.0,19300.0,153800.0,33076.666666666664,
TLI7,Outer London - West and North West,2022,1374000.0,1063000.0,997400.0,65600.0,311000.0,66702.08333333333,
TLJ1,"Berkshire, Buckinghamshire and Oxfordshire",2022,1497200.0,1240900.0,1206600.0,34300.0,256300.0,42473.333333333336,
TLJ2,"Surrey, East and West Sussex",2022,1760100.0,1412000.0,1368800.0,43200.0,348100.0,50468.333333333336,
TLJ3,Hampshire and Isle of Wight,2022,1216500.0,960300.0,929200.0,31100.0,256200.0,36097.916666666664,
TLJ4,Kent,2022,1129600.0,906200.0,872300.0,33900.0,223400.0,39773.75,
TLK3,Cornwall and Isles of Scilly,2022,327200.0,259300.0,254000.0,5300.0,67900.0,9500.833333333334,
TLK4,Devon,2022,697200.0,544900.0,531400.0,13500.0,152300.0,18590.833333333332,
TLK5,West of England,2022,619100.0,505300.0,491600.0,13700.0,113800.0,17126.25,
TLK6,"North Somerset, Somerset and Dorset",2022,890500.0,716100.0,694600.0,21500.0,174400.0,24985.416666666668,
TLK7,Gloucestershire and Wiltshire,2022,814200.0,669800.0,650800.0,19000.0,144400.0,20571.25,
TLL3,North Wales,2022,412300.0,319300.0,310500.0,8800.0,93000.0,13528.333333333334,
TLL4,Mid and South West Wales,2022,542800.0,415700.0,398100.0,17600.0,127100.0,17066.25,
TLL5,South East Wales,2022,956000.0,710000.0,692600.0,17400.0,246000.0,35739.583333333336,
TLM0,Eastern Scotland,2022,570200.0,439400.0,420200.0,19200.0,130800.0,19737.916666666668,
TLM1,East Central Scotland,2022,698100.0,557100.0,545300.0,11800.0,141000.0,18722.916666666668,
TLM2,Highlands and Islands,2022,291000.0,223700.0,217100.0,6600.0,67300.0,7433.75,
TLM3,West Central Scotland,2022,989000.0,735900.0,712600.0,23300.0,253100.0,41402.5,
TLM5,North Eastern Scotland,2022,326300.0,257100.0,244000.0,13100.0,69200.0,8822.083333333334,
TLM9,Southern Scotland,2022,565000.0,437900.0,420800.0,17100.0,127100.0,21521.25,
TLN0,Northern Ireland,2022,1169300.0,861200.0,841100.0,20100.0,308100.0,36599.166666666664,
TLC3,Tees Valley,2023,408800.0,310800.0,295800.0,15000.0,98000.0,19169.166666666668,
TLC4,"Northumberland, Durham and Tyne & Wear",2023,1225900.0,928000.0,894700.0,33300.0,297900.0,47651.25,
TLD1,Cumbria,2023,287100.0,241200.0,236000.0,5200.0,45900.0,6857.5,
TLD3,Greater Manchester,2023,1802300.0,1356800.0,1295500.0,61300.0,445500.0,89801.25,
TLD4,Lancashire,2023,896900.0,670700.0,651800.0,18900.0,226200.0,37550.416666666664,
TLD6,Cheshire,2023,559400.0,460500.0,448100.0,12400.0,98900.0,14408.333333333334,
TLD7,Merseyside,2023,968100.0,733800.0,697300.0,36500.0,234300.0,44330.833333333336,
TLE1,East Yorkshire and Northern Lincolnshire,2023,559400.0,431900.0,419300.0,12600.0,127500.0,21987.083333333332,
TLE2,North Yorkshire,2023,485800.0,392500.0,385900.0,6600.0,93300.0,9417.916666666666,
TLE3,South Yorkshire,2023,887200.0,661000.0,636400.0,24600.0,226200.0,36885.833333333336,
TLE4,West Yorkshire,2023,1460600.0,1121400.0,1074700.0,46700.0,339200.0,69492.08333333333,
TLF1,Derbyshire and Nottinghamshire,2023,1375700.0,1062600.0,1026900.0,35700.0,313100.0,48570.416666666664,
TLF2,"Leicestershire, Rutland and Northamptonshire",2023,1147200.0,922600.0,885200.0,37400.0,224600.0,38022.916666666664,
TLF3,Lincolnshire,2023,444000.0,341000.0,326900.0,14100.0,103000.0,13987.083333333334,
TLG1,"Herefordshire, Worcestershire and Warwickshire",2023,802800.0,662300.0,647600.0,14700.0,140500.0,23035.0,
TLG2,Shropshire and Staffordshire,2023,978000.0,799200.0,780400.0,18800.0,178800.0,32012.916666666668,
TLG3,West Midlands,2023,1865100.0,1409600.0,1314600.0,95000.0,455500.0,123227.91666666667,
TLH2,Bedfordshire and Hertfordshire,2023,1187000.0,961900.0,927100.0,34800.0,225100.0,35992.916666666664,
TLH3,Essex,2023,1130600.0,900700.0,867900.0,32800.0,229900.0,34837.5,
TLH4,Cambridgeshire and Peterborough,2023,529600.0,438900.0,420600.0,18300.0,90700.0,16299.583333333334,
TLH5,Norfolk,2023,528300.0,419100.0,402400.0,16700.0,109200.0,14932.5,
TLH6,Suffolk,2023,440400.0,353000.0,339800.0,13200.0,87400.0,12328.75,
TLI3,Inner London - West,2023,824800.0,642300.0,611000.0,31300.0,182500.0,30135.0,
TLI4,Inner London - East,2023,1803900.0,1413700.0,1343600.0,70100.0,390200.0,97472.08333333333,
TLI5,Outer London - East and North East,2023,1292500.0,998900.0,960800.0,38100.0,293600.0,63477.083333333336,
TLI6,Outer London - South,2023,868700.0,715200.0,675000.0,40200.0,153500.0,33015.0,
TLI7,Outer London - West and North West,2023,1379300.0,1079600.0,1009300.0,70300.0,299700.0,65747.91666666667,
TLJ1,"Berkshire, Buckinghamshire and Oxfordshire",2023,1502600.0,1261300.0,1225400.0,35900.0,241300.0,41639.583333333336,
TLJ2,"Surrey, East and West Sussex",2023,1770700.0,1434700.0,1395700.0,39000.0,336000.0,47735.0,
TLJ3,Hampshire and Isle of Wight,2023,1221200.0,1007200.0,979100.0,28100.0,214000.0,34633.75,
TLJ4,Kent,2023,1134000.0,896700.0,862700.0,34000.0,237300.0,38180.833333333336,
TLK3,Cornwall and Isles of Scilly,2023,333800.0,259000.0,254000.0,5000.0,74800.0,9170.833333333334,
TLK4,Devon,2023,694800.0,547600.0,536900.0,10700.0,147200.0,17440.416666666668,
TLK5,West of England,2023,621900.0,507700.0,491400.0,16300.0,114200.0,16377.083333333334,
TLK6,"North Somerset, Somerset and Dorset",2023,893800.0,728000.0,706100.0,21900.0,165800.0,23665.416666666668,
TLK7,Gloucestershire and Wiltshire,2023,817700.0,677800.0,662000.0,15800.0,139900.0,19724.583333333332,
TLL3,North Wales,2023,413500.0,327800.0,318600.0,9200.0,85700.0,12779.583333333334,
TLL4,Mid and South West Wales,2023,543200.0,413700.0,398400.0,15300.0,129500.0,15857.083333333334,
TLL5,South East Wales,2023,960000.0,734900.0,702700.0,32200.0,225100.0,33187.5,
TLM0,Eastern Scotland,2023,573900.0,439400.0,420300.0,19100.0,134500.0,18800.416666666668,
TLM1,East Central Scotland,2023,696700.0,576000.0,553500.0,22500.0,120700.0,17565.833333333332,
TLM2,Highlands and Islands,2023,297000.0,227600.0,222300.0,5300.0,69400.0,6733.333333333333,
TLM3,West Central Scotland,2023,987600.0,736600.0,711800.0,24800.0,251000.0,38841.666666666664,
TLM5,North Eastern Scotland,2023,328400.0,269400.0,261500.0,7900.0,59000.0,7811.666666666667,
TLM9,Southern Scotland,2023,570400.0,427800.0,412700.0,15100.0,142600.0,19724.583333333332,
TLN0,Northern Ireland,2023,1172700.0,882800.0,863100.0,19700.0,289900.0,36227.5,
TLC3,Tees Valley,2024,410000.0,306300.0,291800.0,14500.0,103700.0,19323.75,
TLC4,"Northumberland, Durham and Tyne & Wear",2024,1231200.0,905600.0,864600.0,41000.0,325600.0,48107.916666666664,
TLD1,Cumbria,2024,288100.0,230300.0,224400.0,5900.0,57800.0,7047.083333333333,
TLD3,Greater Manchester,2024,1809500.0,1353500.0,1285200.0,68300.0,456000.0,97138.75,
TLD4,Lancashire,2024,900200.0,702900.0,677400.0,25500.0,197300.0,41333.75,
TLD6,Cheshire,2024,563200.0,457300.0,446400.0,10900.0,105900.0,15017.5,
TLD7,Merseyside,2024,971000.0,720000.0,685500.0,34500.0,251000.0,45828.75,
TLE1,East Yorkshire and Northern Lincolnshire,2024,560900.0,432400.0,415900.0,16500.0,128500.0,23624.583333333332,
TLE2,North Yorkshire,2024,487800.0,393200.0,386200.0,7000.0,94600.0,10165.416666666666,
TLE3,South Yorkshire,2024,890800.0,666800.0,646300.0,20500.0,224000.0,38950.416666666664,
TLE4,West Yorkshire,2024,1466400.0,1081200.0,1048900.0,32300.0,385200.0,79059.58333333333,
TLF1,Derbyshire and Nottinghamshire,2024,1380700.0,1110700.0,1050800.0,59900.0,270000.0,53005.0,
TLF2,"Leicestershire, Rutland and Northamptonshire",2024,1151800.0,914100.0,877400.0,36700.0,237700.0,41872.083333333336,
TLF3,Lincolnshire,2024,446400.0,331800.0,319600.0,12200.0,114600.0,14489.583333333334,
TLG1,"Herefordshire, Worcestershire and Warwickshire",2024,805300.0,668200.0,652600.0,15600.0,137100.0,24495.416666666668,
TLG2,Shropshire and Staffordshire,2024,980700.0,774200.0,753500.0,20700.0,206500.0,34703.333333333336,
TLG3,West Midlands,2024,1872900.0,1392300.0,1302300.0,90000.0,480600.0,137437.5,
TLH2,Bedfordshire and Hertfordshire,2024,1189400.0,964600.0,931400.0,33200.0,224800.0,41319.166666666664,
TLH3,Essex,2024,1134800.0,906900.0,876500.0,30400.0,227900.0,38330.416666666664,
TLH4,Cambridgeshire and Peterborough,2024,531000.0,423900.0,408700.0,15200.0,107100.0,18030.0,
TLH5,Norfolk,2024,531300.0,420200.0,400200.0,20000.0,111100.0,16264.583333333334,
TLH6,Suffolk,2024,442100.0,356100.0,342200.0,13900.0,86000.0,13096.666666666666,
TLI3,Inner London - West,2024,835700.0,651500.0,622000.0,29500.0,184200.0,33040.0,
TLI4,Inner London - East,2024,1805500.0,1459000.0,1371400.0,87600.0,346500.0,111190.83333333333,
TLI5,Outer London - East and North East,2024,1301000.0,1027400.0,975000.0,52400.0,273600.0,72941.25,
TLI6,Outer London - South,2024,868800.0,707100.0,678900.0,28200.0,161700.0,36929.166666666664,
TLI7,Outer London - West and North West,2024,1387900.0,1083100.0,1043900.0,39200.0,304800.0,75915.83333333333,
TLJ1,"Berkshire, Buckinghamshire and Oxfordshire",2024,1510400.0,1257500.0,1215600.0,41900.0,252900.0,47682.916666666664,
TLJ2,"Surrey, East and West Sussex",2024,1777600.0,1437400.0,1384800.0,52600.0,340200.0,51322.5,
TLJ3,Hampshire and Isle of Wight,2024,1226300.0,993000.0,963100.0,29900.0,233300.0,37716.666666666664,
TLJ4,Kent,2024,1138700.0,903600.0,866500.0,37100.0,235100.0,40471.666666666664,
TLK3,Cornwall and Isles of Scilly,2024,330000.0,261100.0,252100.0,9000.0,68900.0,10128.75,
TLK4,Devon,2024,702700.0,555500.0,536600.0,18900.0,147200.0,19259.583333333332,
TLK5,West of England,2024,625600.0,514900.0,497900.0,17000.0,110700.0,17972.5,
TLK6,"North Somerset, Somerset and Dorset",2024,896000.0,714400.0,693000.0,21400.0,181600.0,25945.0,
TLK7,Gloucestershire and Wiltshire,2024,821000.0,688400.0,664900.0,23500.0,132600.0,22399.166666666668,
TLL3,North Wales,2024,415100.0,325400.0,314900.0,10500.0,89700.0,13227.916666666666,
TLL4,Mid and South West Wales,2024,544900.0,401900.0,389500.0,12400.0,143000.0,17050.416666666668,
TLL5,South East Wales,2024,964900.0,722300.0,697100.0,25200.0,242600.0,34882.5,
TLM0,Eastern Scotland,2024,587400.0,450900.0,428200.0,22700.0,136500.0,18168.75,
TLM1,East Central Scotland,2024,706300.0,570900.0,553100.0,17800.0,135400.0,18007.083333333332,
TLM2,Highlands and Islands,2024,284000.0,228200.0,224200.0,4000.0,55800.0,6640.416666666667,S12000023
TLM3,West Central Scotland,2024,988600.0,716900.0,695700.0,21200.0,271700.0,39383.75,
TLM5,North Eastern Scotland,2024,326000.0,260300.0,252000.0,8300.0,65700.0,7760.833333333333,
TLM9,Southern Scotland,2024,574600.0,434300.0,419800.0,14500.0,140300.0,19205.416666666668,
TLN0,Northern Ireland,2024,1177400.0,891100.0,875000.0,16100.0,286300.0,38780.416666666664,
TLC3,Tees Valley,2025,413100.0,306100.0,288900.0,17200.0,107000.0,17974.166666666668,
TLC4,"Northumberland, Durham and Tyne & Wear",2025,1235300.0,918600.0,878200.0,40400.0,316700.0,45267.083333333336,
TLD1,Cumbria,2025,289200.0,233600.0,227700.0,5900.0,55600.0,6530.833333333333,
TLD3,Greater Manchester,2025,1817600.0,1377800.0,1313700.0,64100.0,439800.0,93772.5,
TLD4,Lancashire,2025,904000.0,700400.0,675100.0,25300.0,203600.0,39110.0,
TLD6,Cheshire,2025,567400.0,463400.0,443200.0,20200.0,104000.0,14753.75,
TLD7,Merseyside,2025,973300.0,744500.0,707500.0,37000.0,228800.0,44720.833333333336,
TLE1,East Yorkshire and Northern Lincolnshire,2025,563400.0,430300.0,405200.0,25100.0,133100.0,22076.666666666668,
TLE2,North Yorkshire,2025,489900.0,388700.0,381900.0,6800.0,101200.0,9844.583333333334,
TLE3,South Yorkshire,2025,894700.0,675500.0,648100.0,27400.0,219200.0,36680.833333333336,
TLE4,West Yorkshire,2025,1472900.0,1134500.0,1069600.0,64900.0,338400.0,76635.41666666667,
TLF1,Derbyshire and Nottinghamshire,2025,1386800.0,1076700.0,1025300.0,51400.0,310100.0,51856.25,
TLF2,"Leicestershire, Rutland and Northamptonshire",2025,1156800.0,921100.0,879800.0,41300.0,235700.0,42590.0,
TLF3,Lincolnshire,2025,448700.0,353900.0,344200.0,9700.0,94800.0,14352.083333333334,
TLG1,"Herefordshire, Worcestershire and Warwickshire",2025,809500.0,669100.0,639900.0,29200.0,140400.0,24506.666666666668,
TLG2,Shropshire and Staffordshire,2025,985200.0,796600.0,763700.0,32900.0,188600.0,33693.333333333336,
TLG3,West Midlands,2025,1880600.0,1408100.0,1300800.0,107300.0,472500.0,143249.58333333334,
TLH2,Bedfordshire and Hertfordshire,2025,1194800.0,983500.0,940000.0,43500.0,211300.0,43820.833333333336,
TLH3,Essex,2025,1140000.0,931400.0,888700.0,42700.0,208600.0,38353.75,
TLH4,Cambridgeshire and Peterborough,2025,534000.0,441000.0,425300.0,15700.0,93000.0,18002.5,
TLH5,Norfolk,2025,532800.0,425500.0,407700.0,17800.0,107300.0,16166.666666666666,
TLH6,Suffolk,2025,444000.0,363900.0,354100.0,9800.0,80100.0,12833.75,
TLI3,Inner London - West,2025,846500.0,666100.0,638000.0,28100.0,180400.0,34962.5,
TLI4,Inner London - East,2025,1807100.0,1441300.0,1341900.0,99400.0,365800.0,118983.75,
TLI5,Outer London - East and North East,2025,1304900.0,1036300.0,967000.0,69300.0,268600.0,77609.58333333333,
TLI6,Outer London - South,2025,874900.0,717200.0,682800.0,34400.0,157700.0,39640.833333333336,
TLI7,Outer London - West and North West,2025,1393900.0,1112500.0,1033100.0,79400.0,281400.0,81703.75,
TLJ1,"Berkshire, Buckinghamshire and Oxfordshire",2025,1517100.0,1277700.0,1230200.0,47500.0,239400.0,50581.25,
TLJ2,"Surrey, East and West Sussex",2025,1785300.0,1481600.0,1429000.0,52600.0,303700.0,53185.0,
TLJ3,Hampshire and Isle of Wight,2025,1231200.0,1001700.0,968700.0,33000.0,229500.0,37742.5,
TLJ4,Kent,2025,1143700.0,890700.0,853200.0,37500.0,253000.0,39891.666666666664,
TLK3,Cornwall and Isles of Scilly,2025,330100.0,267600.0,259400.0,8200.0,62500.0,10251.666666666666,
TLK4,Devon,2025,706800.0,571900.0,556200.0,15700.0,134900.0,19605.0,
TLK5,West of England,2025,625100.0,519900.0,499700.0,20200.0,105200.0,18732.083333333332,
TLK6,"North Somerset, Somerset and Dorset",2025,903200.0,739500.0,710100.0,29400.0,163700.0,25200.0,
TLK7,Gloucestershire and Wiltshire,2025,824500.0,686900.0,669700.0,17200.0,137600.0,22525.0,
TLL3,North Wales,2025,417700.0,323200.0,308700.0,14500.0,94500.0,12984.583333333334,
TLL4,Mid and South West Wales,2025,548100.0,414100.0,389900.0,24200.0,134000.0,16518.333333333332,
TLL5,South East Wales,2025,969500.0,732700.0,703800.0,28900.0,236800.0,34092.083333333336,
TLM0,Eastern Scotland,2025,590100.0,450400.0,430400.0,20000.0,139700.0,17360.833333333332,
TLM1,East Central Scotland,2025,710300.0,590900.0,579300.0,11600.0,119400.0,17867.083333333332,
TLM2,Highlands and Islands,2025,282200.0,216000.0,209600.0,6400.0,66200.0,6420.833333333333,
TLM3,West Central Scotland,2025,996400.0,742800.0,706000.0,36800.0,253600.0,36970.0,
TLM5,North Eastern Scotland,2025,328100.0,261200.0,251300.0,9900.0,66900.0,8082.916666666667,
TLM9,Southern Scotland,2025,575300.0,442900.0,425700.0,17200.0,132400.0,17573.333333333332,
TLN0,Northern Ireland,2025,1182600.0,897200.0,878100.0,19100.0,285400.0,37119.583333333336,
