itl2_code,itl2_name,year,population,land_area_km2,small_area_type,area_density,pop_weighted_density,pwd_to_area_density
TLC3,Tees Valley,2011,663028,795.0735,LSOA 2021 (E&W),833.9204,3807.2509,4.5655
TLC4,"Northumberland, Durham and Tyne & Wear",2011,1933413,7785.8652,LSOA 2021 (E&W),248.3235,3354.1828,13.5073
TLD1,Cumbria,2011,499817,6767.9885,LSOA 2021 (E&W),73.8502,1935.2650,26.2053
TLD3,Greater Manchester,2011,2685386,1276.0365,LSOA 2021 (E&W),2104.4743,4488.2323,2.1327
TLD4,Lancashire,2011,1461295,3065.8012,LSOA 2021 (E&W),476.6438,3387.8427,7.1077
TLD6,Cheshire,2011,902971,2266.9744,LSOA 2021 (E&W),398.3155,2697.7840,6.7730
TLD7,Merseyside,2011,1506492,731.2918,LSOA 2021 (E&W),2060.0422,4653.4219,2.2589
TLE1,East Yorkshire and Northern Lincolnshire,2011,918047,3514.3348,LSOA 2021 (E&W),261.2292,3273.1011,12.5296
TLE2,North Yorkshire,2011,798989,8309.2793,LSOA 2021 (E&W),96.1562,2186.7129,22.7413
TLE3,South Yorkshire,2011,1343805,1551.5320,LSOA 2021 (E&W),866.1149,3509.5109,4.0520
TLE4,West Yorkshire,2011,2227371,2029.2777,LSOA 2021 (E&W),1097.6176,3784.5219,3.4479
TLF1,Derbyshire and Nottinghamshire,2011,2110326,4784.1166,LSOA 2021 (E&W),441.1109,3186.8131,7.2245
TLF2,"Leicestershire, Rutland and Northamptonshire",2011,1712354,4902.0639,LSOA 2021 (E&W),349.3129,3478.1024,9.9570
TLF3,Lincolnshire,2011,714768,5937.3134,LSOA 2021 (E&W),120.3858,1645.9827,13.6726
TLG1,"Herefordshire, Worcestershire and Warwickshire",2011,1296730,5895.3401,LSOA 2021 (E&W),219.9585,2378.8848,10.8152
TLG2,Shropshire and Staffordshire,2011,1572204,6201.3592,LSOA 2021 (E&W),253.5257,2542.5414,10.0287
TLG3,West Midlands,2011,2739733,901.6408,LSOA 2021 (E&W),3038.6081,5024.5135,1.6536
TLH2,Bedfordshire and Hertfordshire,2011,1736949,2878.5086,LSOA 2021 (E&W),603.4198,3602.4629,5.9701
TLH3,Essex,2011,1729141,3663.9290,LSOA 2021 (E&W),471.9363,3267.7946,6.9242
TLH4,Cambridgeshire and Peterborough,2011,806769,3389.6180,LSOA 2021 (E&W),238.0118,2457.1957,10.3238
TLH5,Norfolk,2011,859426,5383.5845,LSOA 2021 (E&W),159.6382,1949.6079,12.2127
TLH6,Suffolk,2011,730133,3799.9709,LSOA 2021 (E&W),192.1417,2245.8409,11.6885
TLI3,Inner London - West,2011,1095487,108.9495,LSOA 2021 (E&W),10054.9980,14761.4735,1.4681
TLI4,Inner London - East,2011,2145615,210.3398,LSOA 2021 (E&W),10200.7086,13518.7118,1.3253
TLI5,Outer London - East and North East,2011,1768285,432.3414,LSOA 2021 (E&W),4090.0201,7452.4667,1.8221
TLI6,Outer London - South,2011,1227471,355.3808,LSOA 2021 (E&W),3453.9598,6320.0409,1.8298
TLI7,Outer London - West and North West,2011,1967549,465.0519,LSOA 2021 (E&W),4230.8160,7123.0851,1.6836
TLJ1,"Berkshire, Buckinghamshire and Oxfordshire",2011,2275173,5740.4568,LSOA 2021 (E&W),396.3401,3104.0174,7.8317
TLJ2,"Surrey, East and West Sussex",2011,2744447,5445.0195,LSOA 2021 (E&W),504.0289,3488.4201,6.9211
TLJ3,Hampshire and Isle of Wight,2011,1901813,4148.2886,LSOA 2021 (E&W),458.4573,3944.1730,8.6031
TLJ4,Kent,2011,1731351,3738.1166,LSOA 2021 (E&W),463.1613,3356.4089,7.2467
TLK3,Cornwall and Isles of Scilly,2011,535984,3561.7789,LSOA 2021 (E&W),150.4821,1536.5021,10.2105
TLK4,Devon,2011,1135491,6706.5580,LSOA 2021 (E&W),169.3105,2967.2728,17.5256
TLK5,West of England,2011,867029,952.5943,LSOA 2021 (E&W),910.1766,4749.6379,5.2184
TLK6,"North Somerset, Somerset and Dorset",2011,1480010,6477.0125,LSOA 2021 (E&W),228.5020,2672.2002,11.6944
TLK7,Gloucestershire and Wiltshire,2011,1282317,6137.9746,LSOA 2021 (E&W),208.9153,2544.6932,12.1805
TLL3,North Wales,2011,688417,6153.5227,LSOA 2021 (E&W),111.8736,1432.9826,12.8089
TLL4,Mid and South West Wales,2011,893509,11773.0830,LSOA 2021 (E&W),75.8942,1588.9854,20.9368
TLL5,South East Wales,2011,1481832,2809.8713,LSOA 2021 (E&W),527.3665,3076.1620,5.8331
TLM0,Eastern Scotland,2011,917380,11197.3902,Data Zone 2022 (Scotland),81.9280,3212.2122,39.2077
TLM1,East Central Scotland,2011,992860,2021.1836,Data Zone 2022 (Scotland),491.2270,5639.7418,11.4809
TLM2,Highlands and Islands,2011,487480,40312.4284,Data Zone 2022 (Scotland),12.0925,1655.1304,136.8719
TLM3,West Central Scotland,2011,1473120,1574.0540,Data Zone 2022 (Scotland),935.8764,5292.9760,5.6556
TLM5,North Eastern Scotland,2011,476110,6498.1991,Data Zone 2022 (Scotland),73.2680,3602.5792,49.1699
TLM9,Southern Scotland,2011,952950,16299.0907,Data Zone 2022 (Scotland),58.4665,3031.5984,51.8519
TLC3,Tees Valley,2012,664161,795.0735,LSOA 2021 (E&W),835.3454,3803.8242,4.5536
TLC4,"Northumberland, Durham and Tyne & Wear",2012,1934811,7785.8652,LSOA 2021 (E&W),248.5030,3356.3228,13.5062
TLD1,Cumbria,2012,498835,6767.9885,LSOA 2021 (E&W),73.7051,1927.3237,26.1491
TLD3,Greater Manchester,2012,2700093,1276.0365,LSOA 2021 (E&W),2115.9998,4506.7654,2.1299
TLD4,Lancashire,2012,1465418,3065.8012,LSOA 2021 (E&W),477.9886,3394.1860,7.1010
TLD6,Cheshire,2012,907646,2266.9744,LSOA 2021 (E&W),400.3777,2713.3942,6.7771
TLD7,Merseyside,2012,1507352,731.2918,LSOA 2021 (E&W),2061.2182,4653.8340,2.2578
TLE1,East Yorkshire and Northern Lincolnshire,2012,920439,3514.3348,LSOA 2021 (E&W),261.9099,3265.0457,12.4663
TLE2,North Yorkshire,2012,803120,8309.2793,LSOA 2021 (E&W),96.6534,2202.3593,22.7862
TLE3,South Yorkshire,2012,1348437,1551.5320,LSOA 2021 (E&W),869.1003,3532.0462,4.0640
TLE4,West Yorkshire,2012,2241490,2029.2777,LSOA 2021 (E&W),1104.5753,3824.5460,3.4625
TLF1,Derbyshire and Nottinghamshire,2012,2121441,4784.1166,LSOA 2021 (E&W),443.4342,3219.9472,7.2614
TLF2,"Leicestershire, Rutland and Northamptonshire",2012,1729454,4902.0639,LSOA 2021 (E&W),352.8012,3522.7714,9.9851
TLF3,Lincolnshire,2012,719807,5937.3134,LSOA 2021 (E&W),121.2345,1681.2649,13.8679
TLG1,"Herefordshire, Worcestershire and Warwickshire",2012,1304603,5895.3401,LSOA 2021 (E&W),221.2939,2399.8421,10.8446
TLG2,Shropshire and Staffordshire,2012,1576889,6201.3592,LSOA 2021 (E&W),254.2812,2542.0281,9.9969
TLG3,West Midlands,2012,2758833,901.6408,LSOA 2021 (E&W),3059.7917,5067.5341,1.6562
TLH2,Bedfordshire and Hertfordshire,2012,1757277,2878.5086,LSOA 2021 (E&W),610.4818,3646.0006,5.9723
TLH3,Essex,2012,1742829,3663.9290,LSOA 2021 (E&W),475.6722,3294.1275,6.9252
TLH4,Cambridgeshire and Peterborough,2012,817454,3389.6180,LSOA 2021 (E&W),241.1640,2501.1156,10.3710
TLH5,Norfolk,2012,864776,5383.5845,LSOA 2021 (E&W),160.6320,1974.4463,12.2917
TLH6,Suffolk,2012,732697,3799.9709,LSOA 2021 (E&W),192.8165,2269.5480,11.7705
TLI3,Inner London - West,2012,1100641,108.9495,LSOA 2021 (E&W),10102.3043,14854.8378,1.4704
TLI4,Inner London - East,2012,2179491,210.3398,LSOA 2021 (E&W),10361.7623,13750.7996,1.3271
TLI5,Outer London - East and North East,2012,1792986,432.3414,LSOA 2021 (E&W),4147.1532,7577.0638,1.8271
TLI6,Outer London - South,2012,1245990,355.3808,LSOA 2021 (E&W),3506.0701,6417.8360,1.8305
TLI7,Outer London - West and North West,2012,2001659,465.0519,LSOA 2021 (E&W),4304.1626,7247.6517,1.6839
TLJ1,"Berkshire, Buckinghamshire and Oxfordshire",2012,2304463,5740.4568,LSOA 2021 (E&W),401.4424,3154.0098,7.8567
TLJ2,"Surrey, East and West Sussex",2012,2766941,5445.0195,LSOA 2021 (E&W),508.1600,3512.0644,6.9113
TLJ3,Hampshire and Isle of Wight,2012,1914030,4148.2886,LSOA 2021 (E&W),461.4023,3969.0252,8.6021
TLJ4,Kent,2012,1746406,3738.1166,LSOA 2021 (E&W),467.1887,3395.4078,7.2677
TLK3,Cornwall and Isles of Scilly,2012,539660,3561.7789,LSOA 2021 (E&W),151.5142,1547.3930,10.2129
TLK4,Devon,2012,1140828,6706.5580,LSOA 2021 (E&W),170.1063,2958.0527,17.3894
TLK5,West of England,2012,875603,952.5943,LSOA 2021 (E&W),919.1772,4805.3427,5.2279
TLK6,"North Somerset, Somerset and Dorset",2012,1489344,6477.0125,LSOA 2021 (E&W),229.9430,2696.6470,11.7275
TLK7,Gloucestershire and Wiltshire,2012,1290908,6137.9746,LSOA 2021 (E&W),210.3150,2572.9254,12.2337
TLL3,North Wales,2012,689203,6153.5227,LSOA 2021 (E&W),112.0014,1435.6365,12.8180
TLL4,Mid and South West Wales,2012,895079,11773.0830,LSOA 2021 (E&W),76.0276,1591.2566,20.9300
TLL5,South East Wales,2012,1486646,2809.8713,LSOA 2021 (E&W),529.0797,3098.1462,5.8557
TLM0,Eastern Scotland,2012,918690,11197.3902,Data Zone 2022 (Scotland),82.0450,3216.0303,39.1984
TLM1,East Central Scotland,2012,997950,2021.1836,Data Zone 2022 (Scotland),493.7454,5657.8998,11.4591
TLM2,Highlands and Islands,2012,485130,40312.4284,Data Zone 2022 (Scotland),12.0343,1632.2894,135.6369
TLM3,West Central Scotland,2012,1474110,1574.0540,Data Zone 2022 (Scotland),936.5054,5285.8128,5.6442
TLM5,North Eastern Scotland,2012,479790,6498.1991,Data Zone 2022 (Scotland),73.8343,3614.9542,48.9604
TLM9,Southern Scotland,2012,952530,16299.0907,Data Zone 2022 (Scotland),58.4407,3023.7634,51.7407
TLC3,Tees Valley,2013,665405,795.0735,LSOA 2021 (E&W),836.9100,3801.8084,4.5427
TLC4,"Northumberland, Durham and Tyne & Wear",2013,1937894,7785.8652,LSOA 2021 (E&W),248.8990,3357.3802,13.4889
TLD1,Cumbria,2013,498080,6767.9885,LSOA 2021 (E&W),73.5935,1930.7156,26.2349
TLD3,Greater Manchester,2013,2714958,1276.0365,LSOA 2021 (E&W),2127.6492,4527.8823,2.1281
TLD4,Lancashire,2013,1470467,3065.8012,LSOA 2021 (E&W),479.6355,3396.8814,7.0822
TLD6,Cheshire,2013,913337,2266.9744,LSOA 2021 (E&W),402.8881,2734.2456,6.7866
TLD7,Merseyside,2013,1508304,731.2918,LSOA 2021 (E&W),2062.5201,4654.2230,2.2566
TLE1,East Yorkshire and Northern Lincolnshire,2013,921431,3514.3348,LSOA 2021 (E&W),262.1922,3265.7661,12.4556
TLE2,North Yorkshire,2013,805319,8309.2793,LSOA 2021 (E&W),96.9180,2204.3431,22.7444
TLE3,South Yorkshire,2013,1352510,1551.5320,LSOA 2021 (E&W),871.7255,3535.8327,4.0561
TLE4,West Yorkshire,2013,2255832,2029.2777,LSOA 2021 (E&W),1111.6428,3844.6455,3.4585
TLF1,Derbyshire and Nottinghamshire,2013,2131614,4784.1166,LSOA 2021 (E&W),445.5606,3226.9051,7.2423
TLF2,"Leicestershire, Rutland and Northamptonshire",2013,1747053,4902.0639,LSOA 2021 (E&W),356.3913,3561.4239,9.9930
TLF3,Lincolnshire,2013,725901,5937.3134,LSOA 2021 (E&W),122.2609,1705.9177,13.9531
TLG1,"Herefordshire, Worcestershire and Warwickshire",2013,1311796,5895.3401,LSOA 2021 (E&W),222.5140,2413.0050,10.8443
TLG2,Shropshire and Staffordshire,2013,1583336,6201.3592,LSOA 2021 (E&W),255.3208,2543.7165,9.9628
TLG3,West Midlands,2013,2781813,901.6408,LSOA 2021 (E&W),3085.2785,5114.1536,1.6576
TLH2,Bedfordshire and Hertfordshire,2013,1780402,2878.5086,LSOA 2021 (E&W),618.5154,3702.1518,5.9855
TLH3,Essex,2013,1756952,3663.9290,LSOA 2021 (E&W),479.5268,3321.3968,6.9264
TLH4,Cambridgeshire and Peterborough,2013,827484,3389.6180,LSOA 2021 (E&W),244.1231,2542.5459,10.4150
TLH5,Norfolk,2013,870771,5383.5845,LSOA 2021 (E&W),161.7456,2001.8103,12.3763
TLH6,Suffolk,2013,734875,3799.9709,LSOA 2021 (E&W),193.3896,2290.0147,11.8415
TLI3,Inner London - West,2013,1104481,108.9495,LSOA 2021 (E&W),10137.5500,14920.6896,1.4718
TLI4,Inner London - East,2013,2218849,210.3398,LSOA 2021 (E&W),10548.8785,14015.4452,1.3286
TLI5,Outer London - East and North East,2013,1818652,432.3414,LSOA 2021 (E&W),4206.5183,7661.4740,1.8213
TLI6,Outer London - South,2013,1262477,355.3808,LSOA 2021 (E&W),3552.4626,6524.9993,1.8368
TLI7,Outer London - West and North West,2013,2034528,465.0519,LSOA 2021 (E&W),4374.8407,7374.8659,1.6857
TLJ1,"Berkshire, Buckinghamshire and Oxfordshire",2013,2334187,5740.4568,LSOA 2021 (E&W),406.6204,3198.9149,7.8671
TLJ2,"Surrey, East and West Sussex",2013,2790609,5445.0195,LSOA 2021 (E&W),512.5067,3540.9873,6.9092
TLJ3,Hampshire and Isle of Wight,2013,1923481,4148.2886,LSOA 2021 (E&W),463.6806,3983.4880,8.5910
TLJ4,Kent,2013,1761105,3738.1166,LSOA 2021 (E&W),471.1209,3414.2274,7.2470
TLK3,Cornwall and Isles of Scilly,2013,542275,3561.7789,LSOA 2021 (E&W),152.2484,1567.0984,10.2930
TLK4,Devon,2013,1146900,6706.5580,LSOA 2021 (E&W),171.0117,2990.1632,17.4851
TLK5,West of England,2013,885894,952.5943,LSOA 2021 (E&W),929.9804,4870.7748,5.2375
TLK6,"North Somerset, Somerset and Dorset",2013,1499002,6477.0125,LSOA 2021 (E&W),231.4342,2725.8489,11.7781
TLK7,Gloucestershire and Wiltshire,2013,1300712,6137.9746,LSOA 2021 (E&W),211.9122,2606.4458,12.2996
TLL3,North Wales,2013,688741,6153.5227,LSOA 2021 (E&W),111.9263,1443.5680,12.8975
TLL4,Mid and South West Wales,2013,893690,11773.0830,LSOA 2021 (E&W),75.9096,1602.9610,21.1167
TLL5,South East Wales,2013,1488627,2809.8713,LSOA 2021 (E&W),529.7848,3114.5948,5.8790
TLM0,Eastern Scotland,2013,918780,11197.3902,Data Zone 2022 (Scotland),82.0530,3219.3574,39.2351
TLM1,East Central Scotland,2013,1001730,2021.1836,Data Zone 2022 (Scotland),495.6155,5637.3283,11.3744
TLM2,Highlands and Islands,2013,487530,40312.4284,Data Zone 2022 (Scotland),12.0938,1632.7583,135.0080
TLM3,West Central Scotland,2013,1473170,1574.0540,Data Zone 2022 (Scotland),935.9082,5266.4092,5.6271
TLM5,North Eastern Scotland,2013,483390,6498.1991,Data Zone 2022 (Scotland),74.3883,3607.6809,48.4980
TLM9,Southern Scotland,2013,952200,16299.0907,Data Zone 2022 (Scotland),58.4204,3018.1167,51.6620
TLC3,Tees Valley,2014,667432,795.0735,LSOA 2021 (E&W),839.4595,3796.5997,4.5227
TLC4,"Northumberland, Durham and Tyne & Wear",2014,1943050,7785.8652,LSOA 2021 (E&W),249.5612,3365.6371,13.4862
TLD1,Cumbria,2014,498303,6767.9885,LSOA 2021 (E&W),73.6265,1922.7887,26.1155
TLD3,Greater Manchester,2014,2733895,1276.0365,LSOA 2021 (E&W),2142.4897,4564.9791,2.1307
TLD4,Lancashire,2014,1475344,3065.8012,LSOA 2021 (E&W),481.2262,3401.2740,7.0679
TLD6,Cheshire,2014,921067,2266.9744,LSOA 2021 (E&W),406.2979,2756.6655,6.7848
TLD7,Merseyside,2014,1512487,731.2918,LSOA 2021 (E&W),2068.2401,4640.5566,2.2437
TLE1,East Yorkshire and Northern Lincolnshire,2014,924757,3514.3348,LSOA 2021 (E&W),263.1386,3272.7040,12.4372
TLE2,North Yorkshire,2014,805878,8309.2793,LSOA 2021 (E&W),96.9853,2212.1475,22.8091
TLE3,South Yorkshire,2014,1356290,1551.5320,LSOA 2021 (E&W),874.1618,3535.3953,4.0443
TLE4,West Yorkshire,2014,2269503,2029.2777,LSOA 2021 (E&W),1118.3797,3863.0271,3.4541
TLF1,Derbyshire and Nottinghamshire,2014,2141352,4784.1166,LSOA 2021 (E&W),447.5961,3248.8695,7.2585
TLF2,"Leicestershire, Rutland and Northamptonshire",2014,1768296,4902.0639,LSOA 2021 (E&W),360.7248,3602.9954,9.9882
TLF3,Lincolnshire,2014,732981,5937.3134,LSOA 2021 (E&W),123.4533,1731.1605,14.0228
TLG1,"Herefordshire, Worcestershire and Warwickshire",2014,1321709,5895.3401,LSOA 2021 (E&W),224.1955,2423.3958,10.8093
TLG2,Shropshire and Staffordshire,2014,1589753,6201.3592,LSOA 2021 (E&W),256.3556,2553.5351,9.9609
TLG3,West Midlands,2014,2805420,901.6408,LSOA 2021 (E&W),3111.4608,5153.4974,1.6563
TLH2,Bedfordshire and Hertfordshire,2014,1803992,2878.5086,LSOA 2021 (E&W),626.7107,3754.1272,5.9902
TLH3,Essex,2014,1779577,3663.9290,LSOA 2021 (E&W),485.7018,3357.5614,6.9128
TLH4,Cambridgeshire and Peterborough,2014,838791,3389.6180,LSOA 2021 (E&W),247.4589,2585.7202,10.4491
TLH5,Norfolk,2014,876986,5383.5845,LSOA 2021 (E&W),162.9000,2016.8723,12.3810
TLH6,Suffolk,2014,740175,3799.9709,LSOA 2021 (E&W),194.7844,2307.4790,11.8463
TLI3,Inner London - West,2014,1105738,108.9495,LSOA 2021 (E&W),10149.0874,14938.1147,1.4719
TLI4,Inner London - East,2014,2251633,210.3398,LSOA 2021 (E&W),10704.7406,14221.0358,1.3285
TLI5,Outer London - East and North East,2014,1848215,432.3414,LSOA 2021 (E&W),4274.8971,7790.7329,1.8224
TLI6,Outer London - South,2014,1276004,355.3808,LSOA 2021 (E&W),3590.5260,6588.7762,1.8350
TLI7,Outer London - West and North West,2014,2065602,465.0519,LSOA 2021 (E&W),4441.6591,7495.3315,1.6875
TLJ1,"Berkshire, Buckinghamshire and Oxfordshire",2014,2362949,5740.4568,LSOA 2021 (E&W),411.6308,3243.2483,7.8790
TLJ2,"Surrey, East and West Sussex",2014,2814540,5445.0195,LSOA 2021 (E&W),516.9017,3561.2634,6.8896
TLJ3,Hampshire and Isle of Wight,2014,1936277,4148.2886,LSOA 2021 (E&W),466.7653,4000.0029,8.5696
TLJ4,Kent,2014,1780164,3738.1166,LSOA 2021 (E&W),476.2195,3468.2555,7.2829
TLK3,Cornwall and Isles of Scilly,2014,545966,3561.7789,LSOA 2021 (E&W),153.2846,1580.2042,10.3090
TLK4,Devon,2014,1156431,6706.5580,LSOA 2021 (E&W),172.4329,3005.4699,17.4298
TLK5,West of England,2014,893739,952.5943,LSOA 2021 (E&W),938.2158,4896.7411,5.2192
TLK6,"North Somerset, Somerset and Dorset",2014,1511350,6477.0125,LSOA 2021 (E&W),233.3406,2760.3814,11.8298
TLK7,Gloucestershire and Wiltshire,2014,1314673,6137.9746,LSOA 2021 (E&W),214.1868,2627.6614,12.2681
TLL3,North Wales,2014,689349,6153.5227,LSOA 2021 (E&W),112.0251,1443.9474,12.8895
TLL4,Mid and South West Wales,2014,893170,11773.0830,LSOA 2021 (E&W),75.8654,1600.0004,21.0900
TLL5,South East Wales,2014,1491269,2809.8713,LSOA 2021 (E&W),530.7250,3120.0512,5.8788
TLM0,Eastern Scotland,2014,919620,11197.3902,Data Zone 2022 (Scotland),82.1281,3216.0633,39.1591
TLM1,East Central Scotland,2014,1008360,2021.1836,Data Zone 2022 (Scotland),498.8958,5630.7008,11.2863
TLM2,Highlands and Islands,2014,487830,40312.4284,Data Zone 2022 (Scotland),12.1012,1625.9046,134.3586
TLM3,West Central Scotland,2014,1476070,1574.0540,Data Zone 2022 (Scotland),937.7505,5251.8905,5.6005
TLM5,North Eastern Scotland,2014,487520,6498.1991,Data Zone 2022 (Scotland),75.0239,3581.5503,47.7388
TLM9,Southern Scotland,2014,952000,16299.0907,Data Zone 2022 (Scotland),58.4082,3007.6066,51.4929
TLC3,Tees Valley,2015,668875,795.0735,LSOA 2021 (E&W),841.2744,3787.4075,4.5020
TLC4,"Northumberland, Durham and Tyne & Wear",2015,1942929,7785.8652,LSOA 2021 (E&W),249.5457,3353.8407,13.4398
TLD1,Cumbria,2015,498718,6767.9885,LSOA 2021 (E&W),73.6878,1914.3457,25.9792
TLD3,Greater Manchester,2015,2756962,1276.0365,LSOA 2021 (E&W),2160.5667,4622.3570,2.1394
TLD4,Lancashire,2015,1481431,3065.8012,LSOA 2021 (E&W),483.2117,3412.1261,7.0613
TLD6,Cheshire,2015,927267,2266.9744,LSOA 2021 (E&W),409.0329,2763.8318,6.7570
TLD7,Merseyside,2015,1518273,731.2918,LSOA 2021 (E&W),2076.1521,4657.0114,2.2431
TLE1,East Yorkshire and Northern Lincolnshire,2015,925798,3514.3348,LSOA 2021 (E&W),263.4348,3270.1198,12.4134
TLE2,North Yorkshire,2015,806923,8309.2793,LSOA 2021 (E&W),97.1111,2219.4638,22.8549
TLE3,South Yorkshire,2015,1359690,1551.5320,LSOA 2021 (E&W),876.3532,3541.5306,4.0412
TLE4,West Yorkshire,2015,2284951,2029.2777,LSOA 2021 (E&W),1125.9923,3899.4131,3.4631
TLF1,Derbyshire and Nottinghamshire,2015,2150694,4784.1166,LSOA 2021 (E&W),449.5488,3277.9264,7.2916
TLF2,"Leicestershire, Rutland and Northamptonshire",2015,1792595,4902.0639,LSOA 2021 (E&W),365.6817,3664.0889,10.0199
TLF3,Lincolnshire,2015,738351,5937.3134,LSOA 2021 (E&W),124.3578,1756.7607,14.1267
TLG1,"Herefordshire, Worcestershire and Warwickshire",2015,1329714,5895.3401,LSOA 2021 (E&W),225.5534,2423.1622,10.7432
TLG2,Shropshire and Staffordshire,2015,1594911,6201.3592,LSOA 2021 (E&W),257.1873,2559.6131,9.9523
TLG3,West Midlands,2015,2831662,901.6408,LSOA 2021 (E&W),3140.5655,5209.0059,1.6586
TLH2,Bedfordshire and Hertfordshire,2015,1826031,2878.5086,LSOA 2021 (E&W),634.3670,3800.1164,5.9904
TLH3,Essex,2015,1793535,3663.9290,LSOA 2021 (E&W),489.5114,3391.3343,6.9280
TLH4,Cambridgeshire and Peterborough,2015,851257,3389.6180,LSOA 2021 (E&W),251.1366,2620.9777,10.4365
TLH5,Norfolk,2015,882938,5383.5845,LSOA 2021 (E&W),164.0056,2030.6087,12.3813
TLH6,Suffolk,2015,744501,3799.9709,LSOA 2021 (E&W),195.9228,2324.2809,11.8632
TLI3,Inner London - West,2015,1110629,108.9495,LSOA 2021 (E&W),10193.9798,15029.2815,1.4743
TLI4,Inner London - East,2015,2288411,210.3398,LSOA 2021 (E&W),10879.5910,14384.1645,1.3221
TLI5,Outer London - East and North East,2015,1879025,432.3414,LSOA 2021 (E&W),4346.1602,7937.7586,1.8264
TLI6,Outer London - South,2015,1289523,355.3808,LSOA 2021 (E&W),3628.5669,6682.0223,1.8415
TLI7,Outer London - West and North West,2015,2091957,465.0519,LSOA 2021 (E&W),4498.3302,7614.7481,1.6928
TLJ1,"Berkshire, Buckinghamshire and Oxfordshire",2015,2391466,5740.4568,LSOA 2021 (E&W),416.5986,3278.4353,7.8695
TLJ2,"Surrey, East and West Sussex",2015,2834923,5445.0195,LSOA 2021 (E&W),520.6452,3582.5279,6.8809
TLJ3,Hampshire and Isle of Wight,2015,1950196,4148.2886,LSOA 2021 (E&W),470.1206,4019.2472,8.5494
TLJ4,Kent,2015,1793053,3738.1166,LSOA 2021 (E&W),479.6675,3492.4716,7.2810
TLK3,Cornwall and Isles of Scilly,2015,549572,3561.7789,LSOA 2021 (E&W),154.2971,1576.6990,10.2186
TLK4,Devon,2015,1164950,6706.5580,LSOA 2021 (E&W),173.7031,3001.8540,17.2815
TLK5,West of England,2015,906540,952.5943,LSOA 2021 (E&W),951.6538,4953.0359,5.2047
TLK6,"North Somerset, Somerset and Dorset",2015,1522572,6477.0125,LSOA 2021 (E&W),235.0732,2786.3227,11.8530
TLK7,Gloucestershire and Wiltshire,2015,1327853,6137.9746,LSOA 2021 (E&W),216.3341,2653.6458,12.2664
TLL3,North Wales,2015,688371,6153.5227,LSOA 2021 (E&W),111.8662,1445.7051,12.9235
TLL4,Mid and South West Wales,2015,891852,11773.0830,LSOA 2021 (E&W),75.7535,1588.1356,20.9645
TLL5,South East Wales,2015,1492516,2809.8713,LSOA 2021 (E&W),531.1688,3125.1493,5.8835
TLM0,Eastern Scotland,2015,922150,11197.3902,Data Zone 2022 (Scotland),82.3540,3216.5521,39.0576
TLM1,East Central Scotland,2015,1017510,2021.1836,Data Zone 2022 (Scotland),503.4229,5688.1162,11.2989
TLM2,Highlands and Islands,2015,488530,40312.4284,Data Zone 2022 (Scotland),12.1186,1625.4540,134.1289
TLM3,West Central Scotland,2015,1480560,1574.0540,Data Zone 2022 (Scotland),940.6031,5263.3434,5.5957
TLM5,North Eastern Scotland,2015,489930,6498.1991,Data Zone 2022 (Scotland),75.3947,3582.4925,47.5165
TLM9,Southern Scotland,2015,951920,16299.0907,Data Zone 2022 (Scotland),58.4033,3003.7832,51.4318
TLC3,Tees Valley,2016,670923,795.0735,LSOA 2021 (E&W),843.8503,3795.8482,4.4982
TLC4,"Northumberland, Durham and Tyne & Wear",2016,1947330,7785.8652,LSOA 2021 (E&W),250.1109,3355.1621,13.4147
TLD1,Cumbria,2016,498946,6767.9885,LSOA 2021 (E&W),73.7215,1911.4568,25.9281
TLD3,Greater Manchester,2016,2784566,1276.0365,LSOA 2021 (E&W),2182.1993,4698.0808,2.1529
TLD4,Lancashire,2016,1488803,3065.8012,LSOA 2021 (E&W),485.6163,3425.1227,7.0531
TLD6,Cheshire,2016,934711,2266.9744,LSOA 2021 (E&W),412.3165,2774.9383,6.7301
TLD7,Merseyside,2016,1527115,731.2918,LSOA 2021 (E&W),2088.2430,4694.4473,2.2480
TLE1,East Yorkshire and Northern Lincolnshire,2016,930712,3514.3348,LSOA 2021 (E&W),264.8330,3275.5782,12.3685
TLE2,North Yorkshire,2016,808662,8309.2793,LSOA 2021 (E&W),97.3204,2203.9042,22.6459
TLE3,South Yorkshire,2016,1366070,1551.5320,LSOA 2021 (E&W),880.4652,3560.4666,4.0438
TLE4,West Yorkshire,2016,2302614,2029.2777,LSOA 2021 (E&W),1134.6964,3941.9461,3.4740
TLF1,Derbyshire and Nottinghamshire,2016,2164887,4784.1166,LSOA 2021 (E&W),452.5155,3314.3057,7.3242
TLF2,"Leicestershire, Rutland and Northamptonshire",2016,1820587,4902.0639,LSOA 2021 (E&W),371.3919,3731.8785,10.0484
TLF3,Lincolnshire,2016,746141,5937.3134,LSOA 2021 (E&W),125.6698,1780.5057,14.1681
TLG1,"Herefordshire, Worcestershire and Warwickshire",2016,1340812,5895.3401,LSOA 2021 (E&W),227.4359,2442.2241,10.7381
TLG2,Shropshire and Staffordshire,2016,1605586,6201.3592,LSOA 2021 (E&W),258.9087,2575.6477,9.9481
TLG3,West Midlands,2016,2865850,901.6408,LSOA 2021 (E&W),3178.4831,5286.4048,1.6632
TLH2,Bedfordshire and Hertfordshire,2016,1849798,2878.5086,LSOA 2021 (E&W),642.6238,3847.2313,5.9868
TLH3,Essex,2016,1809967,3663.9290,LSOA 2021 (E&W),493.9962,3423.6428,6.9305
TLH4,Cambridgeshire and Peterborough,2016,862377,3389.6180,LSOA 2021 (E&W),254.4172,2659.4722,10.4532
TLH5,Norfolk,2016,891150,5383.5845,LSOA 2021 (E&W),165.5310,2057.1326,12.4275
TLH6,Suffolk,2016,747783,3799.9709,LSOA 2021 (E&W),196.7865,2328.9120,11.8347
TLI3,Inner London - West,2016,1108547,108.9495,LSOA 2021 (E&W),10174.8700,15026.7447,1.4768
TLI4,Inner London - East,2016,2318264,210.3398,LSOA 2021 (E&W),11021.5185,14559.2357,1.3210
TLI5,Outer London - East and North East,2016,1903053,432.3414,LSOA 2021 (E&W),4401.7367,8040.2930,1.8266
TLI6,Outer London - South,2016,1299513,355.3808,LSOA 2021 (E&W),3656.6776,6742.0496,1.8438
TLI7,Outer London - West and North West,2016,2114274,465.0519,LSOA 2021 (E&W),4546.3184,7695.1707,1.6926
TLJ1,"Berkshire, Buckinghamshire and Oxfordshire",2016,2420592,5740.4568,LSOA 2021 (E&W),421.6724,3318.5460,7.8700
TLJ2,"Surrey, East and West Sussex",2016,2857233,5445.0195,LSOA 2021 (E&W),524.7425,3607.1890,6.8742
TLJ3,Hampshire and Isle of Wight,2016,1966660,4148.2886,LSOA 2021 (E&W),474.0895,4062.4364,8.5689
TLJ4,Kent,2016,1808526,3738.1166,LSOA 2021 (E&W),483.8067,3514.6880,7.2647
TLK3,Cornwall and Isles of Scilly,2016,553439,3561.7789,LSOA 2021 (E&W),155.3827,1591.1887,10.2404
TLK4,Devon,2016,1174412,6706.5580,LSOA 2021 (E&W),175.1140,3018.3971,17.2368
TLK5,West of England,2016,920903,952.5943,LSOA 2021 (E&W),966.7316,5013.9676,5.1865
TLK6,"North Somerset, Somerset and Dorset",2016,1536948,6477.0125,LSOA 2021 (E&W),237.2927,2825.7996,11.9085
TLK7,Gloucestershire and Wiltshire,2016,1341280,6137.9746,LSOA 2021 (E&W),218.5216,2682.1474,12.2741
TLL3,North Wales,2016,687418,6153.5227,LSOA 2021 (E&W),111.7113,1446.4698,12.9483
TLL4,Mid and South West Wales,2016,892154,11773.0830,LSOA 2021 (E&W),75.7791,1586.5830,20.9369
TLL5,South East Wales,2016,1497593,2809.8713,LSOA 2021 (E&W),532.9757,3151.1794,5.9124
TLM0,Eastern Scotland,2016,924810,11197.3902,Data Zone 2022 (Scotland),82.5916,3213.0949,38.9034
TLM1,East Central Scotland,2016,1027830,2021.1836,Data Zone 2022 (Scotland),508.5288,5707.6347,11.2238
TLM2,Highlands and Islands,2016,489490,40312.4284,Data Zone 2022 (Scotland),12.1424,1623.7997,133.7296
TLM3,West Central Scotland,2016,1490040,1574.0540,Data Zone 2022 (Scotland),946.6257,5297.3455,5.5960
TLM5,North Eastern Scotland,2016,488800,6498.1991,Data Zone 2022 (Scotland),75.2208,3525.6175,46.8702
TLM9,Southern Scotland,2016,952630,16299.0907,Data Zone 2022 (Scotland),58.4468,2994.7090,51.2382
TLC3,Tees Valley,2017,672690,795.0735,LSOA 2021 (E&W),846.0727,3786.8615,4.4758
TLC4,"Northumberland, Durham and Tyne & Wear",2017,1951097,7785.8652,LSOA 2021 (E&W),250.5948,3359.5874,13.4065
TLD1,Cumbria,2017,498693,6767.9885,LSOA 2021 (E&W),73.6841,1900.7247,25.7956
TLD3,Greater Manchester,2017,2804283,1276.0365,LSOA 2021 (E&W),2197.6511,4735.1637,2.1546
TLD4,Lancashire,2017,1496853,3065.8012,LSOA 2021 (E&W),488.2420,3444.0383,7.0540
TLD6,Cheshire,2017,942398,2266.9744,LSOA 2021 (E&W),415.7074,2782.3423,6.6930
TLD7,Merseyside,2017,1533538,731.2918,LSOA 2021 (E&W),2097.0261,4726.7004,2.2540
TLE1,East Yorkshire and Northern Lincolnshire,2017,933578,3514.3348,LSOA 2021 (E&W),265.6486,3284.2758,12.3632
TLE2,North Yorkshire,2017,810837,8309.2793,LSOA 2021 (E&W),97.5821,2207.5944,22.6229
TLE3,South Yorkshire,2017,1368187,1551.5320,LSOA 2021 (E&W),881.8297,3531.2423,4.0044
TLE4,West Yorkshire,2017,2315182,2029.2777,LSOA 2021 (E&W),1140.8897,3970.1959,3.4799
TLF1,Derbyshire and Nottinghamshire,2017,2176697,4784.1166,LSOA 2021 (E&W),454.9841,3331.2433,7.3217
TLF2,"Leicestershire, Rutland and Northamptonshire",2017,1848618,4902.0639,LSOA 2021 (E&W),377.1101,3770.8212,9.9993
TLF3,Lincolnshire,2017,753031,5937.3134,LSOA 2021 (E&W),126.8303,1802.3101,14.2104
TLG1,"Herefordshire, Worcestershire and Warwickshire",2017,1351030,5895.3401,LSOA 2021 (E&W),229.1691,2447.6458,10.6805
TLG2,Shropshire and Staffordshire,2017,1614523,6201.3592,LSOA 2021 (E&W),260.3499,2588.0444,9.9406
TLG3,West Midlands,2017,2889499,901.6408,LSOA 2021 (E&W),3204.7119,5334.1329,1.6645
TLH2,Bedfordshire and Hertfordshire,2017,1858958,2878.5086,LSOA 2021 (E&W),645.8060,3858.1505,5.9742
TLH3,Essex,2017,1822045,3663.9290,LSOA 2021 (E&W),497.2927,3439.9152,6.9173
TLH4,Cambridgeshire and Peterborough,2017,869702,3389.6180,LSOA 2021 (E&W),256.5782,2681.4074,10.4506
TLH5,Norfolk,2017,898548,5383.5845,LSOA 2021 (E&W),166.9052,2067.3459,12.3864
TLH6,Suffolk,2017,753590,3799.9709,LSOA 2021 (E&W),198.3147,2343.6972,11.8181
TLI3,Inner London - West,2017,1104033,108.9495,LSOA 2021 (E&W),10133.4380,14896.2418,1.4700
TLI4,Inner London - East,2017,2328482,210.3398,LSOA 2021 (E&W),11070.0971,14636.1920,1.3221
TLI5,Outer London - East and North East,2017,1915435,432.3414,LSOA 2021 (E&W),4430.3761,8117.4714,1.8322
TLI6,Outer London - South,2017,1303737,355.3808,LSOA 2021 (E&W),3668.5634,6786.5494,1.8499
TLI7,Outer London - West and North West,2017,2124542,465.0519,LSOA 2021 (E&W),4568.3976,7752.3498,1.6970
TLJ1,"Berkshire, Buckinghamshire and Oxfordshire",2017,2438363,5740.4568,LSOA 2021 (E&W),424.7681,3332.8143,7.8462
TLJ2,"Surrey, East and West Sussex",2017,2868837,5445.0195,LSOA 2021 (E&W),526.8736,3606.9982,6.8460
TLJ3,Hampshire and Isle of Wight,2017,1976517,4148.2886,LSOA 2021 (E&W),476.4656,4074.4782,8.5515
TLJ4,Kent,2017,1821359,3738.1166,LSOA 2021 (E&W),487.2398,3524.3642,7.2333
TLK3,Cornwall and Isles of Scilly,2017,559091,3561.7789,LSOA 2021 (E&W),156.9696,1615.3119,10.2906
TLK4,Devon,2017,1185975,6706.5580,LSOA 2021 (E&W),176.8381,3023.7239,17.0988
TLK5,West of England,2017,928386,952.5943,LSOA 2021 (E&W),974.5870,5044.9156,5.1765
TLK6,"North Somerset, Somerset and Dorset",2017,1546645,6477.0125,LSOA 2021 (E&W),238.7899,2845.4895,11.9163
TLK7,Gloucestershire and Wiltshire,2017,1354569,6137.9746,LSOA 2021 (E&W),220.6866,2705.3448,12.2588
TLL3,North Wales,2017,687156,6153.5227,LSOA 2021 (E&W),111.6687,1444.2724,12.9335
TLL4,Mid and South West Wales,2017,891334,11773.0830,LSOA 2021 (E&W),75.7095,1586.3230,20.9528
TLL5,South East Wales,2017,1502876,2809.8713,LSOA 2021 (E&W),534.8558,3145.6164,5.8812
TLM0,Eastern Scotland,2017,926250,11197.3902,Data Zone 2022 (Scotland),82.7202,3205.1918,38.7474
TLM1,East Central Scotland,2017,1036170,2021.1836,Data Zone 2022 (Scotland),512.6551,5685.7243,11.0907
TLM2,Highlands and Islands,2017,489080,40312.4284,Data Zone 2022 (Scotland),12.1322,1609.6157,132.6726
TLM3,West Central Scotland,2017,1496270,1574.0540,Data Zone 2022 (Scotland),950.5837,5292.1548,5.5673
TLM5,North Eastern Scotland,2017,486810,6498.1991,Data Zone 2022 (Scotland),74.9146,3457.9894,46.1591
TLM9,Southern Scotland,2017,953620,16299.0907,Data Zone 2022 (Scotland),58.5076,2988.1379,51.0727
TLC3,Tees Valley,2018,673541,795.0735,LSOA 2021 (E&W),847.1431,3766.4738,4.4461
TLC4,"Northumberland, Durham and Tyne & Wear",2018,1955852,7785.8652,LSOA 2021 (E&W),251.2055,3363.7639,13.3905
TLD1,Cumbria,2018,498941,6767.9885,LSOA 2021 (E&W),73.7207,1896.5113,25.7256
TLD3,Greater Manchester,2018,2823878,1276.0365,LSOA 2021 (E&W),2213.0072,4781.2641,2.1605
TLD4,Lancashire,2018,1503339,3065.8012,LSOA 2021 (E&W),490.3576,3452.3046,7.0404
TLD6,Cheshire,2018,948975,2266.9744,LSOA 2021 (E&W),418.6086,2783.7287,6.6500
TLD7,Merseyside,2018,1540983,731.2918,LSOA 2021 (E&W),2107.2067,4761.3511,2.2596
TLE1,East Yorkshire and Northern Lincolnshire,2018,934259,3514.3348,LSOA 2021 (E&W),265.8423,3284.5149,12.3551
TLE2,North Yorkshire,2018,811641,8309.2793,LSOA 2021 (E&W),97.6789,2200.1774,22.5246
TLE3,South Yorkshire,2018,1372522,1551.5320,LSOA 2021 (E&W),884.6237,3538.1659,3.9996
TLE4,West Yorkshire,2018,2325461,2029.2777,LSOA 2021 (E&W),1145.9550,3991.3652,3.4830
TLF1,Derbyshire and Nottinghamshire,2018,2186393,4784.1166,LSOA 2021 (E&W),457.0108,3342.0459,7.3128
TLF2,"Leicestershire, Rutland and Northamptonshire",2018,1871477,4902.0639,LSOA 2021 (E&W),381.7733,3813.0849,9.9878
TLF3,Lincolnshire,2018,757281,5937.3134,LSOA 2021 (E&W),127.5461,1816.9592,14.2455
TLG1,"Herefordshire, Worcestershire and Warwickshire",2018,1359892,5895.3401,LSOA 2021 (E&W),230.6724,2448.5712,10.6149
TLG2,Shropshire and Staffordshire,2018,1622313,6201.3592,LSOA 2021 (E&W),261.6060,2589.0292,9.8967
TLG3,West Midlands,2018,2907123,901.6408,LSOA 2021 (E&W),3224.2585,5372.0248,1.6661
TLH2,Bedfordshire and Hertfordshire,2018,1868416,2878.5086,LSOA 2021 (E&W),649.0917,3874.2979,5.9688
TLH3,Essex,2018,1833375,3663.9290,LSOA 2021 (E&W),500.3850,3452.9179,6.9005
TLH4,Cambridgeshire and Peterborough,2018,876713,3389.6180,LSOA 2021 (E&W),258.6465,2711.6710,10.4841
TLH5,Norfolk,2018,903527,5383.5845,LSOA 2021 (E&W),167.8300,2082.7455,12.4099
TLH6,Suffolk,2018,755345,3799.9709,LSOA 2021 (E&W),198.7765,2339.1232,11.7676
TLI3,Inner London - West,2018,1104525,108.9495,LSOA 2021 (E&W),10137.9538,14859.3095,1.4657
TLI4,Inner London - East,2018,2349065,210.3398,LSOA 2021 (E&W),11167.9530,14794.8453,1.3248
TLI5,Outer London - East and North East,2018,1929180,432.3414,LSOA 2021 (E&W),4462.1681,8211.1857,1.8402
TLI6,Outer London - South,2018,1308552,355.3808,LSOA 2021 (E&W),3682.1123,6822.0509,1.8528
TLI7,Outer London - West and North West,2018,2142013,465.0519,LSOA 2021 (E&W),4605.9655,7831.7741,1.7004
TLJ1,"Berkshire, Buckinghamshire and Oxfordshire",2018,2457736,5740.4568,LSOA 2021 (E&W),428.1429,3346.9566,7.8174
TLJ2,"Surrey, East and West Sussex",2018,2878969,5445.0195,LSOA 2021 (E&W),528.7344,3616.1685,6.8393
TLJ3,Hampshire and Isle of Wight,2018,1981860,4148.2886,LSOA 2021 (E&W),477.7536,4055.3936,8.4885
TLJ4,Kent,2018,1831680,3738.1166,LSOA 2021 (E&W),490.0008,3521.3164,7.1863
TLK3,Cornwall and Isles of Scilly,2018,562127,3561.7789,LSOA 2021 (E&W),157.8220,1610.9276,10.2072
TLK4,Devon,2018,1193623,6706.5580,LSOA 2021 (E&W),177.9785,3023.9849,16.9907
TLK5,West of England,2018,938234,952.5943,LSOA 2021 (E&W),984.9251,5092.5974,5.1705
TLK6,"North Somerset, Somerset and Dorset",2018,1552187,6477.0125,LSOA 2021 (E&W),239.6455,2855.0137,11.9135
TLK7,Gloucestershire and Wiltshire,2018,1363530,6137.9746,LSOA 2021 (E&W),222.1466,2710.7956,12.2027
TLL3,North Wales,2018,686482,6153.5227,LSOA 2021 (E&W),111.5592,1443.4394,12.9388
TLL4,Mid and South West Wales,2018,890422,11773.0830,LSOA 2021 (E&W),75.6320,1580.3473,20.8952
TLL5,South East Wales,2018,1506936,2809.8713,LSOA 2021 (E&W),536.3007,3152.5823,5.8784
TLM0,Eastern Scotland,2018,925480,11197.3902,Data Zone 2022 (Scotland),82.6514,3193.2186,38.6348
TLM1,East Central Scotland,2018,1041570,2021.1836,Data Zone 2022 (Scotland),515.3268,5668.7885,11.0004
TLM2,Highlands and Islands,2018,487540,40312.4284,Data Zone 2022 (Scotland),12.0940,1595.7614,131.9461
TLM3,West Central Scotland,2018,1500690,1574.0540,Data Zone 2022 (Scotland),953.3917,5298.2632,5.5573
TLM5,North Eastern Scotland,2018,484390,6498.1991,Data Zone 2022 (Scotland),74.5422,3400.3478,45.6164
TLM9,Southern Scotland,2018,952430,16299.0907,Data Zone 2022 (Scotland),58.4345,2971.4861,50.8515
TLC3,Tees Valley,2019,674626,795.0735,LSOA 2021 (E&W),848.5077,3736.8772,4.4041
TLC4,"Northumberland, Durham and Tyne & Wear",2019,1962050,7785.8652,LSOA 2021 (E&W),252.0015,3341.3409,13.2592
TLD1,Cumbria,2019,499171,6767.9885,LSOA 2021 (E&W),73.7547,1889.1519,25.6140
TLD3,Greater Manchester,2019,2847959,1276.0365,LSOA 2021 (E&W),2231.8789,4827.1101,2.1628
TLD4,Lancashire,2019,1513857,3065.8012,LSOA 2021 (E&W),493.7884,3470.5521,7.0284
TLD6,Cheshire,2019,956163,2266.9744,LSOA 2021 (E&W),421.7794,2781.9193,6.5957
TLD7,Merseyside,2019,1546117,731.2918,LSOA 2021 (E&W),2114.2272,4768.4931,2.2554
TLE1,East Yorkshire and Northern Lincolnshire,2019,935933,3514.3348,LSOA 2021 (E&W),266.3187,3270.3378,12.2798
TLE2,North Yorkshire,2019,814537,8309.2793,LSOA 2021 (E&W),98.0274,2181.9899,22.2590
TLE3,South Yorkshire,2019,1374386,1551.5320,LSOA 2021 (E&W),885.8251,3537.2737,3.9932
TLE4,West Yorkshire,2019,2339795,2029.2777,LSOA 2021 (E&W),1153.0186,4011.0182,3.4787
TLF1,Derbyshire and Nottinghamshire,2019,2194954,4784.1166,LSOA 2021 (E&W),458.8003,3345.7484,7.2924
TLF2,"Leicestershire, Rutland and Northamptonshire",2019,1887784,4902.0639,LSOA 2021 (E&W),385.0998,3822.8318,9.9269
TLF3,Lincolnshire,2019,761263,5937.3134,LSOA 2021 (E&W),128.2167,1829.5047,14.2688
TLG1,"Herefordshire, Worcestershire and Warwickshire",2019,1368778,5895.3401,LSOA 2021 (E&W),232.1796,2434.9329,10.4873
TLG2,Shropshire and Staffordshire,2019,1631108,6201.3592,LSOA 2021 (E&W),263.0243,2588.2665,9.8404
TLG3,West Midlands,2019,2921091,901.6408,LSOA 2021 (E&W),3239.7502,5394.9801,1.6652
TLH2,Bedfordshire and Hertfordshire,2019,1881839,2878.5086,LSOA 2021 (E&W),653.7549,3890.2466,5.9506
TLH3,Essex,2019,1846380,3663.9290,LSOA 2021 (E&W),503.9344,3463.1626,6.8722
TLH4,Cambridgeshire and Peterborough,2019,881675,3389.6180,LSOA 2021 (E&W),260.1104,2714.8972,10.4375
TLH5,Norfolk,2019,906964,5383.5845,LSOA 2021 (E&W),168.4684,2071.7915,12.2978
TLH6,Suffolk,2019,757321,3799.9709,LSOA 2021 (E&W),199.2965,2324.4502,11.6633
TLI3,Inner London - West,2019,1104241,108.9495,LSOA 2021 (E&W),10135.3471,14803.9667,1.4606
TLI4,Inner London - East,2019,2364397,210.3398,LSOA 2021 (E&W),11240.8446,14915.6117,1.3269
TLI5,Outer London - East and North East,2019,1942897,432.3414,LSOA 2021 (E&W),4493.8953,8274.0860,1.8412
TLI6,Outer London - South,2019,1317367,355.3808,LSOA 2021 (E&W),3706.9166,6896.4810,1.8604
TLI7,Outer London - West and North West,2019,2160841,465.0519,LSOA 2021 (E&W),4646.4513,7903.7385,1.7010
TLJ1,"Berkshire, Buckinghamshire and Oxfordshire",2019,2475951,5740.4568,LSOA 2021 (E&W),431.3160,3344.9117,7.7551
TLJ2,"Surrey, East and West Sussex",2019,2889145,5445.0195,LSOA 2021 (E&W),530.6032,3608.5533,6.8009
TLJ3,Hampshire and Isle of Wight,2019,1985982,4148.2886,LSOA 2021 (E&W),478.7473,4015.0735,8.3866
TLJ4,Kent,2019,1842692,3738.1166,LSOA 2021 (E&W),492.9466,3527.1583,7.1553
TLK3,Cornwall and Isles of Scilly,2019,565793,3561.7789,LSOA 2021 (E&W),158.8512,1614.5733,10.1641
TLK4,Devon,2019,1200337,6706.5580,LSOA 2021 (E&W),178.9796,2994.8174,16.7327
TLK5,West of England,2019,944659,952.5943,LSOA 2021 (E&W),991.6698,5101.4395,5.1443
TLK6,"North Somerset, Somerset and Dorset",2019,1558408,6477.0125,LSOA 2021 (E&W),240.6060,2851.0484,11.8494
TLK7,Gloucestershire and Wiltshire,2019,1373595,6137.9746,LSOA 2021 (E&W),223.7864,2712.2403,12.1198
TLL3,North Wales,2019,685315,6153.5227,LSOA 2021 (E&W),111.3695,1437.1864,12.9047
TLL4,Mid and South West Wales,2019,889844,11773.0830,LSOA 2021 (E&W),75.5829,1576.4446,20.8572
TLL5,South East Wales,2019,1512573,2809.8713,LSOA 2021 (E&W),538.3069,3148.6541,5.8492
TLM0,Eastern Scotland,2019,927940,11197.3902,Data Zone 2022 (Scotland),82.8711,3186.0589,38.4460
TLM1,East Central Scotland,2019,1049480,2021.1836,Data Zone 2022 (Scotland),519.2403,5680.9376,10.9409
TLM2,Highlands and Islands,2019,487160,40312.4284,Data Zone 2022 (Scotland),12.0846,1580.7262,130.8049
TLM3,West Central Scotland,2019,1508090,1574.0540,Data Zone 2022 (Scotland),958.0929,5312.2082,5.5446
TLM5,North Eastern Scotland,2019,484660,6498.1991,Data Zone 2022 (Scotland),74.5837,3371.3826,45.2026
TLM9,Southern Scotland,2019,953870,16299.0907,Data Zone 2022 (Scotland),58.5229,2956.7757,50.5234
TLC3,Tees Valley,2020,674447,795.0735,LSOA 2021 (E&W),848.2826,3718.0387,4.3830
TLC4,"Northumberland, Durham and Tyne & Wear",2020,1962979,7785.8652,LSOA 2021 (E&W),252.1209,3324.8918,13.1877
TLD1,Cumbria,2020,498439,6767.9885,LSOA 2021 (E&W),73.6465,1876.2736,25.4767
TLD3,Greater Manchester,2020,2856110,1276.0365,LSOA 2021 (E&W),2238.2667,4846.8068,2.1654
TLD4,Lancashire,2020,1520252,3065.8012,LSOA 2021 (E&W),495.8743,3480.8907,7.0197
TLD6,Cheshire,2020,959568,2266.9744,LSOA 2021 (E&W),423.2814,2776.8717,6.5603
TLD7,Merseyside,2020,1546236,731.2918,LSOA 2021 (E&W),2114.3899,4765.0437,2.2536
TLE1,East Yorkshire and Northern Lincolnshire,2020,935988,3514.3348,LSOA 2021 (E&W),266.3343,3246.4208,12.1893
TLE2,North Yorkshire,2020,813068,8309.2793,LSOA 2021 (E&W),97.8506,2152.8114,22.0010
TLE3,South Yorkshire,2020,1373015,1551.5320,LSOA 2021 (E&W),884.9415,3540.5945,4.0009
TLE4,West Yorkshire,2020,2346416,2029.2777,LSOA 2021 (E&W),1156.2814,4011.8357,3.4696
TLF1,Derbyshire and Nottinghamshire,2020,2197772,4784.1166,LSOA 2021 (E&W),459.3893,3342.3504,7.2756
TLF2,"Leicestershire, Rutland and Northamptonshire",2020,1894087,4902.0639,LSOA 2021 (E&W),386.3856,3806.6569,9.8520
TLF3,Lincolnshire,2020,763610,5937.3134,LSOA 2021 (E&W),128.6120,1827.1299,14.2065
TLG1,"Herefordshire, Worcestershire and Warwickshire",2020,1374958,5895.3401,LSOA 2021 (E&W),233.2279,2416.4585,10.3609
TLG2,Shropshire and Staffordshire,2020,1635490,6201.3592,LSOA 2021 (E&W),263.7309,2583.7700,9.7970
TLG3,West Midlands,2020,2921476,901.6408,LSOA 2021 (E&W),3240.1772,5389.3725,1.6633
TLH2,Bedfordshire and Hertfordshire,2020,1893635,2878.5086,LSOA 2021 (E&W),657.8528,3906.6668,5.9385
TLH3,Essex,2020,1852594,3663.9290,LSOA 2021 (E&W),505.6304,3453.3689,6.8298
TLH4,Cambridgeshire and Peterborough,2020,884999,3389.6180,LSOA 2021 (E&W),261.0911,2712.9493,10.3908
TLH5,Norfolk,2020,909883,5383.5845,LSOA 2021 (E&W),169.0106,2061.7927,12.1992
TLH6,Suffolk,2020,756668,3799.9709,LSOA 2021 (E&W),199.1247,2302.5940,11.5636
TLI3,Inner London - West,2020,1093830,108.9495,LSOA 2021 (E&W),10039.7891,14650.7478,1.4593
TLI4,Inner London - East,2020,2352890,210.3398,LSOA 2021 (E&W),11186.1379,14889.3818,1.3311
TLI5,Outer London - East and North East,2020,1940867,432.3414,LSOA 2021 (E&W),4489.2000,8286.1667,1.8458
TLI6,Outer London - South,2020,1320140,355.3808,LSOA 2021 (E&W),3714.7195,6943.2858,1.8691
TLI7,Outer London - West and North West,2020,2159281,465.0519,LSOA 2021 (E&W),4643.0968,7904.4650,1.7024
TLJ1,"Berkshire, Buckinghamshire and Oxfordshire",2020,2492612,5740.4568,LSOA 2021 (E&W),434.2184,3344.9380,7.7034
TLJ2,"Surrey, East and West Sussex",2020,2894279,5445.0195,LSOA 2021 (E&W),531.5461,3596.3947,6.7659
TLJ3,Hampshire and Isle of Wight,2020,1990047,4148.2886,LSOA 2021 (E&W),479.7272,3988.4500,8.3140
TLJ4,Kent,2020,1848335,3738.1166,LSOA 2021 (E&W),494.4562,3519.8360,7.1186
TLK3,Cornwall and Isles of Scilly,2020,567075,3561.7789,LSOA 2021 (E&W),159.2112,1605.5361,10.0843
TLK4,Devon,2020,1204321,6706.5580,LSOA 2021 (E&W),179.5736,2993.2149,16.6685
TLK5,West of England,2020,951007,952.5943,LSOA 2021 (E&W),998.3337,5115.7653,5.1243
TLK6,"North Somerset, Somerset and Dorset",2020,1559394,6477.0125,LSOA 2021 (E&W),240.7582,2846.6279,11.8236
TLK7,Gloucestershire and Wiltshire,2020,1380193,6137.9746,LSOA 2021 (E&W),224.8613,2701.1766,12.0126
TLL3,North Wales,2020,688167,6153.5227,LSOA 2021 (E&W),111.8330,1441.5140,12.8899
TLL4,Mid and South West Wales,2020,894883,11773.0830,LSOA 2021 (E&W),76.0109,1571.3347,20.6725
TLL5,South East Wales,2020,1521433,2809.8713,LSOA 2021 (E&W),541.4600,3172.1519,5.8585
TLM0,Eastern Scotland,2020,926720,11197.3902,Data Zone 2022 (Scotland),82.7621,3172.4283,38.3319
TLM1,East Central Scotland,2020,1052150,2021.1836,Data Zone 2022 (Scotland),520.5613,5669.8600,10.8918
TLM2,Highlands and Islands,2020,485880,40312.4284,Data Zone 2022 (Scotland),12.0529,1555.3962,129.0479
TLM3,West Central Scotland,2020,1507990,1574.0540,Data Zone 2022 (Scotland),958.0294,5280.5706,5.5119
TLM5,North Eastern Scotland,2020,484220,6498.1991,Data Zone 2022 (Scotland),74.5160,3329.3111,44.6791
TLM9,Southern Scotland,2020,951940,16299.0907,Data Zone 2022 (Scotland),58.4045,2932.5252,50.2106
TLC3,Tees Valley,2021,678365,795.0735,LSOA 2021 (E&W),853.2104,3704.8061,4.3422
TLC4,"Northumberland, Durham and Tyne & Wear",2021,1969128,7785.8652,LSOA 2021 (E&W),252.9106,3282.3454,12.9783
TLD1,Cumbria,2021,500729,6767.9885,LSOA 2021 (E&W),73.9849,1868.2757,25.2521
TLD3,Greater Manchester,2021,2869531,1276.0365,LSOA 2021 (E&W),2248.7844,4861.3644,2.1618
TLD4,Lancashire,2021,1532158,3065.8012,LSOA 2021 (E&W),499.7578,3479.2013,6.9618
TLD6,Cheshire,2021,969386,2266.9744,LSOA 2021 (E&W),427.6122,2757.1865,6.4479
TLD7,Merseyside,2021,1552288,731.2918,LSOA 2021 (E&W),2122.6657,4772.4514,2.2483
TLE1,East Yorkshire and Northern Lincolnshire,2021,936778,3514.3348,LSOA 2021 (E&W),266.5591,3216.4749,12.0666
TLE2,North Yorkshire,2021,820478,8309.2793,LSOA 2021 (E&W),98.7424,2133.8500,21.6103
TLE3,South Yorkshire,2021,1374792,1551.5320,LSOA 2021 (E&W),886.0868,3470.8212,3.9170
TLE4,West Yorkshire,2021,2350407,2029.2777,LSOA 2021 (E&W),1158.2481,3968.1793,3.4260
TLF1,Derbyshire and Nottinghamshire,2021,2204080,4784.1166,LSOA 2021 (E&W),460.7078,3286.5898,7.1338
TLF2,"Leicestershire, Rutland and Northamptonshire",2021,1908039,4902.0639,LSOA 2021 (E&W),389.2318,3765.6705,9.6746
TLF3,Lincolnshire,2021,769440,5937.3134,LSOA 2021 (E&W),129.5940,1805.4577,13.9316
TLG1,"Herefordshire, Worcestershire and Warwickshire",2021,1391539,5895.3401,LSOA 2021 (E&W),236.0405,2393.7180,10.1411
TLG2,Shropshire and Staffordshire,2021,1646436,6201.3592,LSOA 2021 (E&W),265.4960,2570.5644,9.6821
TLG3,West Midlands,2021,2918251,901.6408,LSOA 2021 (E&W),3236.6004,5353.1154,1.6539
TLH2,Bedfordshire and Hertfordshire,2021,1907304,2878.5086,LSOA 2021 (E&W),662.6015,3901.2550,5.8878
TLH3,Essex,2021,1863314,3663.9290,LSOA 2021 (E&W),508.5563,3426.9419,6.7386
TLH4,Cambridgeshire and Peterborough,2021,897217,3389.6180,LSOA 2021 (E&W),264.6956,2708.9110,10.2341
TLH5,Norfolk,2021,918462,5383.5845,LSOA 2021 (E&W),170.6042,2043.0829,11.9756
TLH6,Suffolk,2021,763349,3799.9709,LSOA 2021 (E&W),200.8829,2276.1605,11.3308
TLI3,Inner London - West,2021,1081421,108.9495,LSOA 2021 (E&W),9925.8923,14369.6678,1.4477
TLI4,Inner London - East,2021,2329886,210.3398,LSOA 2021 (E&W),11076.7720,14809.8562,1.3370
TLI5,Outer London - East and North East,2021,1935127,432.3414,LSOA 2021 (E&W),4475.9234,8240.3093,1.8410
TLI6,Outer London - South,2021,1313625,355.3808,LSOA 2021 (E&W),3696.3871,6879.7286,1.8612
TLI7,Outer London - West and North West,2021,2144710,465.0519,LSOA 2021 (E&W),4611.7648,7848.0527,1.7017
TLJ1,"Berkshire, Buckinghamshire and Oxfordshire",2021,2521231,5740.4568,LSOA 2021 (E&W),439.2039,3329.2296,7.5801
TLJ2,"Surrey, East and West Sussex",2021,2914357,5445.0195,LSOA 2021 (E&W),535.2335,3570.7906,6.6715
TLJ3,Hampshire and Isle of Wight,2021,2001786,4148.2886,LSOA 2021 (E&W),482.5571,3928.9269,8.1419
TLJ4,Kent,2021,1858455,3738.1166,LSOA 2021 (E&W),497.1635,3485.2398,7.0102
TLK3,Cornwall and Isles of Scilly,2021,574219,3561.7789,LSOA 2021 (E&W),161.2169,1603.2909,9.9449
TLK4,Devon,2021,1218643,6706.5580,LSOA 2021 (E&W),181.7092,2981.8607,16.4101
TLK5,West of England,2021,954590,952.5943,LSOA 2021 (E&W),1002.0950,5060.4049,5.0498
TLK6,"North Somerset, Somerset and Dorset",2021,1571885,6477.0125,LSOA 2021 (E&W),242.6867,2830.8463,11.6646
TLK7,Gloucestershire and Wiltshire,2021,1393485,6137.9746,LSOA 2021 (E&W),227.0268,2679.3581,11.8019
TLL3,North Wales,2021,687041,6153.5227,LSOA 2021 (E&W),111.6500,1422.3907,12.7397
TLL4,Mid and South West Wales,2021,895833,11773.0830,LSOA 2021 (E&W),76.0916,1533.9761,20.1596
TLL5,South East Wales,2021,1522759,2809.8713,LSOA 2021 (E&W),541.9319,3129.7006,5.7751
TLM0,Eastern Scotland,2021,926390,11197.3902,Data Zone 2022 (Scotland),82.7327,3131.3603,37.8491
TLM1,East Central Scotland,2021,1052370,2021.1836,Data Zone 2022 (Scotland),520.6702,5542.3416,10.6446
TLM2,Highlands and Islands,2021,489230,40312.4284,Data Zone 2022 (Scotland),12.1360,1542.6730,127.1159
TLM3,West Central Scotland,2021,1506500,1574.0540,Data Zone 2022 (Scotland),957.0828,5217.7195,5.4517
TLM5,North Eastern Scotland,2021,483770,6498.1991,Data Zone 2022 (Scotland),74.4468,3243.4080,43.5668
TLM9,Southern Scotland,2021,954640,16299.0907,Data Zone 2022 (Scotland),58.5701,2913.3093,49.7405
TLN0,Northern Ireland,2021,1904591,13628.3086,Data Zone 2021 (NI),139.7526,3036.8041,21.7299
TLC3,Tees Valley,2022,690947,795.0735,LSOA 2021 (E&W),869.0354,3793.2827,4.3649
TLC4,"Northumberland, Durham and Tyne & Wear",2022,1993639,7785.8652,LSOA 2021 (E&W),256.0588,3330.3232,13.0061
TLD1,Cumbria,2022,503177,6767.9885,LSOA 2021 (E&W),74.3466,1862.3880,25.0501
TLD3,Greater Manchester,2022,2919285,1276.0365,LSOA 2021 (E&W),2287.7755,5035.6788,2.2011
TLD4,Lancashire,2022,1553617,3065.8012,LSOA 2021 (E&W),506.7573,3522.3891,6.9508
TLD6,Cheshire,2022,980915,2266.9744,LSOA 2021 (E&W),432.6979,2779.7098,6.4241
TLD7,Merseyside,2022,1569291,731.2918,LSOA 2021 (E&W),2145.9163,4863.0021,2.2662
TLE1,East Yorkshire and Northern Lincolnshire,2022,943335,3514.3348,LSOA 2021 (E&W),268.4249,3233.5146,12.0463
TLE2,North Yorkshire,2022,828803,8309.2793,LSOA 2021 (E&W),99.7443,2161.4080,21.6695
TLE3,South Yorkshire,2022,1392826,1551.5320,LSOA 2021 (E&W),897.7101,3555.4645,3.9606
TLE4,West Yorkshire,2022,2376124,2029.2777,LSOA 2021 (E&W),1170.9211,4041.4938,3.4516
TLF1,Derbyshire and Nottinghamshire,2022,2229947,4784.1166,LSOA 2021 (E&W),466.1147,3340.6087,7.1669
TLF2,"Leicestershire, Rutland and Northamptonshire",2022,1930292,4902.0639,LSOA 2021 (E&W),393.7713,3804.5541,9.6618
TLF3,Lincolnshire,2022,776038,5937.3134,LSOA 2021 (E&W),130.7052,1809.7701,13.8462
TLG1,"Herefordshire, Worcestershire and Warwickshire",2022,1406784,5895.3401,LSOA 2021 (E&W),238.6264,2395.7565,10.0398
TLG2,Shropshire and Staffordshire,2022,1663484,6201.3592,LSOA 2021 (E&W),268.2451,2584.0735,9.6333
TLG3,West Midlands,2022,2949985,901.6408,LSOA 2021 (E&W),3271.7963,5430.2389,1.6597
TLH2,Bedfordshire and Hertfordshire,2022,1922557,2878.5086,LSOA 2021 (E&W),667.9004,3917.2255,5.8650
TLH3,Essex,2022,1877490,3663.9290,LSOA 2021 (E&W),512.4253,3431.7768,6.6971
TLH4,Cambridgeshire and Peterborough,2022,908156,3389.6180,LSOA 2021 (E&W),267.9228,2724.4969,10.1690
TLH5,Norfolk,2022,925499,5383.5845,LSOA 2021 (E&W),171.9113,2053.3860,11.9445
TLH6,Suffolk,2022,768812,3799.9709,LSOA 2021 (E&W),202.3205,2272.4587,11.2320
TLI3,Inner London - West,2022,1100905,108.9495,LSOA 2021 (E&W),10104.7274,14515.3859,1.4365
TLI4,Inner London - East,2022,2352017,210.3398,LSOA 2021 (E&W),11181.9874,15091.3852,1.3496
TLI5,Outer London - East and North East,2022,1939777,432.3414,LSOA 2021 (E&W),4486.6788,8294.5396,1.8487
TLI6,Outer London - South,2022,1318027,355.3808,LSOA 2021 (E&W),3708.7738,6937.8595,1.8707
TLI7,Outer London - West and North West,2022,2160642,465.0519,LSOA 2021 (E&W),4646.0234,7922.6136,1.7052
TLJ1,"Berkshire, Buckinghamshire and Oxfordshire",2022,2554616,5740.4568,LSOA 2021 (E&W),445.0196,3360.4756,7.5513
TLJ2,"Surrey, East and West Sussex",2022,2940258,5445.0195,LSOA 2021 (E&W),539.9904,3587.4682,6.6436
TLJ3,Hampshire and Isle of Wight,2022,2020486,4148.2886,LSOA 2021 (E&W),487.0650,3974.8017,8.1607
TLJ4,Kent,2022,1877610,3738.1166,LSOA 2021 (E&W),502.2877,3501.3164,6.9707
TLK3,Cornwall and Isles of Scilly,2022,577931,3561.7789,LSOA 2021 (E&W),162.2591,1603.1029,9.8799
TLK4,Devon,2022,1232751,6706.5580,LSOA 2021 (E&W),183.8128,3040.6934,16.5423
TLK5,West of England,2022,970497,952.5943,LSOA 2021 (E&W),1018.7936,5169.8899,5.0745
TLK6,"North Somerset, Somerset and Dorset",2022,1582706,6477.0125,LSOA 2021 (E&W),244.3574,2859.7365,11.7031
TLK7,Gloucestershire and Wiltshire,2022,1405169,6137.9746,LSOA 2021 (E&W),228.9304,2687.7498,11.7405
TLL3,North Wales,2022,689344,6153.5227,LSOA 2021 (E&W),112.0243,1427.1778,12.7399
TLL4,Mid and South West Wales,2022,904667,11773.0830,LSOA 2021 (E&W),76.8420,1579.8603,20.5599
TLL5,South East Wales,2022,1540185,2809.8713,LSOA 2021 (E&W),548.1336,3230.4785,5.8936
TLM0,Eastern Scotland,2022,930020,11197.3902,Data Zone 2022 (Scotland),83.0569,3149.8343,37.9238
TLM1,East Central Scotland,2022,1064250,2021.1836,Data Zone 2022 (Scotland),526.5479,5639.4568,10.7102
TLM2,Highlands and Islands,2022,489110,40312.4284,Data Zone 2022 (Scotland),12.1330,1531.4313,126.2205
TLM3,West Central Scotland,2022,1520120,1574.0540,Data Zone 2022 (Scotland),965.7356,5321.3579,5.5102
TLM5,North Eastern Scotland,2022,488000,6498.1991,Data Zone 2022 (Scotland),75.0977,3292.9638,43.8490
TLM9,Southern Scotland,2022,955500,16299.0907,Data Zone 2022 (Scotland),58.6229,2902.7786,49.5161
TLN0,Northern Ireland,2022,1910578,13628.3086,Data Zone 2021 (NI),140.1919,3056.2588,21.8005
TLC3,Tees Valley,2023,702389,795.0735,LSOA 2021 (E&W),883.4265,3871.2801,4.3821
TLC4,"Northumberland, Durham and Tyne & Wear",2023,2022416,7785.8652,LSOA 2021 (E&W),259.7548,3390.2932,13.0519
TLD1,Cumbria,2023,506716,6767.9885,LSOA 2021 (E&W),74.8695,1874.3728,25.0352
TLD3,Greater Manchester,2023,2965612,1276.0365,LSOA 2021 (E&W),2324.0809,5171.2708,2.2251
TLD4,Lancashire,2023,1577362,3065.8012,LSOA 2021 (E&W),514.5024,3588.0433,6.9738
TLD6,Cheshire,2023,995099,2266.9744,LSOA 2021 (E&W),438.9547,2814.9552,6.4129
TLD7,Merseyside,2023,1589504,731.2918,LSOA 2021 (E&W),2173.5564,4958.2055,2.2811
TLE1,East Yorkshire and Northern Lincolnshire,2023,953446,3514.3348,LSOA 2021 (E&W),271.3020,3284.2963,12.1057
TLE2,North Yorkshire,2023,835592,8309.2793,LSOA 2021 (E&W),100.5613,2174.8813,21.6274
TLE3,South Yorkshire,2023,1412806,1551.5320,LSOA 2021 (E&W),910.5877,3657.0561,4.0161
TLE4,West Yorkshire,2023,2408679,2029.2777,LSOA 2021 (E&W),1186.9637,4126.7538,3.4767
TLF1,Derbyshire and Nottinghamshire,2023,2257450,4784.1166,LSOA 2021 (E&W),471.8635,3372.2675,7.1467
TLF2,"Leicestershire, Rutland and Northamptonshire",2023,1962808,4902.0639,LSOA 2021 (E&W),400.4044,3895.7375,9.7295
TLF3,Lincolnshire,2023,783984,5937.3134,LSOA 2021 (E&W),132.0436,1817.9556,13.7678
TLG1,"Herefordshire, Worcestershire and Warwickshire",2023,1426077,5895.3401,LSOA 2021 (E&W),241.8990,2409.1346,9.9593
TLG2,Shropshire and Staffordshire,2023,1685663,6201.3592,LSOA 2021 (E&W),271.8215,2620.8582,9.6418
TLG3,West Midlands,2023,2994216,901.6408,LSOA 2021 (E&W),3320.8524,5533.8336,1.6664
TLH2,Bedfordshire and Hertfordshire,2023,1955548,2878.5086,LSOA 2021 (E&W),679.3615,4003.4918,5.8930
TLH3,Essex,2023,1904539,3663.9290,LSOA 2021 (E&W),519.8078,3482.3026,6.6992
TLH4,Cambridgeshire and Peterborough,2023,921579,3389.6180,LSOA 2021 (E&W),271.8828,2745.2438,10.0972
TLH5,Norfolk,2023,933670,5383.5845,LSOA 2021 (E&W),173.4291,2070.1432,11.9365
TLH6,Suffolk,2023,778012,3799.9709,LSOA 2021 (E&W),204.7416,2278.0900,11.1267
TLI3,Inner London - West,2023,1109343,108.9495,LSOA 2021 (E&W),10182.1761,14606.9785,1.4346
TLI4,Inner London - East,2023,2380891,210.3398,LSOA 2021 (E&W),11319.2605,15320.8363,1.3535
TLI5,Outer London - East and North East,2023,1968226,432.3414,LSOA 2021 (E&W),4552.4810,8454.6180,1.8571
TLI6,Outer London - South,2023,1334950,355.3808,LSOA 2021 (E&W),3756.3931,7062.3594,1.8801
TLI7,Outer London - West and North West,2023,2206295,465.0519,LSOA 2021 (E&W),4744.1909,8120.3150,1.7116
TLJ1,"Berkshire, Buckinghamshire and Oxfordshire",2023,2600732,5740.4568,LSOA 2021 (E&W),453.0531,3423.3521,7.5562
TLJ2,"Surrey, East and West Sussex",2023,2976940,5445.0195,LSOA 2021 (E&W),546.7272,3636.4523,6.6513
TLJ3,Hampshire and Isle of Wight,2023,2046186,4148.2886,LSOA 2021 (E&W),493.2603,4062.7350,8.2365
TLJ4,Kent,2023,1905588,3738.1166,LSOA 2021 (E&W),509.7722,3556.7401,6.9771
TLK3,Cornwall and Isles of Scilly,2023,581814,3561.7789,LSOA 2021 (E&W),163.3493,1599.1013,9.7895
TLK4,Devon,2023,1243876,6706.5580,LSOA 2021 (E&W),185.4716,3074.5239,16.5768
TLK5,West of England,2023,985075,952.5943,LSOA 2021 (E&W),1034.0971,5238.1847,5.0655
TLK6,"North Somerset, Somerset and Dorset",2023,1597666,6477.0125,LSOA 2021 (E&W),246.6671,2897.4803,11.7465
TLK7,Gloucestershire and Wiltshire,2023,1421721,6137.9746,LSOA 2021 (E&W),231.6271,2727.2763,11.7744
TLL3,North Wales,2023,693964,6153.5227,LSOA 2021 (E&W),112.7751,1441.2976,12.7803
TLL4,Mid and South West Wales,2023,913561,11773.0830,LSOA 2021 (E&W),77.5974,1633.1943,21.0470
TLL5,South East Wales,2023,1559806,2809.8713,LSOA 2021 (E&W),555.1165,3308.6678,5.9603
TLM0,Eastern Scotland,2023,938080,11197.3902,Data Zone 2022 (Scotland),83.7767,3172.8187,37.8723
TLM1,East Central Scotland,2023,1082120,2021.1836,Data Zone 2022 (Scotland),535.3893,5734.6177,10.7111
TLM2,Highlands and Islands,2023,490600,40312.4284,Data Zone 2022 (Scotland),12.1699,1528.5024,125.5965
TLM3,West Central Scotland,2023,1545350,1574.0540,Data Zone 2022 (Scotland),981.7643,5509.2875,5.6116
TLM5,North Eastern Scotland,2023,495000,6498.1991,Data Zone 2022 (Scotland),76.1750,3364.9532,44.1740
TLM9,Southern Scotland,2023,960650,16299.0907,Data Zone 2022 (Scotland),58.9389,2906.1800,49.3084
TLN0,Northern Ireland,2023,1920395,13628.3086,Data Zone 2021 (NI),140.9122,3079.2465,21.8522
TLC3,Tees Valley,2024,712858,795.0735,LSOA 2021 (E&W),896.5938,3926.4631,4.3793
TLC4,"Northumberland, Durham and Tyne & Wear",2024,2047820,7785.8652,LSOA 2021 (E&W),263.0177,3448.8018,13.1124
TLD1,Cumbria,2024,510680,6767.9885,LSOA 2021 (E&W),75.4552,1905.2235,25.2497
TLD3,Greater Manchester,2024,3009664,1276.0365,LSOA 2021 (E&W),2358.6034,5311.4855,2.2520
TLD4,Lancashire,2024,1601645,3065.8012,LSOA 2021 (E&W),522.4230,3648.5417,6.9839
TLD6,Cheshire,2024,1008341,2266.9744,LSOA 2021 (E&W),444.7959,2857.5929,6.4245
TLD7,Merseyside,2024,1607084,731.2918,LSOA 2021 (E&W),2197.5961,5049.4929,2.2977
TLE1,East Yorkshire and Northern Lincolnshire,2024,962532,3514.3348,LSOA 2021 (E&W),273.8874,3317.5786,12.1129
TLE2,North Yorkshire,2024,844571,8309.2793,LSOA 2021 (E&W),101.6419,2189.6491,21.5428
TLE3,South Yorkshire,2024,1430623,1551.5320,LSOA 2021 (E&W),922.0712,3715.7629,4.0298
TLE4,West Yorkshire,2024,2435236,2029.2777,LSOA 2021 (E&W),1200.0506,4194.3011,3.4951
TLF1,Derbyshire and Nottinghamshire,2024,2284616,4784.1166,LSOA 2021 (E&W),477.5419,3424.6278,7.1714
TLF2,"Leicestershire, Rutland and Northamptonshire",2024,1989046,4902.0639,LSOA 2021 (E&W),405.7568,3932.7014,9.6923
TLF3,Lincolnshire,2024,789502,5937.3134,LSOA 2021 (E&W),132.9729,1840.6393,13.8422
TLG1,"Herefordshire, Worcestershire and Warwickshire",2024,1444614,5895.3401,LSOA 2021 (E&W),245.0434,2422.5731,9.8863
TLG2,Shropshire and Staffordshire,2024,1705985,6201.3592,LSOA 2021 (E&W),275.0986,2646.8768,9.6216
TLG3,West Midlands,2024,3036605,901.6408,LSOA 2021 (E&W),3367.8656,5623.5032,1.6698
TLH2,Bedfordshire and Hertfordshire,2024,1986134,2878.5086,LSOA 2021 (E&W),689.9872,4085.5407,5.9212
TLH3,Essex,2024,1929610,3663.9290,LSOA 2021 (E&W),526.6505,3531.9860,6.7065
TLH4,Cambridgeshire and Peterborough,2024,933972,3389.6180,LSOA 2021 (E&W),275.5390,2753.0329,9.9914
TLH5,Norfolk,2024,940359,5383.5845,LSOA 2021 (E&W),174.6715,2079.9411,11.9077
TLH6,Suffolk,2024,786231,3799.9709,LSOA 2021 (E&W),206.9045,2287.9082,11.0578
TLI3,Inner London - West,2024,1112910,108.9495,LSOA 2021 (E&W),10214.9161,14631.5742,1.4324
TLI4,Inner London - East,2024,2393002,210.3398,LSOA 2021 (E&W),11376.8388,15412.7051,1.3547
TLI5,Outer London - East and North East,2024,1993385,432.3414,LSOA 2021 (E&W),4610.6734,8577.1069,1.8603
TLI6,Outer London - South,2024,1350417,355.3808,LSOA 2021 (E&W),3799.9155,7200.1254,1.8948
TLI7,Outer London - West and North West,2024,2240022,465.0519,LSOA 2021 (E&W),4816.7140,8267.8383,1.7165
TLJ1,"Berkshire, Buckinghamshire and Oxfordshire",2024,2640201,5740.4568,LSOA 2021 (E&W),459.9287,3468.5616,7.5415
TLJ2,"Surrey, East and West Sussex",2024,3008438,5445.0195,LSOA 2021 (E&W),552.5119,3683.8674,6.6675
TLJ3,Hampshire and Isle of Wight,2024,2062619,4148.2886,LSOA 2021 (E&W),497.2217,4099.7676,8.2454
TLJ4,Kent,2024,1931684,3738.1166,LSOA 2021 (E&W),516.7533,3612.8681,6.9915
TLK3,Cornwall and Isles of Scilly,2024,585655,3561.7789,LSOA 2021 (E&W),164.4277,1606.6075,9.7709
TLK4,Devon,2024,1254506,6706.5580,LSOA 2021 (E&W),187.0566,3107.3075,16.6116
TLK5,West of England,2024,1000759,952.5943,LSOA 2021 (E&W),1050.5616,5304.5945,5.0493
TLK6,"North Somerset, Somerset and Dorset",2024,1611820,6477.0125,LSOA 2021 (E&W),248.8524,2929.8373,11.7734
TLK7,Gloucestershire and Wiltshire,2024,1436955,6137.9746,LSOA 2021 (E&W),234.1090,2761.4579,11.7956
TLL3,North Wales,2024,697115,6153.5227,LSOA 2021 (E&W),113.2871,1448.0010,12.7817
TLL4,Mid and South West Wales,2024,918772,11773.0830,LSOA 2021 (E&W),78.0401,1650.6050,21.1507
TLL5,South East Wales,2024,1570694,2809.8713,LSOA 2021 (E&W),558.9914,3330.7185,5.9584
TLM0,Eastern Scotland,2024,940150,11197.3902,Data Zone 2022 (Scotland),83.9615,3155.7584,37.5858
TLM1,East Central Scotland,2024,1092980,2021.1836,Data Zone 2022 (Scotland),540.7624,5740.7170,10.6160
TLM2,Highlands and Islands,2024,490970,40312.4284,Data Zone 2022 (Scotland),12.1791,1531.8286,125.7750
TLM3,West Central Scotland,2024,1559160,1574.0540,Data Zone 2022 (Scotland),990.5378,5589.0148,5.6424
TLM5,North Eastern Scotland,2024,496430,6498.1991,Data Zone 2022 (Scotland),76.3950,3345.4800,43.7919
TLM9,Southern Scotland,2024,963610,16299.0907,Data Zone 2022 (Scotland),59.1205,2905.9832,49.1536
TLN0,Northern Ireland,2024,1927849,13628.3086,Data Zone 2021 (NI),141.4592,3104.3011,21.9449
