itl2_code,itl2_name,year,inflow,outflow,net_migration,inflow_itl2,outflow_itl2,moves_within_itl2
TLC1,Tees Valley and Durham,2012,42883.0,45116.0,-2233.0,29138.0,31392.0,13699.0
TLC2,"Northumberland, and Tyne and Wear",2012,57988.0,59404.0,-1416.0,34194.0,35596.0,23766.0
TLD1,Cumbria,2012,14532.0,15207.0,-675.0,12771.0,13440.0,1761.0
TLD3,Greater Manchester,2012,124545.0,130799.0,-6254.0,73763.0,79971.0,50798.0
TLD4,Lancashire,2012,78145.0,80918.0,-2773.0,43390.0,46160.0,34645.0
TLD6,Cheshire,2012,37775.0,36526.0,1249.0,33697.0,32453.0,4079.0
TLD7,Merseyside,2012,57333.0,60199.0,-2866.0,37021.0,39886.0,20290.0
TLE1,East Yorkshire and Northern Lincolnshire,2012,37105.0,37802.0,-697.0,24722.0,25419.0,12380.0
TLE2,North Yorkshire,2012,39577.0,36295.0,3282.0,35240.0,31968.0,4320.0
TLE3,South Yorkshire,2012,50751.0,52247.0,-1496.0,39738.0,41241.0,11002.0
TLE4,West Yorkshire,2012,90811.0,96356.0,-5545.0,65423.0,70962.0,25383.0
TLF1,Derbyshire and Nottinghamshire,2012,116492.0,113976.0,2516.0,65139.0,62624.0,51248.0
TLF2,"Leicestershire, Rutland and Northamptonshire",2012,91258.0,90153.0,1105.0,60909.0,59773.0,30324.0
TLF3,Lincolnshire,2012,42676.0,40651.0,2025.0,29561.0,27505.0,13089.0
TLG1,"Herefordshire, Worcestershire and Warwickshire",2012,66285.0,62578.0,3707.0,49121.0,45381.0,17104.0
TLG2,Shropshire and Staffordshire,2012,70424.0,70133.0,291.0,45638.0,45325.0,24758.0
TLG3,West Midlands,2012,119179.0,131273.0,-12094.0,74459.0,86570.0,44693.0
TLH1,East Anglia,2012,140557.0,133274.0,7283.0,75007.0,67715.0,65507.0
TLH2,Bedfordshire and Hertfordshire,2012,105457.0,101406.0,4051.0,71995.0,67983.0,33347.0
TLH3,Essex,2012,90290.0,83776.0,6514.0,56023.0,49557.0,34133.0
TLI3,Inner London - West,2012,111746.0,123654.0,-11908.0,88148.0,100056.0,23607.0
TLI4,Inner London - East,2012,197460.0,218219.0,-20759.0,139898.0,160661.0,57559.0
TLI5,Outer London - East and North East,2012,108548.0,116623.0,-8075.0,84823.0,92943.0,23686.0
TLI6,Outer London - South,2012,82124.0,79428.0,2696.0,68514.0,65793.0,13610.0
TLI7,Outer London - West and North West,2012,134986.0,147384.0,-12398.0,93968.0,106370.0,40994.0
TLJ1,"Berkshire, Buckinghamshire and Oxfordshire",2012,140084.0,138266.0,1818.0,99208.0,97367.0,40839.0
TLJ2,"Surrey, East and West Sussex",2012,180466.0,166829.0,13637.0,112142.0,98550.0,68196.0
TLJ3,Hampshire and Isle of Wight,2012,113644.0,110327.0,3317.0,71918.0,68576.0,41672.0
TLJ4,Kent,2012,99892.0,91161.0,8731.0,61158.0,52471.0,38664.0
TLK1,"Gloucestershire, Wiltshire and Bath/Bristol area",2012,135150.0,128693.0,6457.0,86614.0,80113.0,48490.0
TLK2,Dorset and Somerset,2012,64502.0,58022.0,6480.0,52645.0,46171.0,11843.0
TLK3,Cornwall and Isles of Scilly,2012,23977.0,19642.0,4335.0,23872.0,19536.0,96.0
TLK4,Devon,2012,69876.0,64810.0,5066.0,45928.0,40855.0,23908.0
TLL1,West Wales and The Valleys,2012,77997.0,75256.0,2741.0,49707.0,46989.0,28217.0
TLL2,East Wales,2012,56261.0,55636.0,625.0,46076.0,45461.0,10148.0
TLM5,North Eastern Scotland,2012,17420.0,16407.0,1013.0,11562.0,10549.0,5858.0
TLM6,Highlands and Islands,2012,15036.0,14315.0,721.0,13308.0,12587.0,1728.0
TLM7,Eastern Scotland,2012,61951.0,59425.0,2526.0,36008.0,33482.0,25943.0
TLM8,West Central Scotland,2012,39880.0,42421.0,-2541.0,24760.0,27301.0,15120.0
TLM9,Southern Scotland,2012,24686.0,23345.0,1341.0,20133.0,18792.0,4553.0
TLN0,Northern Ireland,2012,,,-1768.0,10273.0,12041.0,
TLC1,Tees Valley and Durham,2013,43965.0,45976.0,-2011.0,29627.0,31641.0,14304.0
TLC2,"Northumberland, and Tyne and Wear",2013,58624.0,58946.0,-322.0,35318.0,35667.0,23255.0
TLD1,Cumbria,2013,14594.0,14860.0,-266.0,12860.0,13105.0,1736.0
TLD3,Greater Manchester,2013,123237.0,130778.0,-7541.0,74315.0,81851.0,48904.0
TLD4,Lancashire,2013,77323.0,79436.0,-2113.0,43100.0,45206.0,34165.0
TLD6,Cheshire,2013,36977.0,35027.0,1950.0,33075.0,31106.0,3900.0
TLD7,Merseyside,2013,56311.0,58801.0,-2490.0,36850.0,39327.0,19446.0
TLE1,East Yorkshire and Northern Lincolnshire,2013,34997.0,37396.0,-2399.0,22895.0,25280.0,12093.0
TLE2,North Yorkshire,2013,39030.0,36178.0,2852.0,34627.0,31761.0,4409.0
TLE3,South Yorkshire,2013,49046.0,51833.0,-2787.0,38353.0,41138.0,10679.0
TLE4,West Yorkshire,2013,88819.0,95373.0,-6554.0,64014.0,70547.0,24795.0
TLF1,Derbyshire and Nottinghamshire,2013,118228.0,117966.0,262.0,64732.0,64450.0,53393.0
TLF2,"Leicestershire, Rutland and Northamptonshire",2013,88947.0,88276.0,671.0,58929.0,58238.0,29954.0
TLF3,Lincolnshire,2013,42592.0,40080.0,2512.0,29307.0,26794.0,13264.0
TLG1,"Herefordshire, Worcestershire and Warwickshire",2013,63419.0,60620.0,2799.0,46692.0,43889.0,16651.0
TLG2,Shropshire and Staffordshire,2013,70223.0,68638.0,1585.0,46072.0,44498.0,24051.0
TLG3,West Midlands,2013,119644.0,128336.0,-8692.0,77295.0,85965.0,42347.0
TLH1,East Anglia,2013,138130.0,130953.0,7177.0,74079.0,66896.0,63997.0
TLH2,Bedfordshire and Hertfordshire,2013,106136.0,100101.0,6035.0,73002.0,66947.0,33073.0
TLH3,Essex,2013,88830.0,82171.0,6659.0,55199.0,48554.0,33506.0
TLI3,Inner London - West,2013,108681.0,123037.0,-14356.0,87006.0,101339.0,21661.0
TLI4,Inner London - East,2013,199210.0,217495.0,-18285.0,141048.0,159324.0,58136.0
TLI5,Outer London - East and North East,2013,109793.0,117019.0,-7226.0,85760.0,92978.0,24007.0
TLI6,Outer London - South,2013,81196.0,79889.0,1307.0,67779.0,66484.0,13392.0
TLI7,Outer London - West and North West,2013,131197.0,145674.0,-14477.0,93062.0,107543.0,38103.0
TLJ1,"Berkshire, Buckinghamshire and Oxfordshire",2013,144791.0,142285.0,2506.0,100999.0,98516.0,43752.0
TLJ2,"Surrey, East and West Sussex",2013,175959.0,161490.0,14469.0,109679.0,95236.0,66117.0
TLJ3,Hampshire and Isle of Wight,2013,111850.0,110562.0,1288.0,70561.0,69294.0,41231.0
TLJ4,Kent,2013,100247.0,91806.0,8441.0,60679.0,52279.0,39479.0
TLK1,"Gloucestershire, Wiltshire and Bath/Bristol area",2013,140316.0,130964.0,9352.0,89904.0,80567.0,50340.0
TLK2,Dorset and Somerset,2013,63413.0,56668.0,6745.0,51898.0,45158.0,11514.0
TLK3,Cornwall and Isles of Scilly,2013,22268.0,19168.0,3100.0,22129.0,19026.0,130.0
TLK4,Devon,2013,69523.0,64246.0,5277.0,45059.0,39797.0,24410.0
TLL1,West Wales and The Valleys,2013,74221.0,75252.0,-1031.0,46908.0,47961.0,27196.0
TLL2,East Wales,2013,54605.0,55450.0,-845.0,44607.0,45454.0,9986.0
TLM5,North Eastern Scotland,2013,19067.0,17070.0,1997.0,12702.0,10705.0,6365.0
TLM6,Highlands and Islands,2013,15482.0,14247.0,1235.0,13686.0,12451.0,1796.0
TLM7,Eastern Scotland,2013,64329.0,60745.0,3584.0,37240.0,33656.0,27089.0
TLM8,West Central Scotland,2013,41765.0,43188.0,-1423.0,26100.0,27523.0,15665.0
TLM9,Southern Scotland,2013,25447.0,22970.0,2477.0,20832.0,18355.0,4615.0
TLN0,Northern Ireland,2013,,,-1458.0,10288.0,11746.0,
TLC1,Tees Valley and Durham,2014,45084.0,46134.0,-1050.0,31017.0,32061.0,14031.0
TLC2,"Northumberland, and Tyne and Wear",2014,62682.0,60758.0,1924.0,38534.0,36605.0,24141.0
TLD1,Cumbria,2014,16080.0,15633.0,447.0,14195.0,13742.0,1885.0
TLD3,Greater Manchester,2014,140277.0,146690.0,-6413.0,83709.0,90094.0,56555.0
TLD4,Lancashire,2014,84628.0,86306.0,-1678.0,47766.0,49492.0,36786.0
TLD6,Cheshire,2014,41354.0,38398.0,2956.0,37141.0,34181.0,4216.0
TLD7,Merseyside,2014,66841.0,67791.0,-950.0,42695.0,43627.0,24117.0
TLE1,East Yorkshire and Northern Lincolnshire,2014,40069.0,40351.0,-282.0,26590.0,26887.0,13457.0
TLE2,North Yorkshire,2014,41363.0,39413.0,1950.0,36410.0,34469.0,4953.0
TLE3,South Yorkshire,2014,54281.0,56182.0,-1901.0,42196.0,44101.0,12068.0
TLE4,West Yorkshire,2014,93229.0,100024.0,-6795.0,68018.0,74839.0,25201.0
TLF1,Derbyshire and Nottinghamshire,2014,131616.0,129717.0,1899.0,72287.0,70398.0,59242.0
TLF2,"Leicestershire, Rutland and Northamptonshire",2014,99260.0,97341.0,1919.0,65792.0,63882.0,33404.0
TLF3,Lincolnshire,2014,48732.0,45446.0,3286.0,33690.0,30409.0,15017.0
TLG1,"Herefordshire, Worcestershire and Warwickshire",2014,71608.0,67388.0,4220.0,52149.0,47913.0,19383.0
TLG2,Shropshire and Staffordshire,2014,74069.0,73221.0,848.0,48617.0,47770.0,25407.0
TLG3,West Midlands,2014,133241.0,143304.0,-10063.0,84536.0,94614.0,48676.0
TLH1,East Anglia,2014,145594.0,138525.0,7069.0,78489.0,71429.0,67012.0
TLH2,Bedfordshire and Hertfordshire,2014,113900.0,110468.0,3432.0,77319.0,73902.0,36482.0
TLH3,Essex,2014,99884.0,87056.0,12828.0,63261.0,50478.0,36493.0
TLI3,Inner London - West,2014,116821.0,132909.0,-16088.0,93219.0,109281.0,23622.0
TLI4,Inner London - East,2014,214746.0,239299.0,-24553.0,151735.0,176312.0,62991.0
TLI5,Outer London - East and North East,2014,121393.0,130904.0,-9511.0,93124.0,102613.0,28278.0
TLI6,Outer London - South,2014,84987.0,88913.0,-3926.0,70624.0,74553.0,14331.0
TLI7,Outer London - West and North West,2014,133498.0,157498.0,-24000.0,94183.0,118217.0,39293.0
TLJ1,"Berkshire, Buckinghamshire and Oxfordshire",2014,149367.0,150216.0,-849.0,106258.0,107062.0,43107.0
TLJ2,"Surrey, East and West Sussex",2014,189275.0,176128.0,13147.0,116776.0,103639.0,72347.0
TLJ3,Hampshire and Isle of Wight,2014,118622.0,116362.0,2260.0,74118.0,71824.0,44465.0
TLJ4,Kent,2014,110812.0,99331.0,11481.0,67328.0,55884.0,43380.0
TLK1,"Gloucestershire, Wiltshire and Bath/Bristol area",2014,154259.0,145662.0,8597.0,96583.0,87934.0,57658.0
TLK2,Dorset and Somerset,2014,72034.0,63291.0,8743.0,57694.0,48952.0,14324.0
TLK3,Cornwall and Isles of Scilly,2014,24389.0,20124.0,4265.0,24270.0,19994.0,119.0
TLK4,Devon,2014,80226.0,72231.0,7995.0,51383.0,43349.0,28806.0
TLL1,West Wales and The Valleys,2014,79241.0,78465.0,776.0,50158.0,49387.0,28982.0
TLL2,East Wales,2014,57408.0,58292.0,-884.0,47112.0,47980.0,10268.0
TLM5,North Eastern Scotland,2014,19309.0,17896.0,1413.0,12747.0,11334.0,6562.0
TLM6,Highlands and Islands,2014,15378.0,14490.0,888.0,13594.0,12706.0,1784.0
TLM7,Eastern Scotland,2014,67034.0,62212.0,4822.0,38821.0,33999.0,28213.0
TLM8,West Central Scotland,2014,43529.0,43317.0,212.0,27241.0,27029.0,16288.0
TLM9,Southern Scotland,2014,25519.0,23234.0,2285.0,20970.0,18685.0,4549.0
TLN0,Northern Ireland,2014,,,-685.0,10998.0,11683.0,
TLC1,Tees Valley and Durham,2015,46898.1077,47286.0008,-387.89310000000114,32162.0,32538.0,14727.0
TLC2,"Northumberland, and Tyne and Wear",2015,62053.0687,63055.0009,-1001.9321999999956,37522.0,38507.0,24513.0
TLD1,Cumbria,2015,16430.7621,15425.6866,1005.075499999999,14473.0,13441.0,1959.0
TLD3,Greater Manchester,2015,135529.1753,136758.99539999999,-1229.8200999999826,83814.0,85060.0,51728.0
TLD4,Lancashire,2015,82730.2614,83195.0046,-464.74319999999716,46855.0,47302.0,35799.0
TLD6,Cheshire,2015,41121.0965,38016.9969,3104.0996000000014,36786.0,33684.0,4322.0
TLD7,Merseyside,2015,62685.1553,60095.0027,2590.1526000000013,43462.0,40885.0,19210.0
TLE1,East Yorkshire and Northern Lincolnshire,2015,36662.0669,38440.9973,-1778.9304000000047,24346.0,26120.0,12291.0
TLE2,North Yorkshire,2015,41249.8557,39047.7114,2202.1443,36664.0,34461.0,4594.0
TLE3,South Yorkshire,2015,53403.0705,55587.0028,-2183.9323000000004,42178.0,44381.0,11187.0
TLE4,West Yorkshire,2015,96168.1712,100078.0027,-3909.8315000000002,70339.0,74257.0,25806.0
TLF1,Derbyshire and Nottinghamshire,2015,128214.1049,124765.9997,3448.1052000000054,71437.0,67957.0,56706.0
TLF2,"Leicestershire, Rutland and Northamptonshire",2015,99279.3536,95061.2139,4218.1397,66480.0,62278.0,32738.0
TLF3,Lincolnshire,2015,44901.096300000005,42607.9991,2293.097200000004,30884.0,28570.0,13982.0
TLG1,"Herefordshire, Worcestershire and Warwickshire",2015,67486.1967,63958.0001,3528.196600000003,50000.0,46506.0,17390.0
TLG2,Shropshire and Staffordshire,2015,73480.2647,72795.9972,684.2675000000017,48547.0,47855.0,24879.0
TLG3,West Midlands,2015,127986.1824,137373.9943,-9387.811899999986,87702.0,97094.0,40257.0
TLH1,East Anglia,2015,147338.9791,139177.6974,8161.281699999992,80357.0,72214.0,66901.0
TLH2,Bedfordshire and Hertfordshire,2015,114365.2221,111657.9967,2707.2253999999957,79075.0,76340.0,35211.0
TLH3,Essex,2015,98773.156,93141.0031,5632.152900000001,61834.0,56199.0,36838.0
TLI3,Inner London - West,2015,120625.08899999999,133925.005,-13299.916000000012,96837.0,110141.0,23791.0
TLI4,Inner London - East,2015,221306.0006,243465.0047,-22159.00409999999,157368.0,179516.0,63938.0
TLI5,Outer London - East and North East,2015,120412.1042,130203.0082,-9790.903999999995,94702.0,104515.0,25659.0
TLI6,Outer London - South,2015,85731.1091,89261.99710000001,-3530.8880000000063,71933.0,75483.0,13781.0
TLI7,Outer London - West and North West,2015,133882.1563,163919.0026,-30036.846300000005,94922.0,124965.0,38939.0
TLJ1,"Berkshire, Buckinghamshire and Oxfordshire",2015,151565.4792,154433.1175,-2867.6382999999914,107706.0,110616.0,43802.0
TLJ2,"Surrey, East and West Sussex",2015,185404.5981,175356.0127,10048.58540000001,114868.0,104789.0,70401.0
TLJ3,Hampshire and Isle of Wight,2015,122554.2513,118246.9994,4307.251900000003,78038.0,73727.0,44455.0
TLJ4,Kent,2015,107977.185,101025.0043,6952.180699999997,65466.0,58551.0,42428.0
TLK1,"Gloucestershire, Wiltshire and Bath/Bristol area",2015,152760.3021,138853.00710000002,13907.294999999984,99571.0,85618.0,53161.0
TLK2,Dorset and Somerset,2015,67232.72899999999,59393.389200000005,7839.339799999987,55367.0,47530.0,11870.0
TLK3,Cornwall and Isles of Scilly,2015,24371.053799999998,19391.0016,4980.052199999998,24245.0,19273.0,116.0
TLK4,Devon,2015,77518.1525,69457.0035,8061.14899999999,50252.0,42155.0,27226.0
TLL1,West Wales and The Valleys,2015,79514.1501,78747.99799999999,766.1521000000066,51205.0,50437.0,28216.0
TLL2,East Wales,2015,58297.0932,60296.0029,-1998.9096999999965,48110.0,50132.0,10138.0
TLM5,North Eastern Scotland,2015,17919.0,19266.0,-1347.0,11214.0,12561.0,6705.0
TLM6,Highlands and Islands,2015,15756.0,14628.0,1128.0,13816.0,12688.0,1940.0
TLM7,Eastern Scotland,2015,69708.0,64177.0,5531.0,39566.0,34035.0,30142.0
TLM8,West Central Scotland,2015,46496.0,46059.0,437.0,28651.0,28214.0,17845.0
TLM9,Southern Scotland,2015,26560.0,23949.0,2611.0,21664.0,19053.0,4896.0
TLN0,Northern Ireland,2015,,,-777.0,10404.0,11181.0,
TLC1,Tees Valley and Durham,2016,46270.0,46461.0,-191.0,31874.0,32050.0,14404.0
TLC2,"Northumberland, and Tyne and Wear",2016,61681.0,60762.0,919.0,37539.0,36618.0,24115.0
TLD1,Cumbria,2016,16431.0,16027.0,404.0,14480.0,14085.0,1948.0
TLD3,Greater Manchester,2016,136487.0,137164.0,-677.0,85048.0,85731.0,51427.0
TLD4,Lancashire,2016,84886.0,84941.0,-55.0,48535.0,48591.0,36308.0
TLD6,Cheshire,2016,41900.0,38469.0,3431.0,37447.0,34014.0,4448.0
TLD7,Merseyside,2016,64301.0,60800.0,3501.0,44714.0,41226.0,19549.0
TLE1,East Yorkshire and Northern Lincolnshire,2016,38894.0,37669.0,1225.0,26232.0,25008.0,12647.0
TLE2,North Yorkshire,2016,41110.0,40114.0,996.0,36394.0,35393.0,4710.0
TLE3,South Yorkshire,2016,54286.0,54399.0,-113.0,43149.0,43279.0,11125.0
TLE4,West Yorkshire,2016,96757.0,99789.0,-3032.0,71088.0,74123.0,25658.0
TLF1,Derbyshire and Nottinghamshire,2016,126862.0,121661.0,5201.0,71999.0,66794.0,54755.0
TLF2,"Leicestershire, Rutland and Northamptonshire",2016,99133.0,93491.0,5642.0,67347.0,61709.0,31728.0
TLF3,Lincolnshire,2016,44760.0,41149.0,3611.0,31172.0,27558.0,13558.0
TLG1,"Herefordshire, Worcestershire and Warwickshire",2016,69380.0,64609.0,4771.0,51522.0,46750.0,17789.0
TLG2,Shropshire and Staffordshire,2016,74724.0,71101.0,3623.0,50481.0,46808.0,24254.0
TLG3,West Midlands,2016,129558.0,136424.0,-6866.0,89115.0,95978.0,40447.0
TLH1,East Anglia,2016,148858.0,140757.0,8101.0,81461.0,73330.0,67339.0
TLH2,Bedfordshire and Hertfordshire,2016,111014.0,109326.0,1688.0,77226.0,75551.0,33704.0
TLH3,Essex,2016,97743.0,90628.0,7115.0,61918.0,54849.0,35733.0
TLI3,Inner London - West,2016,116460.0,138622.0,-22162.0,92247.0,114408.0,24197.0
TLI4,Inner London - East,2016,215952.0,243233.0,-27281.0,153399.0,180663.0,62542.0
TLI5,Outer London - East and North East,2016,116953.0,129766.0,-12813.0,92132.0,105005.0,24775.0
TLI6,Outer London - South,2016,83331.0,90616.0,-7285.0,69606.0,76914.0,13690.0
TLI7,Outer London - West and North West,2016,132879.0,163857.0,-30978.0,94427.0,125443.0,38417.0
TLJ1,"Berkshire, Buckinghamshire and Oxfordshire",2016,151035.0,157492.0,-6457.0,106709.0,113203.0,44283.0
TLJ2,"Surrey, East and West Sussex",2016,183998.0,176098.0,7900.0,113975.0,106064.0,69879.0
TLJ3,Hampshire and Isle of Wight,2016,121857.0,117344.0,4513.0,77952.0,73428.0,43848.0
TLJ4,Kent,2016,106875.0,99483.0,7392.0,64954.0,57581.0,41868.0
TLK1,"Gloucestershire, Wiltshire and Bath/Bristol area",2016,150317.0,136586.0,13731.0,98997.0,85248.0,51292.0
TLK2,Dorset and Somerset,2016,67754.0,58352.0,9402.0,56216.0,46788.0,11542.0
TLK3,Cornwall and Isles of Scilly,2016,24927.0,20081.0,4846.0,24781.0,19921.0,150.0
TLK4,Devon,2016,78705.0,69863.0,8842.0,51544.0,42681.0,27127.0
TLL1,West Wales and The Valleys,2016,81278.0,79086.0,2192.0,52728.0,50515.0,28468.0
TLL2,East Wales,2016,59664.0,59599.0,65.0,49037.0,48949.0,10607.0
TLM5,North Eastern Scotland,2016,15322.0,19444.0,-4122.0,9377.0,13499.0,5945.0
TLM6,Highlands and Islands,2016,15877.0,14283.0,1594.0,13989.0,12395.0,1888.0
TLM7,Eastern Scotland,2016,68125.0,63026.0,5099.0,38790.0,33691.0,29335.0
TLM8,West Central Scotland,2016,47868.0,44476.0,3392.0,29904.0,26512.0,17964.0
TLM9,Southern Scotland,2016,26512.0,23675.0,2837.0,21640.0,18803.0,4872.0
TLN0,Northern Ireland,2016,,,25.0,10758.0,10733.0,
TLC1,Tees Valley and Durham,2017,55482.0,53476.0,2006.0,38187.0,36181.0,17268.0
TLC2,"Northumberland, and Tyne and Wear",2017,70956.0,68307.0,2649.0,43419.0,40763.0,27512.0
TLD1,Cumbria,2017,16710.0,15717.0,993.0,14733.0,13731.0,1978.0
TLD3,Greater Manchester,2017,153536.0,155818.0,-2282.0,87697.0,90005.0,65806.0
TLD4,Lancashire,2017,86375.0,82816.0,3559.0,51436.0,47908.0,34803.0
TLD6,Cheshire,2017,46144.0,41029.0,5115.0,41688.0,36585.0,4447.0
TLD7,Merseyside,2017,73900.0,69423.0,4477.0,48834.0,44348.0,25038.0
TLE1,East Yorkshire and Northern Lincolnshire,2017,43930.0,43006.0,924.0,29879.0,28927.0,14059.0
TLE2,North Yorkshire,2017,51258.0,47930.0,3328.0,46087.0,42747.0,5182.0
TLE3,South Yorkshire,2017,65920.0,66594.0,-674.0,50655.0,51343.0,15247.0
TLE4,West Yorkshire,2017,112649.0,115907.0,-3258.0,79010.0,82274.0,33634.0
TLF1,Derbyshire and Nottinghamshire,2017,156083.0,147159.0,8924.0,89762.0,80771.0,66263.0
TLF2,"Leicestershire, Rutland and Northamptonshire",2017,122295.0,111933.0,10362.0,86331.0,75976.0,35938.0
TLF3,Lincolnshire,2017,57096.0,51892.0,5204.0,41043.0,35812.0,16048.0
TLG1,"Herefordshire, Worcestershire and Warwickshire",2017,81498.0,74324.0,7174.0,61164.0,53963.0,20270.0
TLG2,Shropshire and Staffordshire,2017,85062.0,79818.0,5244.0,57336.0,52060.0,27683.0
TLG3,West Midlands,2017,156734.0,165687.0,-8953.0,99664.0,108610.0,57067.0
TLH1,East Anglia,2017,175271.0,165084.0,10187.0,97007.0,86861.0,78207.0
TLH2,Bedfordshire and Hertfordshire,2017,125701.0,134357.0,-8656.0,84029.0,92646.0,41615.0
TLH3,Essex,2017,113397.0,107743.0,5654.0,71349.0,65749.0,41945.0
TLI3,Inner London - West,2017,118248.0,133787.0,-15539.0,95043.0,110590.0,23177.0
TLI4,Inner London - East,2017,226035.0,260615.0,-34580.0,160041.0,194619.0,66004.0
TLI5,Outer London - East and North East,2017,132568.0,156207.0,-23639.0,101658.0,125363.0,30846.0
TLI6,Outer London - South,2017,93848.0,103902.0,-10054.0,76455.0,86516.0,17371.0
TLI7,Outer London - West and North West,2017,155805.0,191676.0,-35871.0,105154.0,140995.0,50658.0
TLJ1,"Berkshire, Buckinghamshire and Oxfordshire",2017,159973.0,169191.0,-9218.0,113425.0,122672.0,46490.0
TLJ2,"Surrey, East and West Sussex",2017,207275.0,201963.0,5312.0,127683.0,122395.0,79410.0
TLJ3,Hampshire and Isle of Wight,2017,129957.0,125476.0,4481.0,85400.0,80917.0,44478.0
TLJ4,Kent,2017,110959.0,103049.0,7910.0,69087.0,61235.0,41760.0
TLK1,"Gloucestershire, Wiltshire and Bath/Bristol area",2017,170737.0,158178.0,12559.0,112332.0,99725.0,58381.0
TLK2,Dorset and Somerset,2017,77698.0,68903.0,8795.0,64660.0,55874.0,13017.0
TLK3,Cornwall and Isles of Scilly,2017,29004.0,21314.0,7690.0,28861.0,21172.0,136.0
TLK4,Devon,2017,90695.0,77341.0,13354.0,63027.0,49666.0,27638.0
TLL1,West Wales and The Valleys,2017,77429.0,74011.0,3418.0,51202.0,47755.0,26111.0
TLL2,East Wales,2017,57075.0,54706.0,2369.0,47701.0,45310.0,9327.0
TLM5,North Eastern Scotland,2017,14688.0,18482.0,-3794.0,9277.0,13071.0,5411.0
TLM6,Highlands and Islands,2017,15555.0,14327.0,1228.0,13832.0,12604.0,1723.0
TLM7,Eastern Scotland,2017,68838.0,62662.0,6176.0,39590.0,33414.0,29248.0
TLM8,West Central Scotland,2017,47414.0,44451.0,2963.0,29637.0,26674.0,17777.0
TLM9,Southern Scotland,2017,27198.0,23341.0,3857.0,22284.0,18427.0,4914.0
TLN0,Northern Ireland,2017,,,581.0,10721.0,10140.0,
TLC1,Tees Valley and Durham,2018,55529.0,54905.0,624.0,37920.0,37285.0,17586.0
TLC2,"Northumberland, and Tyne and Wear",2018,72747.0,68276.0,4471.0,44788.0,40323.0,27932.0
TLD1,Cumbria,2018,16680.0,15104.0,1576.0,14799.0,13224.0,1881.0
TLD3,Greater Manchester,2018,153140.0,155611.0,-2471.0,87736.0,90207.0,65365.0
TLD4,Lancashire,2018,84229.0,80680.0,3549.0,50335.0,46780.0,33798.0
TLD6,Cheshire,2018,46238.0,41310.0,4928.0,41762.0,36839.0,4468.0
TLD7,Merseyside,2018,76476.0,71273.0,5203.0,50187.0,44985.0,26246.0
TLE1,East Yorkshire and Northern Lincolnshire,2018,42200.0,42193.0,7.0,28673.0,28666.0,13516.0
TLE2,North Yorkshire,2018,50595.0,47396.0,3199.0,45525.0,42334.0,5065.0
TLE3,South Yorkshire,2018,67490.0,65395.0,2095.0,52426.0,50328.0,15048.0
TLE4,West Yorkshire,2018,112717.0,116699.0,-3982.0,79270.0,83280.0,33428.0
TLF1,Derbyshire and Nottinghamshire,2018,153472.0,145491.0,7981.0,88687.0,80676.0,64756.0
TLF2,"Leicestershire, Rutland and Northamptonshire",2018,117971.0,112793.0,5178.0,81778.0,76561.0,36137.0
TLF3,Lincolnshire,2018,55521.0,50260.0,5261.0,40018.0,34741.0,15513.0
TLG1,"Herefordshire, Worcestershire and Warwickshire",2018,81925.0,73335.0,8590.0,61965.0,53378.0,19876.0
TLG2,Shropshire and Staffordshire,2018,84169.0,77212.0,6957.0,57255.0,50256.0,26911.0
TLG3,West Midlands,2018,152965.0,166657.0,-13692.0,97519.0,111219.0,55422.0
TLH1,East Anglia,2018,172019.0,163060.0,8959.0,95349.0,86413.0,76682.0
TLH2,Bedfordshire and Hertfordshire,2018,121303.0,128662.0,-7359.0,81768.0,89154.0,39448.0
TLH3,Essex,2018,111487.0,105693.0,5794.0,71305.0,65532.0,40104.0
TLI3,Inner London - West,2018,119902.0,132732.0,-12830.0,96820.0,109627.0,23081.0
TLI4,Inner London - East,2018,228738.0,260155.0,-31417.0,162167.0,193530.0,66572.0
TLI5,Outer London - East and North East,2018,131909.0,156090.0,-24181.0,100839.0,125028.0,31061.0
TLI6,Outer London - South,2018,93238.0,103296.0,-10058.0,75766.0,85807.0,17457.0
TLI7,Outer London - West and North West,2018,156635.0,188493.0,-31858.0,105819.0,137669.0,50812.0
TLJ1,"Berkshire, Buckinghamshire and Oxfordshire",2018,160201.0,164825.0,-4624.0,114609.0,119206.0,45564.0
TLJ2,"Surrey, East and West Sussex",2018,205387.0,199791.0,5596.0,126798.0,121264.0,78428.0
TLJ3,Hampshire and Isle of Wight,2018,125636.0,124127.0,1509.0,82038.0,80602.0,43486.0
TLJ4,Kent,2018,110737.0,103498.0,7239.0,68070.0,60838.0,42595.0
TLK1,"Gloucestershire, Wiltshire and Bath/Bristol area",2018,170122.0,158330.0,11792.0,112061.0,100287.0,57998.0
TLK2,Dorset and Somerset,2018,77180.0,69631.0,7549.0,64271.0,56714.0,12914.0
TLK3,Cornwall and Isles of Scilly,2018,27791.0,21700.0,6091.0,27623.0,21545.0,154.0
TLK4,Devon,2018,88174.0,76953.0,11221.0,60954.0,49702.0,27242.0
TLL1,West Wales and The Valleys,2018,77711.0,72765.0,4946.0,51271.0,46340.0,26303.0
TLL2,East Wales,2018,56577.0,54611.0,1966.0,47688.0,45704.0,8844.0
TLM5,North Eastern Scotland,2018,14234.0,17291.0,-3057.0,8821.0,11878.0,5413.0
TLM6,Highlands and Islands,2018,15524.0,14124.0,1400.0,13684.0,12284.0,1840.0
TLM7,Eastern Scotland,2018,68473.0,63493.0,4980.0,38872.0,33892.0,29601.0
TLM8,West Central Scotland,2018,48225.0,45468.0,2757.0,30164.0,27407.0,18061.0
TLM9,Southern Scotland,2018,27112.0,23192.0,3920.0,22311.0,18391.0,4801.0
TLN0,Northern Ireland,2018,,,203.0,10400.0,10197.0,
TLC1,Tees Valley and Durham,2019,59619.0,58185.0,1434.0,40411.0,38970.0,19186.0
TLC2,"Northumberland, and Tyne and Wear",2019,73110.0,69974.0,3136.0,45247.0,42104.0,27839.0
TLD1,Cumbria,2019,16740.0,15511.0,1229.0,14908.0,13664.0,1842.0
TLD3,Greater Manchester,2019,163580.0,165073.0,-1493.0,91750.0,93226.0,71784.0
TLD4,Lancashire,2019,87309.0,83333.0,3976.0,51861.0,47852.0,35367.0
TLD6,Cheshire,2019,47320.0,41539.0,5781.0,42716.0,36934.0,4603.0
TLD7,Merseyside,2019,78434.0,76008.0,2426.0,50142.0,47709.0,28255.0
TLE1,East Yorkshire and Northern Lincolnshire,2019,43604.0,42590.0,1014.0,29741.0,28735.0,13847.0
TLE2,North Yorkshire,2019,51591.0,47666.0,3925.0,46491.0,42568.0,5096.0
TLE3,South Yorkshire,2019,67464.0,68286.0,-822.0,51872.0,52711.0,15558.0
TLE4,West Yorkshire,2019,117614.0,119669.0,-2055.0,82148.0,84218.0,35454.0
TLF1,Derbyshire and Nottinghamshire,2019,158948.0,151724.0,7224.0,91081.0,83917.0,67777.0
TLF2,"Leicestershire, Rutland and Northamptonshire",2019,118622.0,118327.0,295.0,81051.0,80766.0,37530.0
TLF3,Lincolnshire,2019,56795.0,51208.0,5587.0,40764.0,35129.0,16020.0
TLG1,"Herefordshire, Worcestershire and Warwickshire",2019,83728.0,74103.0,9625.0,63577.0,53960.0,20071.0
TLG2,Shropshire and Staffordshire,2019,87493.0,79485.0,8008.0,59497.0,51502.0,27919.0
TLG3,West Midlands,2019,152392.0,172675.0,-20283.0,96303.0,116562.0,56104.0
TLH1,East Anglia,2019,172782.0,165185.0,7597.0,95292.0,87639.0,77480.0
TLH2,Bedfordshire and Hertfordshire,2019,122839.0,127896.0,-5057.0,83297.0,88377.0,39472.0
TLH3,Essex,2019,113891.0,107656.0,6235.0,72726.0,66521.0,41060.0
TLI3,Inner London - West,2019,128330.0,138750.0,-10420.0,103833.0,114257.0,24470.0
TLI4,Inner London - East,2019,242555.0,274217.0,-31662.0,170959.0,202644.0,71575.0
TLI5,Outer London - East and North East,2019,136689.0,159711.0,-23022.0,105230.0,128275.0,31441.0
TLI6,Outer London - South,2019,98148.0,104273.0,-6125.0,79857.0,86007.0,18265.0
TLI7,Outer London - West and North West,2019,165093.0,193235.0,-28142.0,111962.0,140071.0,53148.0
TLJ1,"Berkshire, Buckinghamshire and Oxfordshire",2019,163132.0,166985.0,-3853.0,116794.0,120677.0,46269.0
TLJ2,"Surrey, East and West Sussex",2019,207264.0,201454.0,5810.0,128886.0,123139.0,78220.0
TLJ3,Hampshire and Isle of Wight,2019,126657.0,126587.0,70.0,82068.0,82001.0,44482.0
TLJ4,Kent,2019,114234.0,105820.0,8414.0,70191.0,61815.0,43948.0
TLK1,"Gloucestershire, Wiltshire and Bath/Bristol area",2019,173556.0,163505.0,10051.0,113732.0,103610.0,59831.0
TLK2,Dorset and Somerset,2019,75999.0,69554.0,6445.0,62838.0,56387.0,13161.0
TLK3,Cornwall and Isles of Scilly,2019,28531.0,21881.0,6650.0,28373.0,21733.0,139.0
TLK4,Devon,2019,88143.0,78662.0,9481.0,59796.0,50309.0,28340.0
TLL1,West Wales and The Valleys,2019,77943.0,72010.0,5933.0,51530.0,45549.0,26294.0
TLL2,East Wales,2019,56411.0,54953.0,1458.0,47490.0,46009.0,8865.0
TLM5,North Eastern Scotland,2019,14803.0,16607.0,-1804.0,9463.0,11267.0,5340.0
TLM6,Highlands and Islands,2019,15219.0,14028.0,1191.0,13398.0,12207.0,1821.0
TLM7,Eastern Scotland,2019,69161.0,64549.0,4612.0,38870.0,34258.0,30291.0
TLM8,West Central Scotland,2019,47508.0,46052.0,1456.0,29473.0,28017.0,18035.0
TLM9,Southern Scotland,2019,27663.0,23088.0,4575.0,22813.0,18238.0,4850.0
TLN0,Northern Ireland,2019,,,1085.0,11375.0,10290.0,
TLC1,Tees Valley and Durham,2020,53556.0,51705.0,1851.0,36720.0,34873.0,16798.0
TLC2,"Northumberland, and Tyne and Wear",2020,65779.0,62706.0,3073.0,41887.0,38813.0,23857.0
TLD1,Cumbria,2020,15287.0,13427.0,1860.0,13581.0,11725.0,1705.0
TLD3,Greater Manchester,2020,143987.0,148296.0,-4309.0,82842.0,87135.0,61089.0
TLD4,Lancashire,2020,82336.0,76605.0,5731.0,48982.0,43260.0,33259.0
TLD6,Cheshire,2020,41552.0,37420.0,4132.0,37697.0,33560.0,3856.0
TLD7,Merseyside,2020,74934.0,70827.0,4107.0,48911.0,44796.0,25988.0
TLE1,East Yorkshire and Northern Lincolnshire,2020,39378.0,38699.0,679.0,26184.0,25486.0,13178.0
TLE2,North Yorkshire,2020,45253.0,43240.0,2013.0,40742.0,38730.0,4509.0
TLE3,South Yorkshire,2020,59954.0,60201.0,-247.0,46345.0,46598.0,13596.0
TLE4,West Yorkshire,2020,103766.0,106783.0,-3017.0,72978.0,76023.0,30769.0
TLF1,Derbyshire and Nottinghamshire,2020,146544.0,139629.0,6915.0,85121.0,78178.0,61345.0
TLF2,"Leicestershire, Rutland and Northamptonshire",2020,104085.0,106664.0,-2579.0,71453.0,73988.0,32595.0
TLF3,Lincolnshire,2020,50355.0,45616.0,4739.0,36314.0,31567.0,13993.0
TLG1,"Herefordshire, Worcestershire and Warwickshire",2020,75305.0,65654.0,9651.0,57787.0,48135.0,17472.0
TLG2,Shropshire and Staffordshire,2020,78432.0,71505.0,6927.0,53610.0,46669.0,24764.0
TLG3,West Midlands,2020,136113.0,155810.0,-19697.0,87837.0,107516.0,48271.0
TLH1,East Anglia,2020,157350.0,147531.0,9819.0,88927.0,79106.0,68360.0
TLH2,Bedfordshire and Hertfordshire,2020,112296.0,111897.0,399.0,78050.0,77682.0,34165.0
TLH3,Essex,2020,101271.0,96815.0,4456.0,65449.0,61015.0,35746.0
TLI3,Inner London - West,2020,112747.0,130048.0,-17301.0,91006.0,108315.0,21723.0
TLI4,Inner London - East,2020,212590.0,252769.0,-40179.0,149912.0,190065.0,62702.0
TLI5,Outer London - East and North East,2020,119782.0,140847.0,-21065.0,92616.0,113734.0,27130.0
TLI6,Outer London - South,2020,88590.0,94908.0,-6318.0,72868.0,79219.0,15691.0
TLI7,Outer London - West and North West,2020,146663.0,175782.0,-29119.0,100588.0,129702.0,46060.0
TLJ1,"Berkshire, Buckinghamshire and Oxfordshire",2020,152118.0,150486.0,1632.0,109832.0,108173.0,42239.0
TLJ2,"Surrey, East and West Sussex",2020,191845.0,183637.0,8208.0,120718.0,112528.0,70930.0
TLJ3,Hampshire and Isle of Wight,2020,114311.0,112553.0,1758.0,74699.0,72963.0,39525.0
TLJ4,Kent,2020,103049.0,95959.0,7090.0,63243.0,56132.0,39762.0
TLK1,"Gloucestershire, Wiltshire and Bath/Bristol area",2020,159077.0,149724.0,9353.0,106266.0,96953.0,52761.0
TLK2,Dorset and Somerset,2020,66456.0,62287.0,4169.0,55395.0,51231.0,11059.0
TLK3,Cornwall and Isles of Scilly,2020,24924.0,20455.0,4469.0,24800.0,20333.0,118.0
TLK4,Devon,2020,77862.0,70764.0,7098.0,53181.0,46064.0,24657.0
TLL1,West Wales and The Valleys,2020,80323.0,63682.0,16641.0,57032.0,40380.0,23166.0
TLL2,East Wales,2020,59574.0,49934.0,9640.0,51721.0,42050.0,7816.0
TLM5,North Eastern Scotland,2020,13032.0,13870.0,-838.0,8495.0,9333.0,4537.0
TLM6,Highlands and Islands,2020,12928.0,11652.0,1276.0,11484.0,10208.0,1444.0
TLM7,Eastern Scotland,2020,59402.0,55926.0,3476.0,33582.0,30106.0,25820.0
TLM8,West Central Scotland,2020,40471.0,39195.0,1276.0,25417.0,24141.0,15054.0
TLM9,Southern Scotland,2020,22909.0,19109.0,3800.0,18843.0,15043.0,4066.0
TLN0,Northern Ireland,2020,,,-1568.0,9975.0,11543.0,
TLC1,Tees Valley and Durham,2021,62179.0,56472.0,5707.0,43730.0,37998.0,18420.0
TLC2,"Northumberland, and Tyne and Wear",2021,76108.0,71363.0,4745.0,47137.0,42383.0,28926.0
TLD1,Cumbria,2021,19626.0,15161.0,4465.0,17617.0,13147.0,2007.0
TLD3,Greater Manchester,2021,172694.0,179933.0,-7239.0,96638.0,103870.0,76004.0
TLD4,Lancashire,2021,95840.0,87646.0,8194.0,57021.0,48835.0,38678.0
TLD6,Cheshire,2021,52879.0,44473.0,8406.0,48001.0,39603.0,4868.0
TLD7,Merseyside,2021,87445.0,81340.0,6105.0,57668.0,51546.0,29736.0
TLE1,East Yorkshire and Northern Lincolnshire,2021,44405.0,42278.0,2127.0,30040.0,27888.0,14369.0
TLE2,North Yorkshire,2021,54655.0,46623.0,8032.0,49067.0,41025.0,5600.0
TLE3,South Yorkshire,2021,66840.0,67434.0,-594.0,50739.0,51329.0,16094.0
TLE4,West Yorkshire,2021,114371.0,120951.0,-6580.0,78709.0,85303.0,35647.0
TLF1,Derbyshire and Nottinghamshire,2021,167602.0,157016.0,10586.0,95603.0,84941.0,71910.0
TLF2,"Leicestershire, Rutland and Northamptonshire",2021,118906.0,119935.0,-1029.0,80671.0,81695.0,38204.0
TLF3,Lincolnshire,2021,58341.0,49985.0,8356.0,41653.0,33284.0,16678.0
TLG1,"Herefordshire, Worcestershire and Warwickshire",2021,95868.0,78136.0,17732.0,73428.0,55654.0,22401.0
TLG2,Shropshire and Staffordshire,2021,96753.0,84609.0,12144.0,66288.0,54130.0,30394.0
TLG3,West Midlands,2021,155909.0,185852.0,-29943.0,96827.0,126793.0,59056.0
TLH1,East Anglia,2021,191217.0,168991.0,22226.0,108097.0,85872.0,83027.0
TLH2,Bedfordshire and Hertfordshire,2021,138344.0,141101.0,-2757.0,92653.0,95460.0,45583.0
TLH3,Essex,2021,123555.0,117811.0,5744.0,77811.0,72108.0,45623.0
TLI3,Inner London - West,2021,152348.0,177148.0,-24800.0,121072.0,145867.0,31271.0
TLI4,Inner London - East,2021,278867.0,340062.0,-61195.0,189595.0,250800.0,89256.0
TLI5,Outer London - East and North East,2021,143333.0,173428.0,-30095.0,111382.0,141494.0,31912.0
TLI6,Outer London - South,2021,104529.0,122868.0,-18339.0,84868.0,103222.0,19640.0
TLI7,Outer London - West and North West,2021,170943.0,222519.0,-51576.0,115939.0,167488.0,55010.0
TLJ1,"Berkshire, Buckinghamshire and Oxfordshire",2021,189216.0,183429.0,5787.0,135423.0,129645.0,53744.0
TLJ2,"Surrey, East and West Sussex",2021,240671.0,223051.0,17620.0,152413.0,134840.0,88103.0
TLJ3,Hampshire and Isle of Wight,2021,139562.0,132608.0,6954.0,89729.0,82802.0,49755.0
TLJ4,Kent,2021,127423.0,116334.0,11089.0,77338.0,66274.0,49993.0
TLK1,"Gloucestershire, Wiltshire and Bath/Bristol area",2021,187043.0,175797.0,11246.0,123018.0,111777.0,64021.0
TLK2,Dorset and Somerset,2021,82804.0,68169.0,14635.0,69041.0,54416.0,13760.0
TLK3,Cornwall and Isles of Scilly,2021,32145.0,21811.0,10334.0,31916.0,21591.0,215.0
TLK4,Devon,2021,92807.0,76818.0,15989.0,64429.0,48449.0,28349.0
TLL1,West Wales and The Valleys,2021,85995.0,79422.0,6573.0,58444.0,51820.0,27468.0
TLL2,East Wales,2021,64896.0,62055.0,2841.0,55162.0,52306.0,9700.0
TLM5,North Eastern Scotland,2021,16830.0,18334.0,-1504.0,11061.0,12565.0,5769.0
TLM6,Highlands and Islands,2021,20297.0,14545.0,5752.0,18209.0,12457.0,2088.0
TLM7,Eastern Scotland,2021,76992.0,77310.0,-318.0,43222.0,43540.0,33770.0
TLM8,West Central Scotland,2021,51605.0,55018.0,-3413.0,31842.0,35255.0,19763.0
TLM9,Southern Scotland,2021,32721.0,24328.0,8393.0,27655.0,19262.0,5066.0
TLN0,Northern Ireland,2021,,,-2412.0,13111.0,15523.0,
TLC1,Tees Valley and Durham,2022,62191.0,56247.0,5944.0,43487.0,37536.0,18667.0
TLC2,"Northumberland, and Tyne and Wear",2022,72375.0,68392.0,3983.0,45477.0,41459.0,26874.0
TLD1,Cumbria,2022,18274.0,14945.0,3329.0,16315.0,12997.0,1951.0
TLD3,Greater Manchester,2022,172216.0,177312.0,-5096.0,96630.0,101751.0,75525.0
TLD4,Lancashire,2022,96836.0,87197.0,9639.0,57453.0,47796.0,39316.0
TLD6,Cheshire,2022,49326.0,42850.0,6476.0,44644.0,38191.0,4670.0
TLD7,Merseyside,2022,87278.0,81406.0,5872.0,57340.0,51457.0,29920.0
TLE1,East Yorkshire and Northern Lincolnshire,2022,43121.0,40771.0,2350.0,29321.0,26963.0,13796.0
TLE2,North Yorkshire,2022,49967.0,44429.0,5538.0,45001.0,39461.0,4964.0
TLE3,South Yorkshire,2022,65778.0,65999.0,-221.0,49981.0,50192.0,15785.0
TLE4,West Yorkshire,2022,110905.0,116672.0,-5767.0,76837.0,82609.0,34055.0
TLF1,Derbyshire and Nottinghamshire,2022,162315.0,152778.0,9537.0,93010.0,83413.0,69206.0
TLF2,"Leicestershire, Rutland and Northamptonshire",2022,113683.0,115219.0,-1536.0,77342.0,78902.0,36269.0
TLF3,Lincolnshire,2022,54913.0,47810.0,7103.0,39030.0,31915.0,15859.0
TLG1,"Herefordshire, Worcestershire and Warwickshire",2022,87557.0,74180.0,13377.0,67077.0,53753.0,20342.0
TLG2,Shropshire and Staffordshire,2022,92606.0,80557.0,12049.0,64127.0,52059.0,28448.0
TLG3,West Midlands,2022,154822.0,184395.0,-29573.0,96148.0,125685.0,58670.0
TLH1,East Anglia,2022,174188.0,159603.0,14585.0,98307.0,83671.0,75831.0
TLH2,Bedfordshire and Hertfordshire,2022,126958.0,134242.0,-7284.0,84754.0,92041.0,42170.0
TLH3,Essex,2022,113251.0,109987.0,3264.0,71426.0,68216.0,41697.0
TLI3,Inner London - West,2022,137645.0,147794.0,-10149.0,110851.0,121026.0,26761.0
TLI4,Inner London - East,2022,251852.0,289256.0,-37404.0,177382.0,214784.0,74470.0
TLI5,Outer London - East and North East,2022,140720.0,167736.0,-27016.0,107973.0,135023.0,32716.0
TLI6,Outer London - South,2022,95213.0,112001.0,-16788.0,76894.0,93708.0,18279.0
TLI7,Outer London - West and North West,2022,168720.0,204488.0,-35768.0,115430.0,151188.0,53281.0
TLJ1,"Berkshire, Buckinghamshire and Oxfordshire",2022,172442.0,170862.0,1580.0,123486.0,121886.0,48908.0
TLJ2,"Surrey, East and West Sussex",2022,217145.0,209034.0,8111.0,135868.0,127844.0,81106.0
TLJ3,Hampshire and Isle of Wight,2022,124474.0,122437.0,2037.0,79663.0,77613.0,44744.0
TLJ4,Kent,2022,121780.0,114398.0,7382.0,72999.0,65628.0,48725.0
TLK1,"Gloucestershire, Wiltshire and Bath/Bristol area",2022,174165.0,165709.0,8456.0,114844.0,106392.0,59294.0
TLK2,Dorset and Somerset,2022,73756.0,65714.0,8042.0,61406.0,53363.0,12358.0
TLK3,Cornwall and Isles of Scilly,2022,26812.0,21525.0,5287.0,26601.0,21311.0,196.0
TLK4,Devon,2022,84695.0,73904.0,10791.0,58217.0,47405.0,26438.0
TLL1,West Wales and The Valleys,2022,81178.0,72686.0,8492.0,55413.0,46902.0,25649.0
TLL2,East Wales,2022,60771.0,57191.0,3580.0,52244.0,48650.0,8489.0
TLM5,North Eastern Scotland,2022,15556.0,15792.0,-236.0,10174.0,10410.0,5382.0
TLM6,Highlands and Islands,2022,15825.0,13685.0,2140.0,14020.0,11880.0,1805.0
TLM7,Eastern Scotland,2022,67359.0,62261.0,5098.0,39122.0,34024.0,28237.0
TLM8,West Central Scotland,2022,45253.0,45554.0,-301.0,28334.0,28635.0,16919.0
TLM9,Southern Scotland,2022,27020.0,21171.0,5849.0,22490.0,16641.0,4530.0
TLN0,Northern Ireland,2022,,,-2709.0,10066.0,12775.0,
TLC1,Tees Valley and Durham,2023,62201.0,57325.0,4876.0,42409.0,37537.0,19748.0
TLC2,"Northumberland, and Tyne and Wear",2023,73736.0,69567.0,4169.0,45871.0,41691.0,27825.0
TLD1,Cumbria,2023,18113.0,14781.0,3332.0,16128.0,12800.0,1980.0
TLD3,Greater Manchester,2023,178226.0,184838.0,-6612.0,98596.0,105198.0,79618.0
TLD4,Lancashire,2023,97105.0,85174.0,11931.0,58846.0,46948.0,38167.0
TLD6,Cheshire,2023,49801.0,42438.0,7363.0,45050.0,37672.0,4742.0
TLD7,Merseyside,2023,85497.0,81018.0,4479.0,56087.0,51612.0,29370.0
TLE1,East Yorkshire and Northern Lincolnshire,2023,42705.0,38474.0,4231.0,29664.0,25432.0,13020.0
TLE2,North Yorkshire,2023,48804.0,45293.0,3511.0,44044.0,40535.0,4751.0
TLE3,South Yorkshire,2023,66863.0,65031.0,1832.0,51236.0,49377.0,15618.0
TLE4,West Yorkshire,2023,109903.0,117861.0,-7958.0,75454.0,83393.0,34452.0
TLF1,Derbyshire and Nottinghamshire,2023,155282.0,152228.0,3054.0,88224.0,85128.0,66977.0
TLF2,"Leicestershire, Rutland and Northamptonshire",2023,114828.0,114471.0,357.0,78456.0,78086.0,36335.0
TLF3,Lincolnshire,2023,52866.0,47126.0,5740.0,37492.0,31721.0,15379.0
TLG1,"Herefordshire, Worcestershire and Warwickshire",2023,85024.0,71265.0,13759.0,65039.0,51267.0,19909.0
TLG2,Shropshire and Staffordshire,2023,90100.0,77597.0,12503.0,62527.0,50005.0,27538.0
TLG3,West Midlands,2023,155982.0,185638.0,-29656.0,96270.0,125916.0,59705.0
TLH1,East Anglia,2023,171620.0,158759.0,12861.0,95564.0,82710.0,75991.0
TLH2,Bedfordshire and Hertfordshire,2023,129606.0,130306.0,-700.0,88471.0,89215.0,41082.0
TLH3,Essex,2023,113607.0,104457.0,9150.0,73926.0,64842.0,39537.0
TLI3,Inner London - West,2023,124365.0,145448.0,-21083.0,99531.0,120595.0,24821.0
TLI4,Inner London - East,2023,238780.0,286760.0,-47980.0,167566.0,215545.0,71210.0
TLI5,Outer London - East and North East,2023,143061.0,166994.0,-23933.0,110180.0,134119.0,32871.0
TLI6,Outer London - South,2023,96831.0,107625.0,-10794.0,79195.0,90005.0,17629.0
TLI7,Outer London - West and North West,2023,170693.0,204030.0,-33337.0,117506.0,150839.0,53181.0
TLJ1,"Berkshire, Buckinghamshire and Oxfordshire",2023,172496.0,170216.0,2280.0,124100.0,121844.0,48370.0
TLJ2,"Surrey, East and West Sussex",2023,216788.0,204936.0,11852.0,136331.0,124587.0,80286.0
TLJ3,Hampshire and Isle of Wight,2023,124222.0,121435.0,2787.0,78779.0,76034.0,45392.0
TLJ4,Kent,2023,119087.0,110607.0,8480.0,72344.0,63873.0,46710.0
TLK1,"Gloucestershire, Wiltshire and Bath/Bristol area",2023,171069.0,163402.0,7667.0,111503.0,103802.0,59526.0
TLK2,Dorset and Somerset,2023,70061.0,62556.0,7505.0,58394.0,50889.0,11657.0
TLK3,Cornwall and Isles of Scilly,2023,26397.0,20982.0,5415.0,26222.0,20802.0,162.0
TLK4,Devon,2023,80005.0,73268.0,6737.0,53815.0,47054.0,26147.0
TLL1,West Wales and The Valleys,2023,80565.0,71648.0,8917.0,54982.0,46043.0,25504.0
TLL2,East Wales,2023,59614.0,56186.0,3428.0,51299.0,47824.0,8287.0
TLM5,North Eastern Scotland,2023,13748.0,14954.0,-1206.0,9060.0,10266.0,4688.0
TLM6,Highlands and Islands,2023,15644.0,13104.0,2540.0,13766.0,11226.0,1878.0
TLM7,Eastern Scotland,2023,66022.0,59959.0,6063.0,37710.0,31647.0,28312.0
TLM8,West Central Scotland,2023,45344.0,44953.0,391.0,28215.0,27824.0,17129.0
TLM9,Southern Scotland,2023,27309.0,21177.0,6132.0,22764.0,16632.0,4545.0
TLN0,Northern Ireland,2023,,,-78.0,11678.0,11756.0,
TLC1,Tees Valley and Durham,2024,61367.0,58577.0,2790.0,42337.0,39539.0,18990.0
TLC2,"Northumberland, and Tyne and Wear",2024,75293.0,70945.0,4348.0,47019.0,42640.0,28248.0
TLD1,Cumbria,2024,18212.0,14644.0,3568.0,16312.0,12736.0,1894.0
TLD3,Greater Manchester,2024,188283.0,193830.0,-5547.0,104059.0,109634.0,84178.0
TLD4,Lancashire,2024,99641.0,88712.0,10929.0,60076.0,49123.0,39499.0
TLD6,Cheshire,2024,49305.0,41636.0,7669.0,44840.0,37185.0,4443.0
TLD7,Merseyside,2024,87450.0,83273.0,4177.0,57996.0,53808.0,29435.0
TLE1,East Yorkshire and Northern Lincolnshire,2024,43631.0,39438.0,4193.0,30475.0,26275.0,13143.0
TLE2,North Yorkshire,2024,49493.0,44881.0,4612.0,44794.0,40175.0,4696.0
TLE3,South Yorkshire,2024,68612.0,66905.0,1707.0,52125.0,50413.0,16474.0
TLE4,West Yorkshire,2024,111203.0,120370.0,-9167.0,77005.0,86180.0,34171.0
TLF1,Derbyshire and Nottinghamshire,2024,156922.0,150660.0,6262.0,90596.0,84303.0,66240.0
TLF2,"Leicestershire, Rutland and Northamptonshire",2024,116574.0,116846.0,-272.0,79926.0,80166.0,36635.0
TLF3,Lincolnshire,2024,51128.0,45696.0,5432.0,36206.0,30751.0,14909.0
TLG1,"Herefordshire, Worcestershire and Warwickshire",2024,85724.0,71264.0,14460.0,66043.0,51523.0,19631.0
TLG2,Shropshire and Staffordshire,2024,89994.0,78446.0,11548.0,62739.0,51166.0,27203.0
TLG3,West Midlands,2024,164318.0,192430.0,-28112.0,101433.0,129530.0,62889.0
TLH1,East Anglia,2024,168711.0,154590.0,14121.0,95433.0,81287.0,73236.0
TLH2,Bedfordshire and Hertfordshire,2024,129067.0,130399.0,-1332.0,87960.0,89349.0,41016.0
TLH3,Essex,2024,112280.0,104771.0,7509.0,73887.0,66355.0,38300.0
TLI3,Inner London - West,2024,129797.0,146455.0,-16658.0,104321.0,120974.0,25452.0
TLI4,Inner London - East,2024,253597.0,303400.0,-49803.0,176688.0,226496.0,76907.0
TLI5,Outer London - East and North East,2024,156216.0,177071.0,-20855.0,119139.0,140014.0,37057.0
TLI6,Outer London - South,2024,102296.0,111178.0,-8882.0,83007.0,91911.0,19251.0
TLI7,Outer London - West and North West,2024,186830.0,218814.0,-31984.0,126540.0,158534.0,60262.0
TLJ1,"Berkshire, Buckinghamshire and Oxfordshire",2024,175922.0,174648.0,1274.0,126182.0,124984.0,49693.0
TLJ2,"Surrey, East and West Sussex",2024,216823.0,205348.0,11475.0,137177.0,125764.0,79513.0
TLJ3,Hampshire and Isle of Wight,2024,120564.0,120314.0,250.0,76475.0,76283.0,44007.0
TLJ4,Kent,2024,119150.0,109829.0,9321.0,73343.0,64038.0,45747.0
TLK1,"Gloucestershire, Wiltshire and Bath/Bristol area",2024,172204.0,164715.0,7489.0,113025.0,105564.0,59135.0
TLK2,Dorset and Somerset,2024,70546.0,62121.0,8425.0,58671.0,50232.0,11876.0
TLK3,Cornwall and Isles of Scilly,2024,25470.0,20414.0,5056.0,25227.0,20178.0,227.0
TLK4,Devon,2024,80657.0,73064.0,7593.0,53694.0,46047.0,26936.0
TLL1,West Wales and The Valleys,2024,74056.0,69523.0,4533.0,50936.0,46379.0,23018.0
TLL2,East Wales,2024,57298.0,57034.0,264.0,48749.0,48498.0,8486.0
TLM5,North Eastern Scotland,2024,13734.0,14591.0,-857.0,9247.0,10104.0,4487.0
TLM6,Highlands and Islands,2024,14886.0,12793.0,2093.0,13224.0,11131.0,1662.0
TLM7,Eastern Scotland,2024,65863.0,60036.0,5827.0,37468.0,31641.0,28395.0
TLM8,West Central Scotland,2024,46741.0,46020.0,721.0,28902.0,28181.0,17839.0
TLM9,Southern Scotland,2024,26585.0,20569.0,6016.0,22325.0,16309.0,4260.0
TLN0,Northern Ireland,2024,,,-221.0,11344.0,11565.0,
TLC1,Tees Valley and Durham,2025,64120.0,60835.0,3285.0,43893.0,40605.0,20173.0
TLC2,"Northumberland, and Tyne and Wear",2025,76856.0,72702.0,4154.0,47881.0,43728.0,28946.0
TLD1,Cumbria,2025,19362.0,14637.0,4725.0,17499.0,12767.0,1868.0
TLD3,Greater Manchester,2025,197766.0,204461.0,-6695.0,108037.0,114753.0,89690.0
TLD4,Lancashire,2025,103486.0,90879.0,12607.0,62464.0,49821.0,40944.0
TLD6,Cheshire,2025,51206.0,43014.0,8192.0,46652.0,38470.0,4536.0
TLD7,Merseyside,2025,92051.0,87112.0,4939.0,61432.0,56504.0,30576.0
TLE1,East Yorkshire and Northern Lincolnshire,2025,44349.0,39915.0,4434.0,30643.0,26208.0,13685.0
TLE2,North Yorkshire,2025,54480.0,46101.0,8379.0,49580.0,41195.0,4902.0
TLE3,South Yorkshire,2025,69962.0,68426.0,1536.0,52678.0,51127.0,17281.0
TLE4,West Yorkshire,2025,111412.0,122496.0,-11084.0,76550.0,87611.0,34852.0
TLF1,Derbyshire and Nottinghamshire,2025,160147.0,155337.0,4810.0,90661.0,85897.0,69341.0
TLF2,"Leicestershire, Rutland and Northamptonshire",2025,121207.0,119292.0,1915.0,82963.0,81026.0,38187.0
TLF3,Lincolnshire,2025,52926.0,46028.0,6898.0,37000.0,30092.0,15887.0
TLG1,"Herefordshire, Worcestershire and Warwickshire",2025,88906.0,72678.0,16228.0,68228.0,51970.0,20630.0
TLG2,Shropshire and Staffordshire,2025,92719.0,81218.0,11501.0,64784.0,53267.0,27864.0
TLG3,West Midlands,2025,165057.0,202116.0,-37059.0,99198.0,136271.0,65824.0
TLH1,East Anglia,2025,174495.0,158445.0,16050.0,97489.0,81428.0,76963.0
TLH2,Bedfordshire and Hertfordshire,2025,131349.0,134979.0,-3630.0,88569.0,92234.0,42720.0
TLH3,Essex,2025,123047.0,110313.0,12734.0,80128.0,67431.0,42801.0
TLI3,Inner London - West,2025,131786.0,146026.0,-14240.0,106660.0,120908.0,25111.0
TLI4,Inner London - East,2025,258925.0,312738.0,-53813.0,179997.0,233787.0,78937.0
TLI5,Outer London - East and North East,2025,166426.0,188063.0,-21637.0,125802.0,147445.0,40607.0
TLI6,Outer London - South,2025,105960.0,114841.0,-8881.0,85472.0,94355.0,20482.0
TLI7,Outer London - West and North West,2025,196363.0,229753.0,-33390.0,129922.0,163304.0,66447.0
TLJ1,"Berkshire, Buckinghamshire and Oxfordshire",2025,183264.0,178689.0,4575.0,131160.0,126536.0,52110.0
TLJ2,"Surrey, East and West Sussex",2025,223054.0,207429.0,15625.0,140650.0,125041.0,82297.0
TLJ3,Hampshire and Isle of Wight,2025,124826.0,122625.0,2201.0,78614.0,76418.0,46155.0
TLJ4,Kent,2025,122823.0,113094.0,9729.0,73882.0,64233.0,48885.0
TLK1,"Gloucestershire, Wiltshire and Bath/Bristol area",2025,177055.0,170317.0,6738.0,115044.0,108301.0,62001.0
TLK2,Dorset and Somerset,2025,68422.0,62180.0,6242.0,56405.0,50177.0,12005.0
TLK3,Cornwall and Isles of Scilly,2025,26603.0,20614.0,5989.0,26426.0,20433.0,160.0
TLK4,Devon,2025,81082.0,74958.0,6124.0,53085.0,46969.0,27971.0
TLL1,West Wales and The Valleys,2025,74571.0,70505.0,4066.0,50427.0,46335.0,24067.0
TLL2,East Wales,2025,58128.0,57320.0,808.0,49345.0,48531.0,8728.0
TLN0,Northern Ireland,2025,,,-2653.0,11231.0,13884.0,
