itl2_code,itl2_name,year,population,land_area_km2,pop_per_km2
TLC1,Tees Valley and Durham,1991,1157669.0000,3020.5772,383.2609
TLC2,"Northumberland, and Tyne and Wear",1991,1429317.0000,5559.9518,257.0736
TLD1,Cumbria,1991,486263.0000,6769.8936,71.8273
TLD3,Greater Manchester,1991,2553564.0000,1275.9660,2001.2790
TLD4,Lancashire,1991,1402421.0000,3066.1526,457.3879
TLD6,Cheshire,1991,837974.0000,2266.9522,369.6478
TLD7,Merseyside,1991,1562817.0000,731.2959,2137.0515
TLE1,East Yorkshire and Northern Lincolnshire,1991,871680.0000,3514.2624,248.0407
TLE2,North Yorkshire,1991,714072.0000,8309.3773,85.9357
TLE3,South Yorkshire,1991,1288650.0000,1551.5366,830.5637
TLE4,West Yorkshire,1991,2061698.0000,2029.2090,1016.0107
TLF1,Derbyshire and Nottinghamshire,1991,1950906.0000,4784.1385,407.7863
TLF2,"Leicestershire, Rutland and Northamptonshire",1991,1471922.0000,4902.0238,300.2682
TLF3,Lincolnshire,1991,588583.0000,5937.3041,99.1330
TLG1,"Herefordshire, Worcestershire and Warwickshire",1991,1159899.0000,5895.3984,196.7465
TLG2,Shropshire and Staffordshire,1991,1451007.0000,6201.2573,233.9859
TLG3,West Midlands,1991,2618793.0000,901.7123,2904.2445
TLH1,East Anglia,1991,2068152.0000,12573.1126,164.4901
TLH2,Bedfordshire and Hertfordshire,1991,1513925.0000,2878.5189,525.9389
TLH3,Essex,1991,1538975.0000,3663.8930,420.0382
TLI3,Inner London - West,1991,930497.0000,108.9398,8541.3871
TLI4,Inner London - East,1991,1668790.0000,210.3056,7935.0716
TLI5,Outer London - East and North East,1991,1513375.0000,432.3276,3500.5283
TLI6,Outer London - South,1991,1086438.0000,355.3178,3057.6515
TLI7,Outer London - West and North West,1991,1630214.0000,465.0676,3505.3270
TLJ1,"Berkshire, Buckinghamshire and Oxfordshire",1991,1961960.0000,5740.4545,341.7778
TLJ2,"Surrey, East and West Sussex",1991,2442789.0000,5445.0928,448.6221
TLJ3,Hampshire and Isle of Wight,1991,1696111.0000,4148.1677,408.8820
TLJ4,Kent,1991,1528326.0000,3738.0939,408.8517
TLK1,"Gloucestershire, Wiltshire and Bath/Bristol area",1991,2062808.0000,7464.2976,276.3566
TLK2,Dorset and Somerset,1991,1122168.0000,6103.3068,183.8623
TLK3,Cornwall and Isles of Scilly,1991,471549.0000,3562.0911,132.3798
TLK4,Devon,1991,1031723.0000,6706.5569,153.8380
TLL1,West Wales and The Valleys,1991,1856397.0000,13100.8352,141.7007
TLL2,East Wales,1991,1016601.0000,7635.9096,133.1342
TLM5,North Eastern Scotland,1991,429990.0000,6498.2001,66.1706
TLM6,Highlands and Islands,1991,452680.0000,40310.2893,11.2299
TLM7,Eastern Scotland,1991,1755540.0000,13218.6429,132.8079
TLM8,West Central Scotland,1991,1516390.0000,1574.0385,963.3754
TLM9,Southern Scotland,1991,928730.0000,16299.1242,56.9804
TLN0,Northern Ireland,1991,0.0000,13792.9516,0.0000
TLC1,Tees Valley and Durham,1992,1158180.0000,3020.5772,383.4300
TLC2,"Northumberland, and Tyne and Wear",1992,1433153.0000,5559.9518,257.7636
TLD1,Cumbria,1992,487245.0000,6769.8936,71.9723
TLD3,Greater Manchester,1992,2551179.0000,1275.9660,1999.4099
TLD4,Lancashire,1992,1405342.0000,3066.1526,458.3405
TLD6,Cheshire,1992,840077.0000,2266.9522,370.5755
TLD7,Merseyside,1992,1557186.0000,731.2959,2129.3515
TLE1,East Yorkshire and Northern Lincolnshire,1992,875449.0000,3514.2624,249.1132
TLE2,North Yorkshire,1992,717760.0000,8309.3773,86.3795
TLE3,South Yorkshire,1992,1288287.0000,1551.5366,830.3298
TLE4,West Yorkshire,1992,2067537.0000,2029.2090,1018.8881
TLF1,Derbyshire and Nottinghamshire,1992,1958035.0000,4784.1385,409.2764
TLF2,"Leicestershire, Rutland and Northamptonshire",1992,1483228.0000,4902.0238,302.5746
TLF3,Lincolnshire,1992,595428.0000,5937.3041,100.2859
TLG1,"Herefordshire, Worcestershire and Warwickshire",1992,1167753.0000,5895.3984,198.0787
TLG2,Shropshire and Staffordshire,1992,1454006.0000,6201.2573,234.4695
TLG3,West Midlands,1992,2615616.0000,901.7123,2900.7212
TLH1,East Anglia,1992,2072765.0000,12573.1126,164.8570
TLH2,Bedfordshire and Hertfordshire,1992,1522883.0000,2878.5189,529.0509
TLH3,Essex,1992,1546941.0000,3663.8930,422.2124
TLI3,Inner London - West,1992,922595.0000,108.9398,8468.8516
TLI4,Inner London - East,1992,1675478.0000,210.3056,7966.8730
TLI5,Outer London - East and North East,1992,1515998.0000,432.3276,3506.5955
TLI6,Outer London - South,1992,1087926.0000,355.3178,3061.8393
TLI7,Outer London - West and North West,1992,1627411.0000,465.0676,3499.2999
TLJ1,"Berkshire, Buckinghamshire and Oxfordshire",1992,1977879.0000,5740.4545,344.5509
TLJ2,"Surrey, East and West Sussex",1992,2447368.0000,5445.0928,449.4630
TLJ3,Hampshire and Isle of Wight,1992,1702426.0000,4148.1677,410.4043
TLJ4,Kent,1992,1528921.0000,3738.0939,409.0109
TLK1,"Gloucestershire, Wiltshire and Bath/Bristol area",1992,2073237.0000,7464.2976,277.7538
TLK2,Dorset and Somerset,1992,1130211.0000,6103.3068,185.1801
TLK3,Cornwall and Isles of Scilly,1992,473042.0000,3562.0911,132.7990
TLK4,Devon,1992,1037431.0000,6706.5569,154.6891
TLL1,West Wales and The Valleys,1992,1858430.0000,13100.8352,141.8558
TLL2,East Wales,1992,1019244.0000,7635.9096,133.4804
TLM5,North Eastern Scotland,1992,436110.0000,6498.2001,67.1124
TLM6,Highlands and Islands,1992,454240.0000,40310.2893,11.2686
TLM7,Eastern Scotland,1992,1758420.0000,13218.6429,133.0258
TLM8,West Central Scotland,1992,1506830.0000,1574.0385,957.3019
TLM9,Southern Scotland,1992,930020.0000,16299.1242,57.0595
TLN0,Northern Ireland,1992,0.0000,13792.9516,0.0000
TLC1,Tees Valley and Durham,1993,1157478.0000,3020.5772,383.1976
TLC2,"Northumberland, and Tyne and Wear",1993,1436470.0000,5559.9518,258.3602
TLD1,Cumbria,1993,487165.0000,6769.8936,71.9605
TLD3,Greater Manchester,1993,2551015.0000,1275.9660,1999.2813
TLD4,Lancashire,1993,1411690.0000,3066.1526,460.4109
TLD6,Cheshire,1993,845859.0000,2266.9522,373.1261
TLD7,Merseyside,1993,1551011.0000,731.2959,2120.9076
TLE1,East Yorkshire and Northern Lincolnshire,1993,878241.0000,3514.2624,249.9076
TLE2,North Yorkshire,1993,716387.0000,8309.3773,86.2143
TLE3,South Yorkshire,1993,1287041.0000,1551.5366,829.5267
TLE4,West Yorkshire,1993,2072473.0000,2029.2090,1021.3206
TLF1,Derbyshire and Nottinghamshire,1993,1962528.0000,4784.1385,410.2155
TLF2,"Leicestershire, Rutland and Northamptonshire",1993,1492581.0000,4902.0238,304.4826
TLF3,Lincolnshire,1993,600784.0000,5937.3041,101.1880
TLG1,"Herefordshire, Worcestershire and Warwickshire",1993,1174051.0000,5895.3984,199.1470
TLG2,Shropshire and Staffordshire,1993,1456652.0000,6201.2573,234.8962
TLG3,West Midlands,1993,2615227.0000,901.7123,2900.2898
TLH1,East Anglia,1993,2075829.0000,12573.1126,165.1006
TLH2,Bedfordshire and Hertfordshire,1993,1527911.0000,2878.5189,530.7976
TLH3,Essex,1993,1550629.0000,3663.8930,423.2190
TLI3,Inner London - West,1993,916412.0000,108.9398,8412.0955
TLI4,Inner London - East,1993,1685282.0000,210.3056,8013.4908
TLI5,Outer London - East and North East,1993,1518712.0000,432.3276,3512.8731
TLI6,Outer London - South,1993,1091530.0000,355.3178,3071.9823
TLI7,Outer London - West and North West,1993,1632555.0000,465.0676,3510.3606
TLJ1,"Berkshire, Buckinghamshire and Oxfordshire",1993,1985799.0000,5740.4545,345.9306
TLJ2,"Surrey, East and West Sussex",1993,2451656.0000,5445.0928,450.2505
TLJ3,Hampshire and Isle of Wight,1993,1707295.0000,4148.1677,411.5781
TLJ4,Kent,1993,1528422.0000,3738.0939,408.8774
TLK1,"Gloucestershire, Wiltshire and Bath/Bristol area",1993,2083258.0000,7464.2976,279.0963
TLK2,Dorset and Somerset,1993,1134970.0000,6103.3068,185.9598
TLK3,Cornwall and Isles of Scilly,1993,474736.0000,3562.0911,133.2745
TLK4,Devon,1993,1040670.0000,6706.5569,155.1720
TLL1,West Wales and The Valleys,1993,1860345.0000,13100.8352,142.0020
TLL2,East Wales,1993,1023213.0000,7635.9096,134.0001
TLM5,North Eastern Scotland,1993,441350.0000,6498.2001,67.9188
TLM6,Highlands and Islands,1993,456160.0000,40310.2893,11.3162
TLM7,Eastern Scotland,1993,1764690.0000,13218.6429,133.5001
TLM8,West Central Scotland,1993,1498850.0000,1574.0385,952.2321
TLM9,Southern Scotland,1993,931410.0000,16299.1242,57.1448
TLN0,Northern Ireland,1993,0.0000,13792.9516,0.0000
TLC1,Tees Valley and Durham,1994,1157724.0000,3020.5772,383.2791
TLC2,"Northumberland, and Tyne and Wear",1994,1430937.0000,5559.9518,257.3650
TLD1,Cumbria,1994,487002.0000,6769.8936,71.9364
TLD3,Greater Manchester,1994,2545656.0000,1275.9660,1995.0814
TLD4,Lancashire,1994,1413913.0000,3066.1526,461.1359
TLD6,Cheshire,1994,850052.0000,2266.9522,374.9757
TLD7,Merseyside,1994,1542281.0000,731.2959,2108.9698
TLE1,East Yorkshire and Northern Lincolnshire,1994,883011.0000,3514.2624,251.2650
TLE2,North Yorkshire,1994,720426.0000,8309.3773,86.7004
TLE3,South Yorkshire,1994,1283838.0000,1551.5366,827.4623
TLE4,West Yorkshire,1994,2072812.0000,2029.2090,1021.4877
TLF1,Derbyshire and Nottinghamshire,1994,1965049.0000,4784.1385,410.7425
TLF2,"Leicestershire, Rutland and Northamptonshire",1994,1501158.0000,4902.0238,306.2323
TLF3,Lincolnshire,1994,605513.0000,5937.3041,101.9845
TLG1,"Herefordshire, Worcestershire and Warwickshire",1994,1181478.0000,5895.3984,200.4068
TLG2,Shropshire and Staffordshire,1994,1462010.0000,6201.2573,235.7603
TLG3,West Midlands,1994,2605807.0000,901.7123,2889.8430
TLH1,East Anglia,1994,2083918.0000,12573.1126,165.7440
TLH2,Bedfordshire and Hertfordshire,1994,1535544.0000,2878.5189,533.4493
TLH3,Essex,1994,1558453.0000,3663.8930,425.3544
TLI3,Inner London - West,1994,914611.0000,108.9398,8395.5634
TLI4,Inner London - East,1994,1697744.0000,210.3056,8072.7475
TLI5,Outer London - East and North East,1994,1521046.0000,432.3276,3518.2718
TLI6,Outer London - South,1994,1097844.0000,355.3178,3089.7523
TLI7,Outer London - West and North West,1994,1642282.0000,465.0676,3531.2759
TLJ1,"Berkshire, Buckinghamshire and Oxfordshire",1994,2000001.0000,5740.4545,348.4046
TLJ2,"Surrey, East and West Sussex",1994,2459962.0000,5445.0928,451.7760
TLJ3,Hampshire and Isle of Wight,1994,1718946.0000,4148.1677,414.3868
TLJ4,Kent,1994,1532685.0000,3738.0939,410.0178
TLK1,"Gloucestershire, Wiltshire and Bath/Bristol area",1994,2092339.0000,7464.2976,280.3129
TLK2,Dorset and Somerset,1994,1143581.0000,6103.3068,187.3707
TLK3,Cornwall and Isles of Scilly,1994,477402.0000,3562.0911,134.0230
TLK4,Devon,1994,1043756.0000,6706.5569,155.6322
TLL1,West Wales and The Valleys,1994,1861614.0000,13100.8352,142.0989
TLL2,East Wales,1994,1025833.0000,7635.9096,134.3433
TLM5,North Eastern Scotland,1994,445060.0000,6498.2001,68.4897
TLM6,Highlands and Islands,1994,458800.0000,40310.2893,11.3817
TLM7,Eastern Scotland,1994,1771350.0000,13218.6429,134.0039
TLM8,West Central Scotland,1994,1493850.0000,1574.0385,949.0556
TLM9,Southern Scotland,1994,933150.0000,16299.1242,57.2515
TLN0,Northern Ireland,1994,0.0000,13792.9516,0.0000
TLC1,Tees Valley and Durham,1995,1155568.0000,3020.5772,382.5653
TLC2,"Northumberland, and Tyne and Wear",1995,1427147.0000,5559.9518,256.6833
TLD1,Cumbria,1995,486791.0000,6769.8936,71.9053
TLD3,Greater Manchester,1995,2540184.0000,1275.9660,1990.7929
TLD4,Lancashire,1995,1414694.0000,3066.1526,461.3906
TLD6,Cheshire,1995,853412.0000,2266.9522,376.4579
TLD7,Merseyside,1995,1532859.0000,731.2959,2096.0859
TLE1,East Yorkshire and Northern Lincolnshire,1995,882821.0000,3514.2624,251.2109
TLE2,North Yorkshire,1995,724843.0000,8309.3773,87.2319
TLE3,South Yorkshire,1995,1280195.0000,1551.5366,825.1143
TLE4,West Yorkshire,1995,2072716.0000,2029.2090,1021.4404
TLF1,Derbyshire and Nottinghamshire,1995,1967783.0000,4784.1385,411.3140
TLF2,"Leicestershire, Rutland and Northamptonshire",1995,1511408.0000,4902.0238,308.3233
TLF3,Lincolnshire,1995,612472.0000,5937.3041,103.1566
TLG1,"Herefordshire, Worcestershire and Warwickshire",1995,1186508.0000,5895.3984,201.2600
TLG2,Shropshire and Staffordshire,1995,1466819.0000,6201.2573,236.5357
TLG3,West Midlands,1995,2603584.0000,901.7123,2887.3777
TLH1,East Anglia,1995,2098622.0000,12573.1126,166.9135
TLH2,Bedfordshire and Hertfordshire,1995,1542147.0000,2878.5189,535.7432
TLH3,Essex,1995,1564931.0000,3663.8930,427.1225
TLI3,Inner London - West,1995,916151.0000,108.9398,8409.6997
TLI4,Inner London - East,1995,1712467.0000,210.3056,8142.7551
TLI5,Outer London - East and North East,1995,1524685.0000,432.3276,3526.6890
TLI6,Outer London - South,1995,1106554.0000,355.3178,3114.2656
TLI7,Outer London - West and North West,1995,1653266.0000,465.0676,3554.8940
TLJ1,"Berkshire, Buckinghamshire and Oxfordshire",1995,2024783.0000,5740.4545,352.7217
TLJ2,"Surrey, East and West Sussex",1995,2473659.0000,5445.0928,454.2914
TLJ3,Hampshire and Isle of Wight,1995,1729381.0000,4148.1677,416.9024
TLJ4,Kent,1995,1535155.0000,3738.0939,410.6786
TLK1,"Gloucestershire, Wiltshire and Bath/Bristol area",1995,2101478.0000,7464.2976,281.5373
TLK2,Dorset and Somerset,1995,1151757.0000,6103.3068,188.7103
TLK3,Cornwall and Isles of Scilly,1995,480320.0000,3562.0911,134.8421
TLK4,Devon,1995,1048301.0000,6706.5569,156.3099
TLL1,West Wales and The Valleys,1995,1859833.0000,13100.8352,141.9629
TLL2,East Wales,1995,1028684.0000,7635.9096,134.7166
TLM5,North Eastern Scotland,1995,445950.0000,6498.2001,68.6267
TLM6,Highlands and Islands,1995,459630.0000,40310.2893,11.4023
TLM7,Eastern Scotland,1995,1778660.0000,13218.6429,134.5569
TLM8,West Central Scotland,1995,1485850.0000,1574.0385,943.9731
TLM9,Southern Scotland,1995,933600.0000,16299.1242,57.2792
TLN0,Northern Ireland,1995,0.0000,13792.9516,0.0000
TLC1,Tees Valley and Durham,1996,1153552.0000,3020.5772,381.8979
TLC2,"Northumberland, and Tyne and Wear",1996,1422898.0000,5559.9518,255.9191
TLD1,Cumbria,1996,486746.0000,6769.8936,71.8986
TLD3,Greater Manchester,1996,2531355.0000,1275.9660,1983.8734
TLD4,Lancashire,1996,1412175.0000,3066.1526,460.5691
TLD6,Cheshire,1996,855748.0000,2266.9522,377.4883
TLD7,Merseyside,1996,1523622.0000,731.2959,2083.4549
TLE1,East Yorkshire and Northern Lincolnshire,1996,880232.0000,3514.2624,250.4742
TLE2,North Yorkshire,1996,728173.0000,8309.3773,87.6327
TLE3,South Yorkshire,1996,1278632.0000,1551.5366,824.1069
TLE4,West Yorkshire,1996,2074217.0000,2029.2090,1022.1801
TLF1,Derbyshire and Nottinghamshire,1996,1969969.0000,4784.1385,411.7709
TLF2,"Leicestershire, Rutland and Northamptonshire",1996,1520871.0000,4902.0238,310.2537
TLF3,Lincolnshire,1996,617230.0000,5937.3041,103.9580
TLG1,"Herefordshire, Worcestershire and Warwickshire",1996,1190112.0000,5895.3984,201.8713
TLG2,Shropshire and Staffordshire,1996,1466948.0000,6201.2573,236.5565
TLG3,West Midlands,1996,2605986.0000,901.7123,2890.0415
TLH1,East Anglia,1996,2113563.0000,12573.1126,168.1018
TLH2,Bedfordshire and Hertfordshire,1996,1547857.0000,2878.5189,537.7269
TLH3,Essex,1996,1571340.0000,3663.8930,428.8717
TLI3,Inner London - West,1996,927416.0000,108.9398,8513.1054
TLI4,Inner London - East,1996,1728942.0000,210.3056,8221.0935
TLI5,Outer London - East and North East,1996,1529761.0000,432.3276,3538.4301
TLI6,Outer London - South,1996,1116721.0000,355.3178,3142.8794
TLI7,Outer London - West and North West,1996,1671567.0000,465.0676,3594.2452
TLJ1,"Berkshire, Buckinghamshire and Oxfordshire",1996,2040279.0000,5740.4545,355.4212
TLJ2,"Surrey, East and West Sussex",1996,2481668.0000,5445.0928,455.7623
TLJ3,Hampshire and Isle of Wight,1996,1739509.0000,4148.1677,419.3439
TLJ4,Kent,1996,1538950.0000,3738.0939,411.6938
TLK1,"Gloucestershire, Wiltshire and Bath/Bristol area",1996,2108325.0000,7464.2976,282.4546
TLK2,Dorset and Somerset,1996,1155837.0000,6103.3068,189.3788
TLK3,Cornwall and Isles of Scilly,1996,480880.0000,3562.0911,134.9994
TLK4,Devon,1996,1048048.0000,6706.5569,156.2721
TLL1,West Wales and The Valleys,1996,1856129.0000,13100.8352,141.6802
TLL2,East Wales,1996,1035175.0000,7635.9096,135.5667
TLM5,North Eastern Scotland,1996,445340.0000,6498.2001,68.5328
TLM6,Highlands and Islands,1996,459010.0000,40310.2893,11.3869
TLM7,Eastern Scotland,1996,1778930.0000,13218.6429,134.5774
TLM8,West Central Scotland,1996,1476620.0000,1574.0385,938.1092
TLM9,Southern Scotland,1996,932290.0000,16299.1242,57.1988
TLN0,Northern Ireland,1996,0.0000,13792.9516,0.0000
TLC1,Tees Valley and Durham,1997,1150807.0000,3020.5772,380.9891
TLC2,"Northumberland, and Tyne and Wear",1997,1417259.0000,5559.9518,254.9049
TLD1,Cumbria,1997,488170.0000,6769.8936,72.1090
TLD3,Greater Manchester,1997,2521923.0000,1275.9660,1976.4813
TLD4,Lancashire,1997,1411672.0000,3066.1526,460.4050
TLD6,Cheshire,1997,858856.0000,2266.9522,378.8593
TLD7,Merseyside,1997,1513757.0000,731.2959,2069.9651
TLE1,East Yorkshire and Northern Lincolnshire,1997,878198.0000,3514.2624,249.8954
TLE2,North Yorkshire,1997,730421.0000,8309.3773,87.9032
TLE3,South Yorkshire,1997,1276198.0000,1551.5366,822.5381
TLE4,West Yorkshire,1997,2072744.0000,2029.2090,1021.4542
TLF1,Derbyshire and Nottinghamshire,1997,1971819.0000,4784.1385,412.1576
TLF2,"Leicestershire, Rutland and Northamptonshire",1997,1527345.0000,4902.0238,311.5744
TLF3,Lincolnshire,1997,621156.0000,5937.3041,104.6192
TLG1,"Herefordshire, Worcestershire and Warwickshire",1997,1197954.0000,5895.3984,203.2015
TLG2,Shropshire and Staffordshire,1997,1472857.0000,6201.2573,237.5094
TLG3,West Midlands,1997,2591467.0000,901.7123,2873.9399
TLH1,East Anglia,1997,2129867.0000,12573.1126,169.3985
TLH2,Bedfordshire and Hertfordshire,1997,1558373.0000,2878.5189,541.3802
TLH3,Essex,1997,1578675.0000,3663.8930,430.8737
TLI3,Inner London - West,1997,931528.0000,108.9398,8550.8510
TLI4,Inner London - East,1997,1740839.0000,210.3056,8277.6636
TLI5,Outer London - East and North East,1997,1534460.0000,432.3276,3549.2992
TLI6,Outer London - South,1997,1124060.0000,355.3178,3163.5342
TLI7,Outer London - West and North West,1997,1683951.0000,465.0676,3620.8736
TLJ1,"Berkshire, Buckinghamshire and Oxfordshire",1997,2057216.0000,5740.4545,358.3716
TLJ2,"Surrey, East and West Sussex",1997,2502230.0000,5445.0928,459.5385
TLJ3,Hampshire and Isle of Wight,1997,1748237.0000,4148.1677,421.4480
TLJ4,Kent,1997,1545419.0000,3738.0939,413.4243
TLK1,"Gloucestershire, Wiltshire and Bath/Bristol area",1997,2125324.0000,7464.2976,284.7319
TLK2,Dorset and Somerset,1997,1164958.0000,6103.3068,190.8732
TLK3,Cornwall and Isles of Scilly,1997,485114.0000,3562.0911,136.1880
TLK4,Devon,1997,1051923.0000,6706.5569,156.8499
TLL1,West Wales and The Valleys,1997,1855266.0000,13100.8352,141.6143
TLL2,East Wales,1997,1039605.0000,7635.9096,136.1468
TLM5,North Eastern Scotland,1997,443320.0000,6498.2001,68.2220
TLM6,Highlands and Islands,1997,457950.0000,40310.2893,11.3606
TLM7,Eastern Scotland,1997,1782600.0000,13218.6429,134.8550
TLM8,West Central Scotland,1997,1467800.0000,1574.0385,932.5058
TLM9,Southern Scotland,1997,931670.0000,16299.1242,57.1607
TLN0,Northern Ireland,1997,0.0000,13792.9516,0.0000
TLC1,Tees Valley and Durham,1998,1149732.0000,3020.5772,380.6332
TLC2,"Northumberland, and Tyne and Wear",1998,1411151.0000,5559.9518,253.8063
TLD1,Cumbria,1998,489033.0000,6769.8936,72.2364
TLD3,Greater Manchester,1998,2521915.0000,1275.9660,1976.4751
TLD4,Lancashire,1998,1412688.0000,3066.1526,460.7364
TLD6,Cheshire,1998,861767.0000,2266.9522,380.1434
TLD7,Merseyside,1998,1506770.0000,731.2959,2060.4108
TLE1,East Yorkshire and Northern Lincolnshire,1998,876664.0000,3514.2624,249.4589
TLE2,North Yorkshire,1998,734384.0000,8309.3773,88.3801
TLE3,South Yorkshire,1998,1273604.0000,1551.5366,820.8662
TLE4,West Yorkshire,1998,2073051.0000,2029.2090,1021.6055
TLF1,Derbyshire and Nottinghamshire,1998,1974703.0000,4784.1385,412.7604
TLF2,"Leicestershire, Rutland and Northamptonshire",1998,1531948.0000,4902.0238,312.5134
TLF3,Lincolnshire,1998,625994.0000,5937.3041,105.4340
TLG1,"Herefordshire, Worcestershire and Warwickshire",1998,1205431.0000,5895.3984,204.4698
TLG2,Shropshire and Staffordshire,1998,1479300.0000,6201.2573,238.5484
TLG3,West Midlands,1998,2586621.0000,901.7123,2868.5657
TLH1,East Anglia,1998,2145720.0000,12573.1126,170.6594
TLH2,Bedfordshire and Hertfordshire,1998,1569592.0000,2878.5189,545.2776
TLH3,Essex,1998,1586716.0000,3663.8930,433.0683
TLI3,Inner London - West,1998,933846.0000,108.9398,8572.1288
TLI4,Inner London - East,1998,1765363.0000,210.3056,8394.2748
TLI5,Outer London - East and North East,1998,1540391.0000,432.3276,3563.0180
TLI6,Outer London - South,1998,1128731.0000,355.3178,3176.6801
TLI7,Outer London - West and North West,1998,1697166.0000,465.0676,3649.2888
TLJ1,"Berkshire, Buckinghamshire and Oxfordshire",1998,2067712.0000,5740.4545,360.2001
TLJ2,"Surrey, East and West Sussex",1998,2512816.0000,5445.0928,461.4827
TLJ3,Hampshire and Isle of Wight,1998,1756246.0000,4148.1677,423.3787
TLJ4,Kent,1998,1552064.0000,3738.0939,415.2020
TLK1,"Gloucestershire, Wiltshire and Bath/Bristol area",1998,2135312.0000,7464.2976,286.0701
TLK2,Dorset and Somerset,1998,1170852.0000,6103.3068,191.8390
TLK3,Cornwall and Isles of Scilly,1998,488031.0000,3562.0911,137.0069
TLK4,Devon,1998,1055269.0000,6706.5569,157.3488
TLL1,West Wales and The Valleys,1998,1853497.0000,13100.8352,141.4793
TLL2,East Wales,1998,1046024.0000,7635.9096,136.9875
TLM5,North Eastern Scotland,1998,441870.0000,6498.2001,67.9988
TLM6,Highlands and Islands,1998,457150.0000,40310.2893,11.3408
TLM7,Eastern Scotland,1998,1785480.0000,13218.6429,135.0729
TLM8,West Central Scotland,1998,1462670.0000,1574.0385,929.2466
TLM9,Southern Scotland,1998,929900.0000,16299.1242,57.0521
TLN0,Northern Ireland,1998,0.0000,13792.9516,0.0000
TLC1,Tees Valley and Durham,1999,1147357.0000,3020.5772,379.8469
TLC2,"Northumberland, and Tyne and Wear",1999,1402957.0000,5559.9518,252.3326
TLD1,Cumbria,1999,488145.0000,6769.8936,72.1053
TLD3,Greater Manchester,1999,2515488.0000,1275.9660,1971.4381
TLD4,Lancashire,1999,1410858.0000,3066.1526,460.1395
TLD6,Cheshire,1999,860850.0000,2266.9522,379.7389
TLD7,Merseyside,1999,1497774.0000,731.2959,2048.1094
TLE1,East Yorkshire and Northern Lincolnshire,1999,874966.0000,3514.2624,248.9757
TLE2,North Yorkshire,1999,739157.0000,8309.3773,88.9546
TLE3,South Yorkshire,1999,1269924.0000,1551.5366,818.4944
TLE4,West Yorkshire,1999,2072278.0000,2029.2090,1021.2245
TLF1,Derbyshire and Nottinghamshire,1999,1977966.0000,4784.1385,413.4425
TLF2,"Leicestershire, Rutland and Northamptonshire",1999,1541768.0000,4902.0238,314.5166
TLF3,Lincolnshire,1999,632709.0000,5937.3041,106.5650
TLG1,"Herefordshire, Worcestershire and Warwickshire",1999,1208941.0000,5895.3984,205.0652
TLG2,Shropshire and Staffordshire,1999,1480814.0000,6201.2573,238.7925
TLG3,West Midlands,1999,2582204.0000,901.7123,2863.6673
TLH1,East Anglia,1999,2157898.0000,12573.1126,171.6280
TLH2,Bedfordshire and Hertfordshire,1999,1583397.0000,2878.5189,550.0735
TLH3,Essex,1999,1597427.0000,3663.8930,435.9917
TLI3,Inner London - West,1999,958349.0000,108.9398,8797.0512
TLI4,Inner London - East,1999,1792367.0000,210.3056,8522.6784
TLI5,Outer London - East and North East,1999,1549708.0000,432.3276,3584.5687
TLI6,Outer London - South,1999,1137408.0000,355.3178,3201.1005
TLI7,Outer London - West and North West,1999,1716080.0000,465.0676,3689.9582
TLJ1,"Berkshire, Buckinghamshire and Oxfordshire",1999,2083133.0000,5740.4545,362.8864
TLJ2,"Surrey, East and West Sussex",1999,2542247.0000,5445.0928,466.8877
TLJ3,Hampshire and Isle of Wight,1999,1766641.0000,4148.1677,425.8847
TLJ4,Kent,1999,1563103.0000,3738.0939,418.1551
TLK1,"Gloucestershire, Wiltshire and Bath/Bristol area",1999,2152018.0000,7464.2976,288.3082
TLK2,Dorset and Somerset,1999,1175769.0000,6103.3068,192.6446
TLK3,Cornwall and Isles of Scilly,1999,492588.0000,3562.0911,138.2862
TLK4,Devon,1999,1060583.0000,6706.5569,158.1412
TLL1,West Wales and The Valleys,1999,1852377.0000,13100.8352,141.3938
TLL2,East Wales,1999,1048222.0000,7635.9096,137.2753
TLM5,North Eastern Scotland,1999,441870.0000,6498.2001,67.9988
TLM6,Highlands and Islands,1999,456780.0000,40310.2893,11.3316
TLM7,Eastern Scotland,1999,1789710.0000,13218.6429,135.3929
TLM8,West Central Scotland,1999,1456410.0000,1574.0385,925.2696
TLM9,Southern Scotland,1999,927180.0000,16299.1242,56.8853
TLN0,Northern Ireland,1999,0.0000,13792.9516,0.0000
TLC1,Tees Valley and Durham,2000,1146998.0000,3020.5772,379.7281
TLC2,"Northumberland, and Tyne and Wear",2000,1396423.0000,5559.9518,251.1574
TLD1,Cumbria,2000,487602.0000,6769.8936,72.0251
TLD3,Greater Manchester,2000,2516339.0000,1275.9660,1972.1051
TLD4,Lancashire,2000,1414141.0000,3066.1526,461.2102
TLD6,Cheshire,2000,862976.0000,2266.9522,380.6768
TLD7,Merseyside,2000,1493165.0000,731.2959,2041.8069
TLE1,East Yorkshire and Northern Lincolnshire,2000,873900.0000,3514.2624,248.6724
TLE2,North Yorkshire,2000,744717.0000,8309.3773,89.6237
TLE3,South Yorkshire,2000,1266337.0000,1551.5366,816.1825
TLE4,West Yorkshire,2000,2073655.0000,2029.2090,1021.9031
TLF1,Derbyshire and Nottinghamshire,2000,1978848.0000,4784.1385,413.6268
TLF2,"Leicestershire, Rutland and Northamptonshire",2000,1549065.0000,4902.0238,316.0052
TLF3,Lincolnshire,2000,640163.0000,5937.3041,107.8205
TLG1,"Herefordshire, Worcestershire and Warwickshire",2000,1214415.0000,5895.3984,205.9937
TLG2,Shropshire and Staffordshire,2000,1483811.0000,6201.2573,239.2758
TLG3,West Midlands,2000,2571400.0000,901.7123,2851.6856
TLH1,East Anglia,2000,2173999.0000,12573.1126,172.9086
TLH2,Bedfordshire and Hertfordshire,2000,1593458.0000,2878.5189,553.5687
TLH3,Essex,2000,1607515.0000,3663.8930,438.7451
TLI3,Inner London - West,2000,986415.0000,108.9398,9054.6797
TLI4,Inner London - East,2000,1818534.0000,210.3056,8647.1021
TLI5,Outer London - East and North East,2000,1558421.0000,432.3276,3604.7224
TLI6,Outer London - South,2000,1145567.0000,355.3178,3224.0631
TLI7,Outer London - West and North West,2000,1727775.0000,465.0676,3715.1051
TLJ1,"Berkshire, Buckinghamshire and Oxfordshire",2000,2094772.0000,5740.4545,364.9140
TLJ2,"Surrey, East and West Sussex",2000,2549741.0000,5445.0928,468.2640
TLJ3,Hampshire and Isle of Wight,2000,1772932.0000,4148.1677,427.4012
TLJ4,Kent,2000,1573153.0000,3738.0939,420.8436
TLK1,"Gloucestershire, Wiltshire and Bath/Bristol area",2000,2163917.0000,7464.2976,289.9023
TLK2,Dorset and Somerset,2000,1184602.0000,6103.3068,194.0918
TLK3,Cornwall and Isles of Scilly,2000,497473.0000,3562.0911,139.6576
TLK4,Devon,2000,1071082.0000,6706.5569,159.7067
TLL1,West Wales and The Valleys,2000,1853044.0000,13100.8352,141.4447
TLL2,East Wales,2000,1053826.0000,7635.9096,138.0092
TLM5,North Eastern Scotland,2000,440360.0000,6498.2001,67.7665
TLM6,Highlands and Islands,2000,455160.0000,40310.2893,11.2914
TLM7,Eastern Scotland,2000,1794250.0000,13218.6429,135.7363
TLM8,West Central Scotland,2000,1448340.0000,1574.0385,920.1427
TLM9,Southern Scotland,2000,924830.0000,16299.1242,56.7411
TLN0,Northern Ireland,2000,0.0000,13792.9516,0.0000
TLC1,Tees Valley and Durham,2001,1145911.0000,3020.5772,379.3682
TLC2,"Northumberland, and Tyne and Wear",2001,1394179.0000,5559.9518,250.7538
TLD1,Cumbria,2001,487795.0000,6769.8936,72.0536
TLD3,Greater Manchester,2001,2516096.0000,1275.9660,1971.9146
TLD4,Lancashire,2001,1417265.0000,3066.1526,462.2291
TLD6,Cheshire,2001,865460.0000,2266.9522,381.7725
TLD7,Merseyside,2001,1486369.0000,731.2959,2032.5138
TLE1,East Yorkshire and Northern Lincolnshire,2001,875682.0000,3514.2624,249.1795
TLE2,North Yorkshire,2001,751385.0000,8309.3773,90.4262
TLE3,South Yorkshire,2001,1266475.0000,1551.5366,816.2714
TLE4,West Yorkshire,2001,2083101.0000,2029.2090,1026.5581
TLF1,Derbyshire and Nottinghamshire,2001,1983362.0000,4784.1385,414.5704
TLF2,"Leicestershire, Rutland and Northamptonshire",2001,1558620.0000,4902.0238,317.9544
TLF3,Lincolnshire,2001,647640.0000,5937.3041,109.0798
TLG1,"Herefordshire, Worcestershire and Warwickshire",2001,1223311.0000,5895.3984,207.5027
TLG2,Shropshire and Staffordshire,2001,1489401.0000,6201.2573,240.1773
TLG3,West Midlands,2001,2568015.0000,901.7123,2847.9317
TLH1,East Anglia,2001,2180674.0000,12573.1126,173.4395
TLH2,Bedfordshire and Hertfordshire,2001,1603531.0000,2878.5189,557.0681
TLH3,Essex,2001,1616258.0000,3663.8930,441.1313
TLI3,Inner London - West,2001,1016570.0000,108.9398,9331.4840
TLI4,Inner London - East,2001,1842805.0000,210.3056,8762.5104
TLI5,Outer London - East and North East,2001,1567762.0000,432.3276,3626.3287
TLI6,Outer London - South,2001,1152942.0000,355.3178,3244.8191
TLI7,Outer London - West and North West,2001,1742324.0000,465.0676,3746.3887
TLJ1,"Berkshire, Buckinghamshire and Oxfordshire",2001,2102395.0000,5740.4545,366.2419
TLJ2,"Surrey, East and West Sussex",2001,2558218.0000,5445.0928,469.8208
TLJ3,Hampshire and Isle of Wight,2001,1781938.0000,4148.1677,429.5723
TLJ4,Kent,2001,1580898.0000,3738.0939,422.9155
TLK1,"Gloucestershire, Wiltshire and Bath/Bristol area",2001,2172668.0000,7464.2976,291.0747
TLK2,Dorset and Somerset,2001,1192132.0000,6103.3068,195.3256
TLK3,Cornwall and Isles of Scilly,2001,502077.0000,3562.0911,140.9501
TLK4,Devon,2001,1076487.0000,6706.5569,160.5126
TLL1,West Wales and The Valleys,2001,1854674.0000,13100.8352,141.5691
TLL2,East Wales,2001,1055558.0000,7635.9096,138.2361
TLM5,North Eastern Scotland,2001,438850.0000,6498.2001,67.5341
TLM6,Highlands and Islands,2001,454850.0000,40310.2893,11.2837
TLM7,Eastern Scotland,2001,1797270.0000,13218.6429,135.9648
TLM8,West Central Scotland,2001,1447870.0000,1574.0385,919.8441
TLM9,Southern Scotland,2001,925360.0000,16299.1242,56.7736
TLN0,Northern Ireland,2001,1688838.0000,13792.9516,122.4421
TLC1,Tees Valley and Durham,2002,1145555.0000,3020.5772,379.2504
TLC2,"Northumberland, and Tyne and Wear",2002,1395045.0000,5559.9518,250.9095
TLD1,Cumbria,2002,488681.0000,6769.8936,72.1844
TLD3,Greater Manchester,2002,2523214.0000,1275.9660,1977.4931
TLD4,Lancashire,2002,1420076.0000,3066.1526,463.1459
TLD6,Cheshire,2002,867620.0000,2266.9522,382.7253
TLD7,Merseyside,2002,1485289.0000,731.2959,2031.0370
TLE1,East Yorkshire and Northern Lincolnshire,2002,880339.0000,3514.2624,250.5046
TLE2,North Yorkshire,2002,755274.0000,8309.3773,90.8942
TLE3,South Yorkshire,2002,1271309.0000,1551.5366,819.3871
TLE4,West Yorkshire,2002,2093189.0000,2029.2090,1031.5295
TLF1,Derbyshire and Nottinghamshire,2002,1994738.0000,4784.1385,416.9482
TLF2,"Leicestershire, Rutland and Northamptonshire",2002,1571435.0000,4902.0238,320.5686
TLF3,Lincolnshire,2002,655580.0000,5937.3041,110.4171
TLG1,"Herefordshire, Worcestershire and Warwickshire",2002,1230423.0000,5895.3984,208.7091
TLG2,Shropshire and Staffordshire,2002,1494456.0000,6201.2573,240.9924
TLG3,West Midlands,2002,2576364.0000,901.7123,2857.1907
TLH1,East Anglia,2002,2195752.0000,12573.1126,174.6387
TLH2,Bedfordshire and Hertfordshire,2002,1611904.0000,2878.5189,559.9769
TLH3,Essex,2002,1625032.0000,3663.8930,443.5261
TLI3,Inner London - West,2002,1030085.0000,108.9398,9455.5433
TLI4,Inner London - East,2002,1860838.0000,210.3056,8848.2570
TLI5,Outer London - East and North East,2002,1580804.0000,432.3276,3656.4957
TLI6,Outer London - South,2002,1153551.0000,355.3178,3246.5331
TLI7,Outer London - West and North West,2002,1751393.0000,465.0676,3765.8891
TLJ1,"Berkshire, Buckinghamshire and Oxfordshire",2002,2104641.0000,5740.4545,366.6332
TLJ2,"Surrey, East and West Sussex",2002,2563405.0000,5445.0928,470.7734
TLJ3,Hampshire and Isle of Wight,2002,1787916.0000,4148.1677,431.0134
TLJ4,Kent,2002,1589230.0000,3738.0939,425.1445
TLK1,"Gloucestershire, Wiltshire and Bath/Bristol area",2002,2183968.0000,7464.2976,292.5885
TLK2,Dorset and Somerset,2002,1202336.0000,6103.3068,196.9975
TLK3,Cornwall and Isles of Scilly,2002,506814.0000,3562.0911,142.2799
TLK4,Devon,2002,1083011.0000,6706.5569,161.4854
TLL1,West Wales and The Valleys,2002,1861745.0000,13100.8352,142.1089
TLL2,East Wales,2002,1061131.0000,7635.9096,138.9659
TLM5,North Eastern Scotland,2002,439510.0000,6498.2001,67.6357
TLM6,Highlands and Islands,2002,456150.0000,40310.2893,11.3160
TLM7,Eastern Scotland,2002,1799550.0000,13218.6429,136.1373
TLM8,West Central Scotland,2002,1445320.0000,1574.0385,918.2240
TLM9,Southern Scotland,2002,925470.0000,16299.1242,56.7804
TLN0,Northern Ireland,2002,1697534.0000,13792.9516,123.0726
TLC1,Tees Valley and Durham,2003,1146290.0000,3020.5772,379.4937
TLC2,"Northumberland, and Tyne and Wear",2003,1394171.0000,5559.9518,250.7524
TLD1,Cumbria,2003,491329.0000,6769.8936,72.5756
TLD3,Greater Manchester,2003,2538555.0000,1275.9660,1989.5162
TLD4,Lancashire,2003,1427668.0000,3066.1526,465.6220
TLD6,Cheshire,2003,871894.0000,2266.9522,384.6107
TLD7,Merseyside,2003,1485214.0000,731.2959,2030.9344
TLE1,East Yorkshire and Northern Lincolnshire,2003,887042.0000,3514.2624,252.4120
TLE2,North Yorkshire,2003,760090.0000,8309.3773,91.4738
TLE3,South Yorkshire,2003,1276501.0000,1551.5366,822.7334
TLE4,West Yorkshire,2003,2102681.0000,2029.2090,1036.2072
TLF1,Derbyshire and Nottinghamshire,2003,2007042.0000,4784.1385,419.5200
TLF2,"Leicestershire, Rutland and Northamptonshire",2003,1584841.0000,4902.0238,323.3034
TLF3,Lincolnshire,2003,663197.0000,5937.3041,111.7000
TLG1,"Herefordshire, Worcestershire and Warwickshire",2003,1237975.0000,5895.3984,209.9900
TLG2,Shropshire and Staffordshire,2003,1502020.0000,6201.2573,242.2122
TLG3,West Midlands,2003,2585480.0000,901.7123,2867.3004
TLH1,East Anglia,2003,2221056.0000,12573.1126,176.6512
TLH2,Bedfordshire and Hertfordshire,2003,1619584.0000,2878.5189,562.6449
TLH3,Essex,2003,1633493.0000,3663.8930,445.8353
TLI3,Inner London - West,2003,1035984.0000,108.9398,9509.6925
TLI4,Inner London - East,2003,1862579.0000,210.3056,8856.5354
TLI5,Outer London - East and North East,2003,1589139.0000,432.3276,3675.7750
TLI6,Outer London - South,2003,1153420.0000,355.3178,3246.1644
TLI7,Outer London - West and North West,2003,1753695.0000,465.0676,3770.8389
TLJ1,"Berkshire, Buckinghamshire and Oxfordshire",2003,2115498.0000,5740.4545,368.5245
TLJ2,"Surrey, East and West Sussex",2003,2574651.0000,5445.0928,472.8388
TLJ3,Hampshire and Isle of Wight,2003,1797570.0000,4148.1677,433.3407
TLJ4,Kent,2003,1600205.0000,3738.0939,428.0805
TLK1,"Gloucestershire, Wiltshire and Bath/Bristol area",2003,2198596.0000,7464.2976,294.5483
TLK2,Dorset and Somerset,2003,1208640.0000,6103.3068,198.0304
TLK3,Cornwall and Isles of Scilly,2003,510734.0000,3562.0911,143.3804
TLK4,Devon,2003,1088683.0000,6706.5569,162.3311
TLL1,West Wales and The Valleys,2003,1871384.0000,13100.8352,142.8446
TLL2,East Wales,2003,1066337.0000,7635.9096,139.6477
TLM5,North Eastern Scotland,2003,440530.0000,6498.2001,67.7926
TLM6,Highlands and Islands,2003,459320.0000,40310.2893,11.3946
TLM7,Eastern Scotland,2003,1801040.0000,13218.6429,136.2500
TLM8,West Central Scotland,2003,1440170.0000,1574.0385,914.9522
TLM9,Southern Scotland,2003,927440.0000,16299.1242,56.9012
TLN0,Northern Ireland,2003,1704924.0000,13792.9516,123.6084
TLC1,Tees Valley and Durham,2004,1147588.0000,3020.5772,379.9234
TLC2,"Northumberland, and Tyne and Wear",2004,1392914.0000,5559.9518,250.5263
TLD1,Cumbria,2004,494918.0000,6769.8936,73.1057
TLD3,Greater Manchester,2004,2549752.0000,1275.9660,1998.2915
TLD4,Lancashire,2004,1434024.0000,3066.1526,467.6949
TLD6,Cheshire,2004,874687.0000,2266.9522,385.8427
TLD7,Merseyside,2004,1486988.0000,731.2959,2033.3602
TLE1,East Yorkshire and Northern Lincolnshire,2004,894919.0000,3514.2624,254.6534
TLE2,North Yorkshire,2004,766602.0000,8309.3773,92.2575
TLE3,South Yorkshire,2004,1283439.0000,1551.5366,827.2051
TLE4,West Yorkshire,2004,2118239.0000,2029.2090,1043.8742
TLF1,Derbyshire and Nottinghamshire,2004,2020561.0000,4784.1385,422.3458
TLF2,"Leicestershire, Rutland and Northamptonshire",2004,1598500.0000,4902.0238,326.0898
TLF3,Lincolnshire,2004,672415.0000,5937.3041,113.2526
TLG1,"Herefordshire, Worcestershire and Warwickshire",2004,1243330.0000,5895.3984,210.8984
TLG2,Shropshire and Staffordshire,2004,1509054.0000,6201.2573,243.3465
TLG3,West Midlands,2004,2593992.0000,901.7123,2876.7402
TLH1,East Anglia,2004,2242707.0000,12573.1126,178.3733
TLH2,Bedfordshire and Hertfordshire,2004,1622681.0000,2878.5189,563.7208
TLH3,Essex,2004,1643176.0000,3663.8930,448.4782
TLI3,Inner London - West,2004,1045466.0000,108.9398,9596.7314
TLI4,Inner London - East,2004,1870446.0000,210.3056,8893.9429
TLI5,Outer London - East and North East,2004,1595479.0000,432.3276,3690.4398
TLI6,Outer London - South,2004,1155498.0000,355.3178,3252.0127
TLI7,Outer London - West and North West,2004,1765841.0000,465.0676,3796.9555
TLJ1,"Berkshire, Buckinghamshire and Oxfordshire",2004,2125892.0000,5740.4545,370.3351
TLJ2,"Surrey, East and West Sussex",2004,2585983.0000,5445.0928,474.9199
TLJ3,Hampshire and Isle of Wight,2004,1808382.0000,4148.1677,435.9472
TLJ4,Kent,2004,1612843.0000,3738.0939,431.4613
TLK1,"Gloucestershire, Wiltshire and Bath/Bristol area",2004,2214993.0000,7464.2976,296.7450
TLK2,Dorset and Somerset,2004,1214470.0000,6103.3068,198.9856
TLK3,Cornwall and Isles of Scilly,2004,514020.0000,3562.0911,144.3029
TLK4,Devon,2004,1094801.0000,6706.5569,163.2434
TLL1,West Wales and The Valleys,2004,1882823.0000,13100.8352,143.7178
TLL2,East Wales,2004,1074599.0000,7635.9096,140.7297
TLM5,North Eastern Scotland,2004,442510.0000,6498.2001,68.0973
TLM6,Highlands and Islands,2004,463090.0000,40310.2893,11.4881
TLM7,Eastern Scotland,2004,1808930.0000,13218.6429,136.8469
TLM8,West Central Scotland,2004,1437410.0000,1574.0385,913.1988
TLM9,Southern Scotland,2004,932360.0000,16299.1242,57.2031
TLN0,Northern Ireland,2004,1714042.0000,13792.9516,124.2694
TLC1,Tees Valley and Durham,2005,1151006.0000,3020.5772,381.0550
TLC2,"Northumberland, and Tyne and Wear",2005,1396121.0000,5559.9518,251.1031
TLD1,Cumbria,2005,497040.0000,6769.8936,73.4192
TLD3,Greater Manchester,2005,2564055.0000,1275.9660,2009.5010
TLD4,Lancashire,2005,1440141.0000,3066.1526,469.6899
TLD6,Cheshire,2005,879968.0000,2266.9522,388.1723
TLD7,Merseyside,2005,1488817.0000,731.2959,2035.8613
TLE1,East Yorkshire and Northern Lincolnshire,2005,900831.0000,3514.2624,256.3357
TLE2,North Yorkshire,2005,772215.0000,8309.3773,92.9330
TLE3,South Yorkshire,2005,1293188.0000,1551.5366,833.4886
TLE4,West Yorkshire,2005,2142174.0000,2029.2090,1055.6695
TLF1,Derbyshire and Nottinghamshire,2005,2034828.0000,4784.1385,425.3280
TLF2,"Leicestershire, Rutland and Northamptonshire",2005,1616960.0000,4902.0238,329.8556
TLF3,Lincolnshire,2005,677324.0000,5937.3041,114.0794
TLG1,"Herefordshire, Worcestershire and Warwickshire",2005,1251572.0000,5895.3984,212.2964
TLG2,Shropshire and Staffordshire,2005,1517252.0000,6201.2573,244.6684
TLG3,West Midlands,2005,2611863.0000,901.7123,2896.5591
TLH1,East Anglia,2005,2271598.0000,12573.1126,180.6711
TLH2,Bedfordshire and Hertfordshire,2005,1634684.0000,2878.5189,567.8907
TLH3,Essex,2005,1656371.0000,3663.8930,452.0795
TLI3,Inner London - West,2005,1066247.0000,108.9398,9787.4881
TLI4,Inner London - East,2005,1890801.0000,210.3056,8990.7306
TLI5,Outer London - East and North East,2005,1609236.0000,432.3276,3722.2606
TLI6,Outer London - South,2005,1163648.0000,355.3178,3274.9499
TLI7,Outer London - West and North West,2005,1789077.0000,465.0676,3846.9182
TLJ1,"Berkshire, Buckinghamshire and Oxfordshire",2005,2148393.0000,5740.4545,374.2549
TLJ2,"Surrey, East and West Sussex",2005,2603961.0000,5445.0928,478.2216
TLJ3,Hampshire and Isle of Wight,2005,1823227.0000,4148.1677,439.5259
TLJ4,Kent,2005,1627315.0000,3738.0939,435.3328
TLK1,"Gloucestershire, Wiltshire and Bath/Bristol area",2005,2239866.0000,7464.2976,300.0773
TLK2,Dorset and Somerset,2005,1223633.0000,6103.3068,200.4869
TLK3,Cornwall and Isles of Scilly,2005,517308.0000,3562.0911,145.2259
TLK4,Devon,2005,1105314.0000,6706.5569,164.8109
TLL1,West Wales and The Valleys,2005,1887854.0000,13100.8352,144.1018
TLL2,East Wales,2005,1081455.0000,7635.9096,141.6275
TLM5,North Eastern Scotland,2005,446260.0000,6498.2001,68.6744
TLM6,Highlands and Islands,2005,467750.0000,40310.2893,11.6037
TLM7,Eastern Scotland,2005,1822520.0000,13218.6429,137.8750
TLM8,West Central Scotland,2005,1437950.0000,1574.0385,913.5418
TLM9,Southern Scotland,2005,935720.0000,16299.1242,57.4092
TLN0,Northern Ireland,2005,1727733.0000,13792.9516,125.2620
TLC1,Tees Valley and Durham,2006,1154698.0000,3020.5772,382.2773
TLC2,"Northumberland, and Tyne and Wear",2006,1397870.0000,5559.9518,251.4176
TLD1,Cumbria,2006,498813.0000,6769.8936,73.6811
TLD3,Greater Manchester,2006,2582260.0000,1275.9660,2023.7687
TLD4,Lancashire,2006,1445983.0000,3066.1526,471.5952
TLD6,Cheshire,2006,885010.0000,2266.9522,390.3964
TLD7,Merseyside,2006,1489519.0000,731.2959,2036.8212
TLE1,East Yorkshire and Northern Lincolnshire,2006,903857.0000,3514.2624,257.1968
TLE2,North Yorkshire,2006,776276.0000,8309.3773,93.4217
TLE3,South Yorkshire,2006,1299676.0000,1551.5366,837.6702
TLE4,West Yorkshire,2006,2154207.0000,2029.2090,1061.5994
TLF1,Derbyshire and Nottinghamshire,2006,2045045.0000,4784.1385,427.4636
TLF2,"Leicestershire, Rutland and Northamptonshire",2006,1636217.0000,4902.0238,333.7840
TLF3,Lincolnshire,2006,685414.0000,5937.3041,115.4420
TLG1,"Herefordshire, Worcestershire and Warwickshire",2006,1261862.0000,5895.3984,214.0419
TLG2,Shropshire and Staffordshire,2006,1527631.0000,6201.2573,246.3421
TLG3,West Midlands,2006,2626028.0000,901.7123,2912.2681
TLH1,East Anglia,2006,2290800.0000,12573.1126,182.1983
TLH2,Bedfordshire and Hertfordshire,2006,1647211.0000,2878.5189,572.2426
TLH3,Essex,2006,1668283.0000,3663.8930,455.3307
TLI3,Inner London - West,2006,1068573.0000,108.9398,9808.8394
TLI4,Inner London - East,2006,1921097.0000,210.3056,9134.7877
TLI5,Outer London - East and North East,2006,1626375.0000,432.3276,3761.9042
TLI6,Outer London - South,2006,1170481.0000,355.3178,3294.1806
TLI7,Outer London - West and North West,2006,1811299.0000,465.0676,3894.7005
TLJ1,"Berkshire, Buckinghamshire and Oxfordshire",2006,2167530.0000,5740.4545,377.5886
TLJ2,"Surrey, East and West Sussex",2006,2627332.0000,5445.0928,482.5137
TLJ3,Hampshire and Isle of Wight,2006,1832887.0000,4148.1677,441.8546
TLJ4,Kent,2006,1643112.0000,3738.0939,439.5588
TLK1,"Gloucestershire, Wiltshire and Bath/Bristol area",2006,2258006.0000,7464.2976,302.5075
TLK2,Dorset and Somerset,2006,1230959.0000,6103.3068,201.6872
TLK3,Cornwall and Isles of Scilly,2006,520248.0000,3562.0911,146.0513
TLK4,Devon,2006,1110627.0000,6706.5569,165.6032
TLL1,West Wales and The Valleys,2006,1897140.0000,13100.8352,144.8106
TLL2,East Wales,2006,1088528.0000,7635.9096,142.5538
TLM5,North Eastern Scotland,2006,450810.0000,6498.2001,69.3746
TLM6,Highlands and Islands,2006,472030.0000,40310.2893,11.7099
TLM7,Eastern Scotland,2006,1834210.0000,13218.6429,138.7593
TLM8,West Central Scotland,2006,1437540.0000,1574.0385,913.2813
TLM9,Southern Scotland,2006,938410.0000,16299.1242,57.5743
TLN0,Northern Ireland,2006,1743113.0000,13792.9516,126.3771
TLC1,Tees Valley and Durham,2007,1159628.0000,3020.5772,383.9094
TLC2,"Northumberland, and Tyne and Wear",2007,1402417.0000,5559.9518,252.2355
TLD1,Cumbria,2007,500779.0000,6769.8936,73.9715
TLD3,Greater Manchester,2007,2598619.0000,1275.9660,2036.5895
TLD4,Lancashire,2007,1449418.0000,3066.1526,472.7155
TLD6,Cheshire,2007,890926.0000,2266.9522,393.0061
TLD7,Merseyside,2007,1489535.0000,731.2959,2036.8431
TLE1,East Yorkshire and Northern Lincolnshire,2007,908016.0000,3514.2624,258.3803
TLE2,North Yorkshire,2007,781017.0000,8309.3773,93.9922
TLE3,South Yorkshire,2007,1306289.0000,1551.5366,841.9324
TLE4,West Yorkshire,2007,2168816.0000,2029.2090,1068.7987
TLF1,Derbyshire and Nottinghamshire,2007,2056005.0000,4784.1385,429.7545
TLF2,"Leicestershire, Rutland and Northamptonshire",2007,1655030.0000,4902.0238,337.6218
TLF3,Lincolnshire,2007,693739.0000,5937.3041,116.8441
TLG1,"Herefordshire, Worcestershire and Warwickshire",2007,1272346.0000,5895.3984,215.8202
TLG2,Shropshire and Staffordshire,2007,1537820.0000,6201.2573,247.9852
TLG3,West Midlands,2007,2641758.0000,901.7123,2929.7127
TLH1,East Anglia,2007,2310870.0000,12573.1126,183.7946
TLH2,Bedfordshire and Hertfordshire,2007,1662606.0000,2878.5189,577.5908
TLH3,Essex,2007,1680058.0000,3663.8930,458.5445
TLI3,Inner London - West,2007,1070541.0000,108.9398,9826.9044
TLI4,Inner London - East,2007,1960223.0000,210.3056,9320.8312
TLI5,Outer London - East and North East,2007,1647144.0000,432.3276,3809.9441
TLI6,Outer London - South,2007,1179573.0000,355.3178,3319.7690
TLI7,Outer London - West and North West,2007,1835992.0000,465.0676,3947.7960
TLJ1,"Berkshire, Buckinghamshire and Oxfordshire",2007,2189942.0000,5740.4545,381.4928
TLJ2,"Surrey, East and West Sussex",2007,2653974.0000,5445.0928,487.4066
TLJ3,Hampshire and Isle of Wight,2007,1843860.0000,4148.1677,444.4999
TLJ4,Kent,2007,1663615.0000,3738.0939,445.0437
TLK1,"Gloucestershire, Wiltshire and Bath/Bristol area",2007,2281871.0000,7464.2976,305.7047
TLK2,Dorset and Somerset,2007,1244681.0000,6103.3068,203.9355
TLK3,Cornwall and Isles of Scilly,2007,524250.0000,3562.0911,147.1748
TLK4,Devon,2007,1119735.0000,6706.5569,166.9612
TLL1,West Wales and The Valleys,2007,1908342.0000,13100.8352,145.6657
TLL2,East Wales,2007,1097957.0000,7635.9096,143.7886
TLM5,North Eastern Scotland,2007,456860.0000,6498.2001,70.3056
TLM6,Highlands and Islands,2007,476370.0000,40310.2893,11.8176
TLM7,Eastern Scotland,2007,1849920.0000,13218.6429,139.9478
TLM8,West Central Scotland,2007,1443160.0000,1574.0385,916.8518
TLM9,Southern Scotland,2007,943690.0000,16299.1242,57.8982
TLN0,Northern Ireland,2007,1761683.0000,13792.9516,127.7234
TLC1,Tees Valley and Durham,2008,1164126.0000,3020.5772,385.3985
TLC2,"Northumberland, and Tyne and Wear",2008,1405186.0000,5559.9518,252.7335
TLD1,Cumbria,2008,500916.0000,6769.8936,73.9917
TLD3,Greater Manchester,2008,2620007.0000,1275.9660,2053.3517
TLD4,Lancashire,2008,1451175.0000,3066.1526,473.2886
TLD6,Cheshire,2008,894700.0000,2266.9522,394.6709
TLD7,Merseyside,2008,1491749.0000,731.2959,2039.8706
TLE1,East Yorkshire and Northern Lincolnshire,2008,912437.0000,3514.2624,259.6383
TLE2,North Yorkshire,2008,785747.0000,8309.3773,94.5615
TLE3,South Yorkshire,2008,1315448.0000,1551.5366,847.8356
TLE4,West Yorkshire,2008,2185043.0000,2029.2090,1076.7954
TLF1,Derbyshire and Nottinghamshire,2008,2069957.0000,4784.1385,432.6708
TLF2,"Leicestershire, Rutland and Northamptonshire",2008,1670388.0000,4902.0238,340.7548
TLF3,Lincolnshire,2008,700780.0000,5937.3041,118.0300
TLG1,"Herefordshire, Worcestershire and Warwickshire",2008,1281965.0000,5895.3984,217.4518
TLG2,Shropshire and Staffordshire,2008,1548213.0000,6201.2573,249.6611
TLG3,West Midlands,2008,2666062.0000,901.7123,2956.6659
TLH1,East Anglia,2008,2332678.0000,12573.1126,185.5291
TLH2,Bedfordshire and Hertfordshire,2008,1680717.0000,2878.5189,583.8826
TLH3,Essex,2008,1694955.0000,3663.8930,462.6104
TLI3,Inner London - West,2008,1070347.0000,108.9398,9825.1236
TLI4,Inner London - East,2008,2008567.0000,210.3056,9550.7062
TLI5,Outer London - East and North East,2008,1675638.0000,432.3276,3875.8525
TLI6,Outer London - South,2008,1192022.0000,355.3178,3354.8052
TLI7,Outer London - West and North West,2008,1865587.0000,465.0676,4011.4319
TLJ1,"Berkshire, Buckinghamshire and Oxfordshire",2008,2211708.0000,5740.4545,385.2845
TLJ2,"Surrey, East and West Sussex",2008,2676436.0000,5445.0928,491.5318
TLJ3,Hampshire and Isle of Wight,2008,1856723.0000,4148.1677,447.6008
TLJ4,Kent,2008,1681532.0000,3738.0939,449.8367
TLK1,"Gloucestershire, Wiltshire and Bath/Bristol area",2008,2300348.0000,7464.2976,308.1801
TLK2,Dorset and Somerset,2008,1252911.0000,6103.3068,205.2840
TLK3,Cornwall and Isles of Scilly,2008,527306.0000,3562.0911,148.0327
TLK4,Devon,2008,1124479.0000,6706.5569,167.6686
TLL1,West Wales and The Valleys,2008,1917774.0000,13100.8352,146.3856
TLL2,East Wales,2008,1108093.0000,7635.9096,145.1160
TLM5,North Eastern Scotland,2008,460850.0000,6498.2001,70.9196
TLM6,Highlands and Islands,2008,480220.0000,40310.2893,11.9131
TLM7,Eastern Scotland,2008,1863910.0000,13218.6429,141.0062
TLM8,West Central Scotland,2008,1450120.0000,1574.0385,921.2735
TLM9,Southern Scotland,2008,947800.0000,16299.1242,58.1504
TLN0,Northern Ireland,2008,1779152.0000,13792.9516,128.9899
TLC1,Tees Valley and Durham,2009,1166314.0000,3020.5772,386.1229
TLC2,"Northumberland, and Tyne and Wear",2009,1409127.0000,5559.9518,253.4423
TLD1,Cumbria,2009,500786.0000,6769.8936,73.9725
TLD3,Greater Manchester,2009,2639833.0000,1275.9660,2068.8898
TLD4,Lancashire,2009,1452916.0000,3066.1526,473.8564
TLD6,Cheshire,2009,897196.0000,2266.9522,395.7719
TLD7,Merseyside,2009,1495425.0000,731.2959,2044.8973
TLE1,East Yorkshire and Northern Lincolnshire,2009,913088.0000,3514.2624,259.8235
TLE2,North Yorkshire,2009,788794.0000,8309.3773,94.9282
TLE3,South Yorkshire,2009,1323855.0000,1551.5366,853.2541
TLE4,West Yorkshire,2009,2197607.0000,2029.2090,1082.9870
TLF1,Derbyshire and Nottinghamshire,2009,2083210.0000,4784.1385,435.4410
TLF2,"Leicestershire, Rutland and Northamptonshire",2009,1682844.0000,4902.0238,343.2958
TLF3,Lincolnshire,2009,705599.0000,5937.3041,118.8416
TLG1,"Herefordshire, Worcestershire and Warwickshire",2009,1286794.0000,5895.3984,218.2709
TLG2,Shropshire and Staffordshire,2009,1554097.0000,6201.2573,250.6100
TLG3,West Midlands,2009,2687116.0000,901.7123,2980.0148
TLH1,East Anglia,2009,2349739.0000,12573.1126,186.8860
TLH2,Bedfordshire and Hertfordshire,2009,1697185.0000,2878.5189,589.6036
TLH3,Essex,2009,1704519.0000,3663.8930,465.2207
TLI3,Inner London - West,2009,1078732.0000,108.9398,9902.0927
TLI4,Inner London - East,2009,2055661.0000,210.3056,9774.6375
TLI5,Outer London - East and North East,2009,1704071.0000,432.3276,3941.6197
TLI6,Outer London - South,2009,1203297.0000,355.3178,3386.5373
TLI7,Outer London - West and North West,2009,1900833.0000,465.0676,4087.2187
TLJ1,"Berkshire, Buckinghamshire and Oxfordshire",2009,2230698.0000,5740.4545,388.5926
TLJ2,"Surrey, East and West Sussex",2009,2695658.0000,5445.0928,495.0619
TLJ3,Hampshire and Isle of Wight,2009,1869067.0000,4148.1677,450.5765
TLJ4,Kent,2009,1695499.0000,3738.0939,453.5731
TLK1,"Gloucestershire, Wiltshire and Bath/Bristol area",2009,2315353.0000,7464.2976,310.1903
TLK2,Dorset and Somerset,2009,1257107.0000,6103.3068,205.9715
TLK3,Cornwall and Isles of Scilly,2009,528616.0000,3562.0911,148.4005
TLK4,Devon,2009,1125745.0000,6706.5569,167.8574
TLL1,West Wales and The Valleys,2009,1922374.0000,13100.8352,146.7368
TLL2,East Wales,2009,1116498.0000,7635.9096,146.2168
TLM5,North Eastern Scotland,2009,466040.0000,6498.2001,71.7183
TLM6,Highlands and Islands,2009,482520.0000,40310.2893,11.9701
TLM7,Eastern Scotland,2009,1876490.0000,13218.6429,141.9578
TLM8,West Central Scotland,2009,1457490.0000,1574.0385,925.9558
TLM9,Southern Scotland,2009,949360.0000,16299.1242,58.2461
TLN0,Northern Ireland,2009,1793333.0000,13792.9516,130.0181
TLC1,Tees Valley and Durham,2010,1171381.0000,3020.5772,387.8004
TLC2,"Northumberland, and Tyne and Wear",2010,1415487.0000,5559.9518,254.5862
TLD1,Cumbria,2010,500165.0000,6769.8936,73.8808
TLD3,Greater Manchester,2010,2661841.0000,1275.9660,2086.1379
TLD4,Lancashire,2010,1457298.0000,3066.1526,475.2855
TLD6,Cheshire,2010,899913.0000,2266.9522,396.9704
TLD7,Merseyside,2010,1500704.0000,731.2959,2052.1160
TLE1,East Yorkshire and Northern Lincolnshire,2010,915263.0000,3514.2624,260.4424
TLE2,North Yorkshire,2010,794098.0000,8309.3773,95.5665
TLE3,South Yorkshire,2010,1332871.0000,1551.5366,859.0651
TLE4,West Yorkshire,2010,2212556.0000,2029.2090,1090.3539
TLF1,Derbyshire and Nottinghamshire,2010,2098381.0000,4784.1385,438.6121
TLF2,"Leicestershire, Rutland and Northamptonshire",2010,1696885.0000,4902.0238,346.1601
TLF3,Lincolnshire,2010,711805.0000,5937.3041,119.8869
TLG1,"Herefordshire, Worcestershire and Warwickshire",2010,1291111.0000,5895.3984,219.0032
TLG2,Shropshire and Staffordshire,2010,1562817.0000,6201.2573,252.0162
TLG3,West Midlands,2010,2711938.0000,901.7123,3007.5424
TLH1,East Anglia,2010,2373563.0000,12573.1126,188.7809
TLH2,Bedfordshire and Hertfordshire,2010,1716219.0000,2878.5189,596.2160
TLH3,Essex,2010,1717620.0000,3663.8930,468.7964
TLI3,Inner London - West,2010,1083175.0000,108.9398,9942.8767
TLI4,Inner London - East,2010,2096253.0000,210.3056,9967.6518
TLI5,Outer London - East and North East,2010,1735699.0000,432.3276,4014.7772
TLI6,Outer London - South,2010,1213616.0000,355.3178,3415.5790
TLI7,Outer London - West and North West,2010,1932752.0000,465.0676,4155.8518
TLJ1,"Berkshire, Buckinghamshire and Oxfordshire",2010,2254528.0000,5740.4545,392.7438
TLJ2,"Surrey, East and West Sussex",2010,2722104.0000,5445.0928,499.9188
TLJ3,Hampshire and Isle of Wight,2010,1886496.0000,4148.1677,454.7781
TLJ4,Kent,2010,1714643.0000,3738.0939,458.6945
TLK1,"Gloucestershire, Wiltshire and Bath/Bristol area",2010,2332984.0000,7464.2976,312.5524
TLK2,Dorset and Somerset,2010,1266686.0000,6103.3068,207.5409
TLK3,Cornwall and Isles of Scilly,2010,532022.0000,3562.0911,149.3567
TLK4,Devon,2010,1129578.0000,6706.5569,168.4289
TLL1,West Wales and The Valleys,2010,1927348.0000,13100.8352,147.1164
TLL2,East Wales,2010,1122623.0000,7635.9096,147.0189
TLM5,North Eastern Scotland,2010,471160.0000,6498.2001,72.5062
TLM6,Highlands and Islands,2010,484920.0000,40310.2893,12.0297
TLM7,Eastern Scotland,2010,1891210.0000,13218.6429,143.0714
TLM8,West Central Scotland,2010,1464120.0000,1574.0385,930.1678
TLM9,Southern Scotland,2010,950790.0000,16299.1242,58.3338
TLN0,Northern Ireland,2010,1804833.0000,13792.9516,130.8518
TLC1,Tees Valley and Durham,2011,1176022.0000,3020.5772,389.3368
TLC2,"Northumberland, and Tyne and Wear",2011,1420419.0000,5559.9518,255.4733
TLD1,Cumbria,2011,499817.0000,6769.8936,73.8294
TLD3,Greater Manchester,2011,2685386.0000,1275.9660,2104.5906
TLD4,Lancashire,2011,1461295.0000,3066.1526,476.5891
TLD6,Cheshire,2011,902971.0000,2266.9522,398.3194
TLD7,Merseyside,2011,1506492.0000,731.2959,2060.0307
TLE1,East Yorkshire and Northern Lincolnshire,2011,918047.0000,3514.2624,261.2346
TLE2,North Yorkshire,2011,798989.0000,8309.3773,96.1551
TLE3,South Yorkshire,2011,1343805.0000,1551.5366,866.1123
TLE4,West Yorkshire,2011,2227371.0000,2029.2090,1097.6548
TLF1,Derbyshire and Nottinghamshire,2011,2110326.0000,4784.1385,441.1089
TLF2,"Leicestershire, Rutland and Northamptonshire",2011,1712354.0000,4902.0238,349.3157
TLF3,Lincolnshire,2011,714768.0000,5937.3041,120.3860
TLG1,"Herefordshire, Worcestershire and Warwickshire",2011,1296730.0000,5895.3984,219.9563
TLG2,Shropshire and Staffordshire,2011,1572204.0000,6201.2573,253.5299
TLG3,West Midlands,2011,2739733.0000,901.7123,3038.3671
TLH1,East Anglia,2011,2396328.0000,12573.1126,190.5915
TLH2,Bedfordshire and Hertfordshire,2011,1736949.0000,2878.5189,603.4176
TLH3,Essex,2011,1729141.0000,3663.8930,471.9409
TLI3,Inner London - West,2011,1095487.0000,108.9398,10055.8933
TLI4,Inner London - East,2011,2145615.0000,210.3056,10202.3674
TLI5,Outer London - East and North East,2011,1768285.0000,432.3276,4090.1506
TLI6,Outer London - South,2011,1227471.0000,355.3178,3454.5722
TLI7,Outer London - West and North West,2011,1967549.0000,465.0676,4230.6731
TLJ1,"Berkshire, Buckinghamshire and Oxfordshire",2011,2275173.0000,5740.4545,396.3402
TLJ2,"Surrey, East and West Sussex",2011,2744447.0000,5445.0928,504.0221
TLJ3,Hampshire and Isle of Wight,2011,1901813.0000,4148.1677,458.4706
TLJ4,Kent,2011,1731351.0000,3738.0939,463.1641
TLK1,"Gloucestershire, Wiltshire and Bath/Bristol area",2011,2352437.0000,7464.2976,315.1585
TLK2,Dorset and Somerset,2011,1276919.0000,6103.3068,209.2176
TLK3,Cornwall and Isles of Scilly,2011,535984.0000,3562.0911,150.4689
TLK4,Devon,2011,1135491.0000,6706.5569,169.3106
TLL1,West Wales and The Valleys,2011,1933537.0000,13100.8352,147.5888
TLL2,East Wales,2011,1130221.0000,7635.9096,148.0139
TLM5,North Eastern Scotland,2011,476110.0000,6498.2001,73.2680
TLM6,Highlands and Islands,2011,487480.0000,40310.2893,12.0932
TLM7,Eastern Scotland,2011,1910240.0000,13218.6429,144.5111
TLM8,West Central Scotland,2011,1473120.0000,1574.0385,935.8856
TLM9,Southern Scotland,2011,952950.0000,16299.1242,58.4663
TLN0,Northern Ireland,2011,1814318.0000,13792.9516,131.5395
TLC1,Tees Valley and Durham,2012,1177283.0000,3020.5772,389.7543
TLC2,"Northumberland, and Tyne and Wear",2012,1421689.0000,5559.9518,255.7017
TLD1,Cumbria,2012,498835.0000,6769.8936,73.6843
TLD3,Greater Manchester,2012,2700093.0000,1275.9660,2116.1167
TLD4,Lancashire,2012,1465418.0000,3066.1526,477.9338
TLD6,Cheshire,2012,907646.0000,2266.9522,400.3816
TLD7,Merseyside,2012,1507352.0000,731.2959,2061.2067
TLE1,East Yorkshire and Northern Lincolnshire,2012,920439.0000,3514.2624,261.9153
TLE2,North Yorkshire,2012,803120.0000,8309.3773,96.6522
TLE3,South Yorkshire,2012,1348437.0000,1551.5366,869.0978
TLE4,West Yorkshire,2012,2241490.0000,2029.2090,1104.6127
TLF1,Derbyshire and Nottinghamshire,2012,2121441.0000,4784.1385,443.4322
TLF2,"Leicestershire, Rutland and Northamptonshire",2012,1729454.0000,4902.0238,352.8041
TLF3,Lincolnshire,2012,719807.0000,5937.3041,121.2347
TLG1,"Herefordshire, Worcestershire and Warwickshire",2012,1304603.0000,5895.3984,221.2917
TLG2,Shropshire and Staffordshire,2012,1576889.0000,6201.2573,254.2854
TLG3,West Midlands,2012,2758833.0000,901.7123,3059.5490
TLH1,East Anglia,2012,2414927.0000,12573.1126,192.0707
TLH2,Bedfordshire and Hertfordshire,2012,1757277.0000,2878.5189,610.4796
TLH3,Essex,2012,1742829.0000,3663.8930,475.6768
TLI3,Inner London - West,2012,1100641.0000,108.9398,10103.2038
TLI4,Inner London - East,2012,2179491.0000,210.3056,10363.4473
TLI5,Outer London - East and North East,2012,1792986.0000,432.3276,4147.2855
TLI6,Outer London - South,2012,1245990.0000,355.3178,3506.6918
TLI7,Outer London - West and North West,2012,2001659.0000,465.0676,4304.0173
TLJ1,"Berkshire, Buckinghamshire and Oxfordshire",2012,2304463.0000,5740.4545,401.4426
TLJ2,"Surrey, East and West Sussex",2012,2766941.0000,5445.0928,508.1531
TLJ3,Hampshire and Isle of Wight,2012,1914030.0000,4148.1677,461.4158
TLJ4,Kent,2012,1746406.0000,3738.0939,467.1916
TLK1,"Gloucestershire, Wiltshire and Bath/Bristol area",2012,2370976.0000,7464.2976,317.6422
TLK2,Dorset and Somerset,2012,1284879.0000,6103.3068,210.5218
TLK3,Cornwall and Isles of Scilly,2012,539660.0000,3562.0911,151.5009
TLK4,Devon,2012,1140828.0000,6706.5569,170.1064
TLL1,West Wales and The Valleys,2012,1936363.0000,13100.8352,147.8045
TLL2,East Wales,2012,1134565.0000,7635.9096,148.5828
TLM5,North Eastern Scotland,2012,479790.0000,6498.2001,73.8343
TLM6,Highlands and Islands,2012,485130.0000,40310.2893,12.0349
TLM7,Eastern Scotland,2012,1916640.0000,13218.6429,144.9952
TLM8,West Central Scotland,2012,1474110.0000,1574.0385,936.5146
TLM9,Southern Scotland,2012,952530.0000,16299.1242,58.4406
TLN0,Northern Ireland,2012,1824603.0000,13792.9516,132.2852
TLC1,Tees Valley and Durham,2013,1178584.0000,3020.5772,390.1850
TLC2,"Northumberland, and Tyne and Wear",2013,1424715.0000,5559.9518,256.2459
TLD1,Cumbria,2013,498080.0000,6769.8936,73.5728
TLD3,Greater Manchester,2013,2714958.0000,1275.9660,2127.7667
TLD4,Lancashire,2013,1470467.0000,3066.1526,479.5805
TLD6,Cheshire,2013,913337.0000,2266.9522,402.8920
TLD7,Merseyside,2013,1508304.0000,731.2959,2062.5085
TLE1,East Yorkshire and Northern Lincolnshire,2013,921431.0000,3514.2624,262.1976
TLE2,North Yorkshire,2013,805319.0000,8309.3773,96.9169
TLE3,South Yorkshire,2013,1352510.0000,1551.5366,871.7229
TLE4,West Yorkshire,2013,2255832.0000,2029.2090,1111.6805
TLF1,Derbyshire and Nottinghamshire,2013,2131614.0000,4784.1385,445.5586
TLF2,"Leicestershire, Rutland and Northamptonshire",2013,1747053.0000,4902.0238,356.3942
TLF3,Lincolnshire,2013,725901.0000,5937.3041,122.2610
TLG1,"Herefordshire, Worcestershire and Warwickshire",2013,1311796.0000,5895.3984,222.5118
TLG2,Shropshire and Staffordshire,2013,1583336.0000,6201.2573,255.3250
TLG3,West Midlands,2013,2781813.0000,901.7123,3085.0339
TLH1,East Anglia,2013,2433130.0000,12573.1126,193.5185
TLH2,Bedfordshire and Hertfordshire,2013,1780402.0000,2878.5189,618.5132
TLH3,Essex,2013,1756952.0000,3663.8930,479.5315
TLI3,Inner London - West,2013,1104481.0000,108.9398,10138.4526
TLI4,Inner London - East,2013,2218849.0000,210.3056,10550.5940
TLI5,Outer London - East and North East,2013,1818652.0000,432.3276,4206.6525
TLI6,Outer London - South,2013,1262477.0000,355.3178,3553.0925
TLI7,Outer London - West and North West,2013,2034528.0000,465.0676,4374.6931
TLJ1,"Berkshire, Buckinghamshire and Oxfordshire",2013,2334187.0000,5740.4545,406.6206
TLJ2,"Surrey, East and West Sussex",2013,2790609.0000,5445.0928,512.4998
TLJ3,Hampshire and Isle of Wight,2013,1923481.0000,4148.1677,463.6941
TLJ4,Kent,2013,1761105.0000,3738.0939,471.1238
TLK1,"Gloucestershire, Wiltshire and Bath/Bristol area",2013,2393009.0000,7464.2976,320.5940
TLK2,Dorset and Somerset,2013,1292599.0000,6103.3068,211.7867
TLK3,Cornwall and Isles of Scilly,2013,542275.0000,3562.0911,152.2350
TLK4,Devon,2013,1146900.0000,6706.5569,171.0117
TLL1,West Wales and The Valleys,2013,1933724.0000,13100.8352,147.6031
TLL2,East Wales,2013,1137334.0000,7635.9096,148.9455
TLM5,North Eastern Scotland,2013,483390.0000,6498.2001,74.3883
TLM6,Highlands and Islands,2013,487530.0000,40310.2893,12.0944
TLM7,Eastern Scotland,2013,1920510.0000,13218.6429,145.2880
TLM8,West Central Scotland,2013,1473170.0000,1574.0385,935.9174
TLM9,Southern Scotland,2013,952200.0000,16299.1242,58.4203
TLN0,Northern Ireland,2013,1831677.0000,13792.9516,132.7980
TLC1,Tees Valley and Durham,2014,1181036.0000,3020.5772,390.9968
TLC2,"Northumberland, and Tyne and Wear",2014,1429446.0000,5559.9518,257.0968
TLD1,Cumbria,2014,498303.0000,6769.8936,73.6057
TLD3,Greater Manchester,2014,2733895.0000,1275.9660,2142.6080
TLD4,Lancashire,2014,1475344.0000,3066.1526,481.1711
TLD6,Cheshire,2014,921067.0000,2266.9522,406.3019
TLD7,Merseyside,2014,1512487.0000,731.2959,2068.2285
TLE1,East Yorkshire and Northern Lincolnshire,2014,924757.0000,3514.2624,263.1440
TLE2,North Yorkshire,2014,805878.0000,8309.3773,96.9842
TLE3,South Yorkshire,2014,1356290.0000,1551.5366,874.1592
TLE4,West Yorkshire,2014,2269503.0000,2029.2090,1118.4176
TLF1,Derbyshire and Nottinghamshire,2014,2141352.0000,4784.1385,447.5941
TLF2,"Leicestershire, Rutland and Northamptonshire",2014,1768296.0000,4902.0238,360.7277
TLF3,Lincolnshire,2014,732981.0000,5937.3041,123.4535
TLG1,"Herefordshire, Worcestershire and Warwickshire",2014,1321709.0000,5895.3984,224.1933
TLG2,Shropshire and Staffordshire,2014,1589753.0000,6201.2573,256.3598
TLG3,West Midlands,2014,2805420.0000,901.7123,3111.2141
TLH1,East Anglia,2014,2455952.0000,12573.1126,195.3337
TLH2,Bedfordshire and Hertfordshire,2014,1803992.0000,2878.5189,626.7084
TLH3,Essex,2014,1779577.0000,3663.8930,485.7066
TLI3,Inner London - West,2014,1105738.0000,108.9398,10149.9911
TLI4,Inner London - East,2014,2251633.0000,210.3056,10706.4814
TLI5,Outer London - East and North East,2014,1848215.0000,432.3276,4275.0336
TLI6,Outer London - South,2014,1276004.0000,355.3178,3591.1626
TLI7,Outer London - West and North West,2014,2065602.0000,465.0676,4441.5091
TLJ1,"Berkshire, Buckinghamshire and Oxfordshire",2014,2362949.0000,5740.4545,411.6310
TLJ2,"Surrey, East and West Sussex",2014,2814540.0000,5445.0928,516.8948
TLJ3,Hampshire and Isle of Wight,2014,1936277.0000,4148.1677,466.7789
TLJ4,Kent,2014,1780164.0000,3738.0939,476.2224
TLK1,"Gloucestershire, Wiltshire and Bath/Bristol area",2014,2417029.0000,7464.2976,323.8120
TLK2,Dorset and Somerset,2014,1302733.0000,6103.3068,213.4471
TLK3,Cornwall and Isles of Scilly,2014,545966.0000,3562.0911,153.2712
TLK4,Devon,2014,1156431.0000,6706.5569,172.4329
TLL1,West Wales and The Valleys,2014,1933880.0000,13100.8352,147.6150
TLL2,East Wales,2014,1139908.0000,7635.9096,149.2825
TLM5,North Eastern Scotland,2014,487520.0000,6498.2001,75.0239
TLM6,Highlands and Islands,2014,487830.0000,40310.2893,12.1019
TLM7,Eastern Scotland,2014,1927980.0000,13218.6429,145.8531
TLM8,West Central Scotland,2014,1476070.0000,1574.0385,937.7598
TLM9,Southern Scotland,2014,952000.0000,16299.1242,58.4080
TLN0,Northern Ireland,2014,1843186.0000,13792.9516,133.6325
TLC1,Tees Valley and Durham,2015,1182799.0000,3020.5772,391.5805
TLC2,"Northumberland, and Tyne and Wear",2015,1429005.0000,5559.9518,257.0175
TLD1,Cumbria,2015,498718.0000,6769.8936,73.6670
TLD3,Greater Manchester,2015,2756962.0000,1275.9660,2160.6861
TLD4,Lancashire,2015,1481431.0000,3066.1526,483.1563
TLD6,Cheshire,2015,927267.0000,2266.9522,409.0369
TLD7,Merseyside,2015,1518273.0000,731.2959,2076.1405
TLE1,East Yorkshire and Northern Lincolnshire,2015,925798.0000,3514.2624,263.4402
TLE2,North Yorkshire,2015,806923.0000,8309.3773,97.1099
TLE3,South Yorkshire,2015,1359690.0000,1551.5366,876.3506
TLE4,West Yorkshire,2015,2284951.0000,2029.2090,1126.0304
TLF1,Derbyshire and Nottinghamshire,2015,2150694.0000,4784.1385,449.5468
TLF2,"Leicestershire, Rutland and Northamptonshire",2015,1792595.0000,4902.0238,365.6847
TLF3,Lincolnshire,2015,738351.0000,5937.3041,124.3580
TLG1,"Herefordshire, Worcestershire and Warwickshire",2015,1329714.0000,5895.3984,225.5512
TLG2,Shropshire and Staffordshire,2015,1594911.0000,6201.2573,257.1916
TLG3,West Midlands,2015,2831662.0000,901.7123,3140.3165
TLH1,East Anglia,2015,2478696.0000,12573.1126,197.1426
TLH2,Bedfordshire and Hertfordshire,2015,1826031.0000,2878.5189,634.3648
TLH3,Essex,2015,1793535.0000,3663.8930,489.5162
TLI3,Inner London - West,2015,1110629.0000,108.9398,10194.8875
TLI4,Inner London - East,2015,2288411.0000,210.3056,10881.3603
TLI5,Outer London - East and North East,2015,1879025.0000,432.3276,4346.2990
TLI6,Outer London - South,2015,1289523.0000,355.3178,3629.2102
TLI7,Outer London - West and North West,2015,2091957.0000,465.0676,4498.1783
TLJ1,"Berkshire, Buckinghamshire and Oxfordshire",2015,2391466.0000,5740.4545,416.5987
TLJ2,"Surrey, East and West Sussex",2015,2834923.0000,5445.0928,520.6381
TLJ3,Hampshire and Isle of Wight,2015,1950196.0000,4148.1677,470.1343
TLJ4,Kent,2015,1793053.0000,3738.0939,479.6704
TLK1,"Gloucestershire, Wiltshire and Bath/Bristol area",2015,2444946.0000,7464.2976,327.5521
TLK2,Dorset and Somerset,2015,1312019.0000,6103.3068,214.9685
TLK3,Cornwall and Isles of Scilly,2015,549572.0000,3562.0911,154.2835
TLK4,Devon,2015,1164950.0000,6706.5569,173.7031
TLL1,West Wales and The Valleys,2015,1931865.0000,13100.8352,147.4612
TLL2,East Wales,2015,1140874.0000,7635.9096,149.4091
TLM5,North Eastern Scotland,2015,489930.0000,6498.2001,75.3947
TLM6,Highlands and Islands,2015,488530.0000,40310.2893,12.1192
TLM7,Eastern Scotland,2015,1939660.0000,13218.6429,146.7367
TLM8,West Central Scotland,2015,1480560.0000,1574.0385,940.6123
TLM9,Southern Scotland,2015,951920.0000,16299.1242,58.4031
TLN0,Northern Ireland,2015,1854943.0000,13792.9516,134.4848
TLC1,Tees Valley and Durham,2016,1185354.0000,3020.5772,392.4263
TLC2,"Northumberland, and Tyne and Wear",2016,1432899.0000,5559.9518,257.7179
TLD1,Cumbria,2016,498946.0000,6769.8936,73.7007
TLD3,Greater Manchester,2016,2784566.0000,1275.9660,2182.3199
TLD4,Lancashire,2016,1488803.0000,3066.1526,485.5606
TLD6,Cheshire,2016,934711.0000,2266.9522,412.3206
TLD7,Merseyside,2016,1527115.0000,731.2959,2088.2313
TLE1,East Yorkshire and Northern Lincolnshire,2016,930712.0000,3514.2624,264.8385
TLE2,North Yorkshire,2016,808662.0000,8309.3773,97.3192
TLE3,South Yorkshire,2016,1366070.0000,1551.5366,880.4626
TLE4,West Yorkshire,2016,2302614.0000,2029.2090,1134.7348
TLF1,Derbyshire and Nottinghamshire,2016,2164887.0000,4784.1385,452.5134
TLF2,"Leicestershire, Rutland and Northamptonshire",2016,1820587.0000,4902.0238,371.3950
TLF3,Lincolnshire,2016,746141.0000,5937.3041,125.6700
TLG1,"Herefordshire, Worcestershire and Warwickshire",2016,1340812.0000,5895.3984,227.4337
TLG2,Shropshire and Staffordshire,2016,1605586.0000,6201.2573,258.9130
TLG3,West Midlands,2016,2865850.0000,901.7123,3178.2310
TLH1,East Anglia,2016,2501310.0000,12573.1126,198.9412
TLH2,Bedfordshire and Hertfordshire,2016,1849798.0000,2878.5189,642.6215
TLH3,Essex,2016,1809967.0000,3663.8930,494.0011
TLI3,Inner London - West,2016,1108547.0000,108.9398,10175.7760
TLI4,Inner London - East,2016,2318264.0000,210.3056,11023.3108
TLI5,Outer London - East and North East,2016,1903053.0000,432.3276,4401.8772
TLI6,Outer London - South,2016,1299513.0000,355.3178,3657.3259
TLI7,Outer London - West and North West,2016,2114274.0000,465.0676,4546.1649
TLJ1,"Berkshire, Buckinghamshire and Oxfordshire",2016,2420592.0000,5740.4545,421.6725
TLJ2,"Surrey, East and West Sussex",2016,2857233.0000,5445.0928,524.7354
TLJ3,Hampshire and Isle of Wight,2016,1966660.0000,4148.1677,474.1033
TLJ4,Kent,2016,1808526.0000,3738.0939,483.8097
TLK1,"Gloucestershire, Wiltshire and Bath/Bristol area",2016,2474843.0000,7464.2976,331.5574
TLK2,Dorset and Somerset,2016,1324288.0000,6103.3068,216.9788
TLK3,Cornwall and Isles of Scilly,2016,553439.0000,3562.0911,155.3691
TLK4,Devon,2016,1174412.0000,6706.5569,175.1140
TLL1,West Wales and The Valleys,2016,1932100.0000,13100.8352,147.4791
TLL2,East Wales,2016,1145065.0000,7635.9096,149.9579
TLM5,North Eastern Scotland,2016,488800.0000,6498.2001,75.2208
TLM6,Highlands and Islands,2016,489490.0000,40310.2893,12.1431
TLM7,Eastern Scotland,2016,1952640.0000,13218.6429,147.7186
TLM8,West Central Scotland,2016,1490040.0000,1574.0385,946.6350
TLM9,Southern Scotland,2016,952630.0000,16299.1242,58.4467
TLN0,Northern Ireland,2016,1866042.0000,13792.9516,135.2895
TLC1,Tees Valley and Durham,2017,1188601.0000,3020.5772,393.5013
TLC2,"Northumberland, and Tyne and Wear",2017,1435186.0000,5559.9518,258.1292
TLD1,Cumbria,2017,498693.0000,6769.8936,73.6633
TLD3,Greater Manchester,2017,2804283.0000,1275.9660,2197.7725
TLD4,Lancashire,2017,1496853.0000,3066.1526,488.1861
TLD6,Cheshire,2017,942398.0000,2266.9522,415.7115
TLD7,Merseyside,2017,1533538.0000,731.2959,2097.0144
TLE1,East Yorkshire and Northern Lincolnshire,2017,933578.0000,3514.2624,265.6540
TLE2,North Yorkshire,2017,810837.0000,8309.3773,97.5810
TLE3,South Yorkshire,2017,1368187.0000,1551.5366,881.8271
TLE4,West Yorkshire,2017,2315182.0000,2029.2090,1140.9283
TLF1,Derbyshire and Nottinghamshire,2017,2176697.0000,4784.1385,454.9820
TLF2,"Leicestershire, Rutland and Northamptonshire",2017,1848618.0000,4902.0238,377.1132
TLF3,Lincolnshire,2017,753031.0000,5937.3041,126.8305
TLG1,"Herefordshire, Worcestershire and Warwickshire",2017,1351030.0000,5895.3984,229.1669
TLG2,Shropshire and Staffordshire,2017,1614523.0000,6201.2573,260.3541
TLG3,West Midlands,2017,2889499.0000,901.7123,3204.4578
TLH1,East Anglia,2017,2521840.0000,12573.1126,200.5740
TLH2,Bedfordshire and Hertfordshire,2017,1858958.0000,2878.5189,645.8036
TLH3,Essex,2017,1822045.0000,3663.8930,497.2975
TLI3,Inner London - West,2017,1104033.0000,108.9398,10134.3403
TLI4,Inner London - East,2017,2328482.0000,210.3056,11071.8973
TLI5,Outer London - East and North East,2017,1915435.0000,432.3276,4430.5175
TLI6,Outer London - South,2017,1303737.0000,355.3178,3669.2139
TLI7,Outer London - West and North West,2017,2124542.0000,465.0676,4568.2434
TLJ1,"Berkshire, Buckinghamshire and Oxfordshire",2017,2438363.0000,5740.4545,424.7683
TLJ2,"Surrey, East and West Sussex",2017,2868837.0000,5445.0928,526.8665
TLJ3,Hampshire and Isle of Wight,2017,1976517.0000,4148.1677,476.4795
TLJ4,Kent,2017,1821359.0000,3738.0939,487.2427
TLK1,"Gloucestershire, Wiltshire and Bath/Bristol area",2017,2496656.0000,7464.2976,334.4797
TLK2,Dorset and Somerset,2017,1332944.0000,6103.3068,218.3970
TLK3,Cornwall and Isles of Scilly,2017,559091.0000,3562.0911,156.9558
TLK4,Devon,2017,1185975.0000,6706.5569,176.8381
TLL1,West Wales and The Valleys,2017,1930950.0000,13100.8352,147.3914
TLL2,East Wales,2017,1150416.0000,7635.9096,150.6587
TLM5,North Eastern Scotland,2017,486810.0000,6498.2001,74.9146
TLM6,Highlands and Islands,2017,489080.0000,40310.2893,12.1329
TLM7,Eastern Scotland,2017,1962420.0000,13218.6429,148.4585
TLM8,West Central Scotland,2017,1496270.0000,1574.0385,950.5930
TLM9,Southern Scotland,2017,953620.0000,16299.1242,58.5074
TLN0,Northern Ireland,2017,1875178.0000,13792.9516,135.9519
TLC1,Tees Valley and Durham,2018,1190189.0000,3020.5772,394.0270
TLC2,"Northumberland, and Tyne and Wear",2018,1439204.0000,5559.9518,258.8519
TLD1,Cumbria,2018,498941.0000,6769.8936,73.7000
TLD3,Greater Manchester,2018,2823878.0000,1275.9660,2213.1295
TLD4,Lancashire,2018,1503339.0000,3066.1526,490.3014
TLD6,Cheshire,2018,948975.0000,2266.9522,418.6127
TLD7,Merseyside,2018,1540983.0000,731.2959,2107.1949
TLE1,East Yorkshire and Northern Lincolnshire,2018,934259.0000,3514.2624,265.8478
TLE2,North Yorkshire,2018,811641.0000,8309.3773,97.6777
TLE3,South Yorkshire,2018,1372522.0000,1551.5366,884.6211
TLE4,West Yorkshire,2018,2325461.0000,2029.2090,1145.9938
TLF1,Derbyshire and Nottinghamshire,2018,2186393.0000,4784.1385,457.0087
TLF2,"Leicestershire, Rutland and Northamptonshire",2018,1871477.0000,4902.0238,381.7764
TLF3,Lincolnshire,2018,757281.0000,5937.3041,127.5463
TLG1,"Herefordshire, Worcestershire and Warwickshire",2018,1359892.0000,5895.3984,230.6701
TLG2,Shropshire and Staffordshire,2018,1622313.0000,6201.2573,261.6103
TLG3,West Midlands,2018,2907123.0000,901.7123,3224.0028
TLH1,East Anglia,2018,2535585.0000,12573.1126,201.6672
TLH2,Bedfordshire and Hertfordshire,2018,1868416.0000,2878.5189,649.0894
TLH3,Essex,2018,1833375.0000,3663.8930,500.3899
TLI3,Inner London - West,2018,1104525.0000,108.9398,10138.8565
TLI4,Inner London - East,2018,2349065.0000,210.3056,11169.7691
TLI5,Outer London - East and North East,2018,1929180.0000,432.3276,4462.3105
TLI6,Outer London - South,2018,1308552.0000,355.3178,3682.7651
TLI7,Outer London - West and North West,2018,2142013.0000,465.0676,4605.8100
TLJ1,"Berkshire, Buckinghamshire and Oxfordshire",2018,2457736.0000,5740.4545,428.1431
TLJ2,"Surrey, East and West Sussex",2018,2878969.0000,5445.0928,528.7273
TLJ3,Hampshire and Isle of Wight,2018,1981860.0000,4148.1677,477.7676
TLJ4,Kent,2018,1831680.0000,3738.0939,490.0037
TLK1,"Gloucestershire, Wiltshire and Bath/Bristol area",2018,2516124.0000,7464.2976,337.0878
TLK2,Dorset and Somerset,2018,1337827.0000,6103.3068,219.1971
TLK3,Cornwall and Isles of Scilly,2018,562127.0000,3562.0911,157.8081
TLK4,Devon,2018,1193623.0000,6706.5569,177.9785
TLL1,West Wales and The Valleys,2018,1929696.0000,13100.8352,147.2956
TLL2,East Wales,2018,1154144.0000,7635.9096,151.1469
TLM5,North Eastern Scotland,2018,484390.0000,6498.2001,74.5422
TLM6,Highlands and Islands,2018,487540.0000,40310.2893,12.0947
TLM7,Eastern Scotland,2018,1967050.0000,13218.6429,148.8088
TLM8,West Central Scotland,2018,1500690.0000,1574.0385,953.4011
TLM9,Southern Scotland,2018,952430.0000,16299.1242,58.4344
TLN0,Northern Ireland,2018,1886259.0000,13792.9516,136.7553
TLC1,Tees Valley and Durham,2019,1193188.0000,3020.5772,395.0199
TLC2,"Northumberland, and Tyne and Wear",2019,1443488.0000,5559.9518,259.6224
TLD1,Cumbria,2019,499171.0000,6769.8936,73.7340
TLD3,Greater Manchester,2019,2847959.0000,1275.9660,2232.0023
TLD4,Lancashire,2019,1513857.0000,3066.1526,493.7318
TLD6,Cheshire,2019,956163.0000,2266.9522,421.7835
TLD7,Merseyside,2019,1546117.0000,731.2959,2114.2153
TLE1,East Yorkshire and Northern Lincolnshire,2019,935933.0000,3514.2624,266.3242
TLE2,North Yorkshire,2019,814537.0000,8309.3773,98.0262
TLE3,South Yorkshire,2019,1374386.0000,1551.5366,885.8225
TLE4,West Yorkshire,2019,2339795.0000,2029.2090,1153.0577
TLF1,Derbyshire and Nottinghamshire,2019,2194954.0000,4784.1385,458.7982
TLF2,"Leicestershire, Rutland and Northamptonshire",2019,1887784.0000,4902.0238,385.1030
TLF3,Lincolnshire,2019,761263.0000,5937.3041,128.2169
TLG1,"Herefordshire, Worcestershire and Warwickshire",2019,1368778.0000,5895.3984,232.1774
TLG2,Shropshire and Staffordshire,2019,1631108.0000,6201.2573,263.0286
TLG3,West Midlands,2019,2921091.0000,901.7123,3239.4934
TLH1,East Anglia,2019,2545960.0000,12573.1126,202.4924
TLH2,Bedfordshire and Hertfordshire,2019,1881839.0000,2878.5189,653.7525
TLH3,Essex,2019,1846380.0000,3663.8930,503.9394
TLI3,Inner London - West,2019,1104241.0000,108.9398,10136.2496
TLI4,Inner London - East,2019,2364397.0000,210.3056,11242.6726
TLI5,Outer London - East and North East,2019,1942897.0000,432.3276,4494.0388
TLI6,Outer London - South,2019,1317367.0000,355.3178,3707.5739
TLI7,Outer London - West and North West,2019,2160841.0000,465.0676,4646.2944
TLJ1,"Berkshire, Buckinghamshire and Oxfordshire",2019,2475951.0000,5740.4545,431.3162
TLJ2,"Surrey, East and West Sussex",2019,2889145.0000,5445.0928,530.5961
TLJ3,Hampshire and Isle of Wight,2019,1985982.0000,4148.1677,478.7613
TLJ4,Kent,2019,1842692.0000,3738.0939,492.9496
TLK1,"Gloucestershire, Wiltshire and Bath/Bristol area",2019,2533794.0000,7464.2976,339.4551
TLK2,Dorset and Somerset,2019,1342868.0000,6103.3068,220.0230
TLK3,Cornwall and Isles of Scilly,2019,565793.0000,3562.0911,158.8373
TLK4,Devon,2019,1200337.0000,6706.5569,178.9796
TLL1,West Wales and The Valleys,2019,1930243.0000,13100.8352,147.3374
TLL2,East Wales,2019,1157489.0000,7635.9096,151.5850
TLM5,North Eastern Scotland,2019,484660.0000,6498.2001,74.5837
TLM6,Highlands and Islands,2019,487160.0000,40310.2893,12.0853
TLM7,Eastern Scotland,2019,1977420.0000,13218.6429,149.5933
TLM8,West Central Scotland,2019,1508090.0000,1574.0385,958.1024
TLM9,Southern Scotland,2019,953870.0000,16299.1242,58.5228
TLN0,Northern Ireland,2019,1898519.0000,13792.9516,137.6441
TLC1,Tees Valley and Durham,2020,1193651.0000,3020.5772,395.1731
TLC2,"Northumberland, and Tyne and Wear",2020,1443775.0000,5559.9518,259.6740
TLD1,Cumbria,2020,498439.0000,6769.8936,73.6258
TLD3,Greater Manchester,2020,2856110.0000,1275.9660,2238.3904
TLD4,Lancashire,2020,1520252.0000,3066.1526,495.8175
TLD6,Cheshire,2020,959568.0000,2266.9522,423.2855
TLD7,Merseyside,2020,1546236.0000,731.2959,2114.3781
TLE1,East Yorkshire and Northern Lincolnshire,2020,935988.0000,3514.2624,266.3398
TLE2,North Yorkshire,2020,813068.0000,8309.3773,97.8495
TLE3,South Yorkshire,2020,1373015.0000,1551.5366,884.9388
TLE4,West Yorkshire,2020,2346416.0000,2029.2090,1156.3205
TLF1,Derbyshire and Nottinghamshire,2020,2197772.0000,4784.1385,459.3872
TLF2,"Leicestershire, Rutland and Northamptonshire",2020,1894087.0000,4902.0238,386.3888
TLF3,Lincolnshire,2020,763610.0000,5937.3041,128.6122
TLG1,"Herefordshire, Worcestershire and Warwickshire",2020,1374958.0000,5895.3984,233.2256
TLG2,Shropshire and Staffordshire,2020,1635490.0000,6201.2573,263.7352
TLG3,West Midlands,2020,2921476.0000,901.7123,3239.9203
TLH1,East Anglia,2020,2551550.0000,12573.1126,202.9370
TLH2,Bedfordshire and Hertfordshire,2020,1893635.0000,2878.5189,657.8505
TLH3,Essex,2020,1852594.0000,3663.8930,505.6354
TLI3,Inner London - West,2020,1093830.0000,108.9398,10040.6830
TLI4,Inner London - East,2020,2352890.0000,210.3056,11187.9570
TLI5,Outer London - East and North East,2020,1940867.0000,432.3276,4489.3433
TLI6,Outer London - South,2020,1320140.0000,355.3178,3715.3782
TLI7,Outer London - West and North West,2020,2159281.0000,465.0676,4642.9401
TLJ1,"Berkshire, Buckinghamshire and Oxfordshire",2020,2492612.0000,5740.4545,434.2186
TLJ2,"Surrey, East and West Sussex",2020,2894279.0000,5445.0928,531.5390
TLJ3,Hampshire and Isle of Wight,2020,1990047.0000,4148.1677,479.7412
TLJ4,Kent,2020,1848335.0000,3738.0939,494.4592
TLK1,"Gloucestershire, Wiltshire and Bath/Bristol area",2020,2547050.0000,7464.2976,341.2310
TLK2,Dorset and Somerset,2020,1343544.0000,6103.3068,220.1338
TLK3,Cornwall and Isles of Scilly,2020,567075.0000,3562.0911,159.1972
TLK4,Devon,2020,1204321.0000,6706.5569,179.5737
TLL1,West Wales and The Valleys,2020,1938895.0000,13100.8352,147.9978
TLL2,East Wales,2020,1165588.0000,7635.9096,152.6456
TLM5,North Eastern Scotland,2020,484220.0000,6498.2001,74.5160
TLM6,Highlands and Islands,2020,485880.0000,40310.2893,12.0535
TLM7,Eastern Scotland,2020,1978870.0000,13218.6429,149.7030
TLM8,West Central Scotland,2020,1507990.0000,1574.0385,958.0388
TLM9,Southern Scotland,2020,951940.0000,16299.1242,58.4044
TLN0,Northern Ireland,2020,1900523.0000,13792.9516,137.7894
TLC1,Tees Valley and Durham,2021,1199812.0000,3020.5772,397.2128
TLC2,"Northumberland, and Tyne and Wear",2021,1447681.0000,5559.9518,260.3765
TLD1,Cumbria,2021,500729.0000,6769.8936,73.9641
TLD3,Greater Manchester,2021,2869531.0000,1275.9660,2248.9087
TLD4,Lancashire,2021,1532158.0000,3066.1526,499.7005
TLD6,Cheshire,2021,969386.0000,2266.9522,427.6164
TLD7,Merseyside,2021,1552288.0000,731.2959,2122.6538
TLE1,East Yorkshire and Northern Lincolnshire,2021,936778.0000,3514.2624,266.5646
TLE2,North Yorkshire,2021,820478.0000,8309.3773,98.7412
TLE3,South Yorkshire,2021,1374792.0000,1551.5366,886.0842
TLE4,West Yorkshire,2021,2350407.0000,2029.2090,1158.2873
TLF1,Derbyshire and Nottinghamshire,2021,2204080.0000,4784.1385,460.7057
TLF2,"Leicestershire, Rutland and Northamptonshire",2021,1908039.0000,4902.0238,389.2350
TLF3,Lincolnshire,2021,769440.0000,5937.3041,129.5942
TLG1,"Herefordshire, Worcestershire and Warwickshire",2021,1391539.0000,5895.3984,236.0382
TLG2,Shropshire and Staffordshire,2021,1646436.0000,6201.2573,265.5004
TLG3,West Midlands,2021,2918251.0000,901.7123,3236.3438
TLH1,East Anglia,2021,2579028.0000,12573.1126,205.1225
TLH2,Bedfordshire and Hertfordshire,2021,1907304.0000,2878.5189,662.5991
TLH3,Essex,2021,1863314.0000,3663.8930,508.5612
TLI3,Inner London - West,2021,1081421.0000,108.9398,9926.7761
TLI4,Inner London - East,2021,2329886.0000,210.3056,11078.5733
TLI5,Outer London - East and North East,2021,1935127.0000,432.3276,4476.0663
TLI6,Outer London - South,2021,1313625.0000,355.3178,3697.0425
TLI7,Outer London - West and North West,2021,2144710.0000,465.0676,4611.6092
TLJ1,"Berkshire, Buckinghamshire and Oxfordshire",2021,2521231.0000,5740.4545,439.2041
TLJ2,"Surrey, East and West Sussex",2021,2914357.0000,5445.0928,535.2263
TLJ3,Hampshire and Isle of Wight,2021,2001786.0000,4148.1677,482.5711
TLJ4,Kent,2021,1858455.0000,3738.0939,497.1665
TLK1,"Gloucestershire, Wiltshire and Bath/Bristol area",2021,2565460.0000,7464.2976,343.6974
TLK2,Dorset and Somerset,2021,1354500.0000,6103.3068,221.9289
TLK3,Cornwall and Isles of Scilly,2021,574219.0000,3562.0911,161.2028
TLK4,Devon,2021,1218643.0000,6706.5569,181.7092
TLL1,West Wales and The Valleys,2021,1936750.0000,13100.8352,147.8341
TLL2,East Wales,2021,1168883.0000,7635.9096,153.0771
TLM5,North Eastern Scotland,2021,483770.0000,6498.2001,74.4468
TLM6,Highlands and Islands,2021,489230.0000,40310.2893,12.1366
TLM7,Eastern Scotland,2021,1978760.0000,13218.6429,149.6946
TLM8,West Central Scotland,2021,1506500.0000,1574.0385,957.0922
TLM9,Southern Scotland,2021,954640.0000,16299.1242,58.5700
TLN0,Northern Ireland,2021,1904564.0000,13792.9516,138.0824
TLC1,Tees Valley and Durham,2022,1217554.0000,3020.5772,403.0865
TLC2,"Northumberland, and Tyne and Wear",2022,1464334.0000,5559.9518,263.3717
TLD1,Cumbria,2022,502864.0000,6769.8936,74.2795
TLD3,Greater Manchester,2022,2916811.0000,1275.9660,2285.9629
TLD4,Lancashire,2022,1552464.0000,3066.1526,506.3231
TLD6,Cheshire,2022,980358.0000,2266.9522,432.4564
TLD7,Merseyside,2022,1568464.0000,731.2959,2144.7734
TLE1,East Yorkshire and Northern Lincolnshire,2022,943637.0000,3514.2624,268.5164
TLE2,North Yorkshire,2022,828033.0000,8309.3773,99.6504
TLE3,South Yorkshire,2022,1392689.0000,1551.5366,897.6192
TLE4,West Yorkshire,2022,2374137.0000,2029.2090,1169.9815
TLF1,Derbyshire and Nottinghamshire,2022,2229307.0000,4784.1385,465.9788
TLF2,"Leicestershire, Rutland and Northamptonshire",2022,1931754.0000,4902.0238,394.0728
TLF3,Lincolnshire,2022,777140.0000,5937.3041,130.8911
TLG1,"Herefordshire, Worcestershire and Warwickshire",2022,1407545.0000,5895.3984,238.7532
TLG2,Shropshire and Staffordshire,2022,1663164.0000,6201.2573,268.1979
TLG3,West Midlands,2022,2949911.0000,901.7123,3271.4548
TLH1,East Anglia,2022,2605177.0000,12573.1126,207.2022
TLH2,Bedfordshire and Hertfordshire,2022,1923903.0000,2878.5189,668.3656
TLH3,Essex,2022,1877581.0000,3663.8930,512.4552
TLI3,Inner London - West,2022,1111299.0000,108.9398,10201.0376
TLI4,Inner London - East,2022,2368363.0000,210.3056,11261.5308
TLI5,Outer London - East and North East,2022,1948529.0000,432.3276,4507.0659
TLI6,Outer London - South,2022,1319688.0000,355.3178,3714.1061
TLI7,Outer London - West and North West,2022,2169481.0000,465.0676,4664.8724
TLJ1,"Berkshire, Buckinghamshire and Oxfordshire",2022,2556395.0000,5740.4545,445.3297
TLJ2,"Surrey, East and West Sussex",2022,2941496.0000,5445.0928,540.2104
TLJ3,Hampshire and Isle of Wight,2022,2020664.0000,4148.1677,487.1221
TLJ4,Kent,2022,1878761.0000,3738.0939,502.5987
TLK1,"Gloucestershire, Wiltshire and Bath/Bristol area",2022,2594641.0000,7464.2976,347.6069
TLK2,Dorset and Somerset,2022,1363377.0000,6103.3068,223.3833
TLK3,Cornwall and Isles of Scilly,2022,577600.0000,3562.0911,162.1519
TLK4,Devon,2022,1232580.0000,6706.5569,183.7873
TLL1,West Wales and The Valleys,2022,1948561.0000,13100.8352,148.7356
TLL2,East Wales,2022,1184169.0000,7635.9096,155.0790
TLM5,North Eastern Scotland,2022,488000.0000,6498.2001,75.0977
TLM6,Highlands and Islands,2022,489110.0000,40310.2893,12.1336
TLM7,Eastern Scotland,2022,1994270.0000,13218.6429,150.8680
TLM8,West Central Scotland,2022,1520120.0000,1574.0385,965.7451
TLM9,Southern Scotland,2022,955500.0000,16299.1242,58.6228
TLN0,Northern Ireland,2022,1910543.0000,13792.9516,138.5159
TLC1,Tees Valley and Durham,2023,1234161.0000,3020.5772,408.5845
TLC2,"Northumberland, and Tyne and Wear",2023,1485128.0000,5559.9518,267.1117
TLD1,Cumbria,2023,506303.0000,6769.8936,74.7874
TLD3,Greater Manchester,2023,2960274.0000,1275.9660,2320.0258
TLD4,Lancashire,2023,1575141.0000,3066.1526,513.7190
TLD6,Cheshire,2023,994656.0000,2266.9522,438.7636
TLD7,Merseyside,2023,1587556.0000,731.2959,2170.8805
TLE1,East Yorkshire and Northern Lincolnshire,2023,953615.0000,3514.2624,271.3557
TLE2,North Yorkshire,2023,834315.0000,8309.3773,100.4064
TLE3,South Yorkshire,2023,1412259.0000,1551.5366,910.2325
TLE4,West Yorkshire,2023,2403720.0000,2029.2090,1184.5601
TLF1,Derbyshire and Nottinghamshire,2023,2256132.0000,4784.1385,471.5858
TLF2,"Leicestershire, Rutland and Northamptonshire",2023,1965103.0000,4902.0238,400.8759
TLF3,Lincolnshire,2023,785707.0000,5937.3041,132.3340
TLG1,"Herefordshire, Worcestershire and Warwickshire",2023,1428002.0000,5895.3984,242.2232
TLG2,Shropshire and Staffordshire,2023,1684992.0000,6201.2573,271.7178
TLG3,West Midlands,2023,2992183.0000,901.7123,3318.3345
TLH1,East Anglia,2023,2637536.0000,12573.1126,209.7759
TLH2,Bedfordshire and Hertfordshire,2023,1955720.0000,2878.5189,679.4188
TLH3,Essex,2023,1902830.0000,3663.8930,519.3465
TLI3,Inner London - West,2023,1126331.0000,108.9398,10339.0221
TLI4,Inner London - East,2023,2406083.0000,210.3056,11440.8889
TLI5,Outer London - East and North East,2023,1980084.0000,432.3276,4580.0546
TLI6,Outer London - South,2023,1336541.0000,355.3178,3761.5369
TLI7,Outer London - West and North West,2023,2217867.0000,465.0676,4768.9132
TLJ1,"Berkshire, Buckinghamshire and Oxfordshire",2023,2603705.0000,5740.4545,453.5712
TLJ2,"Surrey, East and West Sussex",2023,2979871.0000,5445.0928,547.2581
TLJ3,Hampshire and Isle of Wight,2023,2046673.0000,4148.1677,493.3921
TLJ4,Kent,2023,1907003.0000,3738.0939,510.1539
TLK1,"Gloucestershire, Wiltshire and Bath/Bristol area",2023,2629583.0000,7464.2976,352.2881
TLK2,Dorset and Somerset,2023,1375986.0000,6103.3068,225.4493
TLK3,Cornwall and Isles of Scilly,2023,581426.0000,3562.0911,163.2260
TLK4,Devon,2023,1244305.0000,6706.5569,185.5356
TLL1,West Wales and The Valleys,2023,1964244.0000,13100.8352,149.9327
TLL2,East Wales,2023,1200831.0000,7635.9096,157.2610
TLM5,North Eastern Scotland,2023,495000.0000,6498.2001,76.1749
TLM6,Highlands and Islands,2023,490600.0000,40310.2893,12.1706
TLM7,Eastern Scotland,2023,2020200.0000,13218.6429,152.8296
TLM8,West Central Scotland,2023,1545350.0000,1574.0385,981.7740
TLM9,Southern Scotland,2023,960650.0000,16299.1242,58.9387
TLN0,Northern Ireland,2023,1920382.0000,13792.9516,139.2292
TLC1,Tees Valley and Durham,2024,1246317.0000,3020.5772,412.6089
TLC2,"Northumberland, and Tyne and Wear",2024,1502431.0000,5559.9518,270.2237
TLD1,Cumbria,2024,509835.0000,6769.8936,75.3092
TLD3,Greater Manchester,2024,2999731.0000,1275.9660,2350.9490
TLD4,Lancashire,2024,1597410.0000,3066.1526,520.9819
TLD6,Cheshire,2024,1006063.0000,2266.9522,443.7954
TLD7,Merseyside,2024,1603067.0000,731.2959,2192.0908
TLE1,East Yorkshire and Northern Lincolnshire,2024,961267.0000,3514.2624,273.5331
TLE2,North Yorkshire,2024,841929.0000,8309.3773,101.3228
TLE3,South Yorkshire,2024,1428140.0000,1551.5366,920.4681
TLE4,West Yorkshire,2024,2425235.0000,2029.2090,1195.1627
TLF1,Derbyshire and Nottinghamshire,2024,2280480.0000,4784.1385,476.6752
TLF2,"Leicestershire, Rutland and Northamptonshire",2024,1989227.0000,4902.0238,405.7971
TLF3,Lincolnshire,2024,790533.0000,5937.3041,133.1468
TLG1,"Herefordshire, Worcestershire and Warwickshire",2024,1445783.0000,5895.3984,245.2392
TLG2,Shropshire and Staffordshire,2024,1704248.0000,6201.2573,274.8230
TLG3,West Midlands,2024,3031602.0000,901.7123,3362.0502
TLH1,East Anglia,2024,2663339.0000,12573.1126,211.8281
TLH2,Bedfordshire and Hertfordshire,2024,1982973.0000,2878.5189,688.8866
TLH3,Essex,2024,1924718.0000,3663.8930,525.3205
TLI3,Inner London - West,2024,1129534.0000,108.9398,10368.4237
TLI4,Inner London - East,2024,2417344.0000,210.3056,11494.4348
TLI5,Outer London - East and North East,2024,2007664.0000,432.3276,4643.8488
TLI6,Outer London - South,2024,1349933.0000,355.3178,3799.2271
TLI7,Outer London - West and North West,2024,2245171.0000,465.0676,4827.6229
TLJ1,"Berkshire, Buckinghamshire and Oxfordshire",2024,2640522.0000,5740.4545,459.9848
TLJ2,"Surrey, East and West Sussex",2024,3007289.0000,5445.0928,552.2934
TLJ3,Hampshire and Isle of Wight,2024,2060066.0000,4148.1677,496.6207
TLJ4,Kent,2024,1930768.0000,3738.0939,516.5114
TLK1,"Gloucestershire, Wiltshire and Bath/Bristol area",2024,2660631.0000,7464.2976,356.4476
TLK2,Dorset and Somerset,2024,1385523.0000,6103.3068,227.0119
TLK3,Cornwall and Isles of Scilly,2024,584588.0000,3562.0911,164.1137
TLK4,Devon,2024,1253809.0000,6706.5569,186.9527
TLL1,West Wales and The Valleys,2024,1969433.0000,13100.8352,150.3288
TLL2,East Wales,2024,1208516.0000,7635.9096,158.2675
TLM5,North Eastern Scotland,2024,496430.0000,6498.2001,76.3950
TLM6,Highlands and Islands,2024,490970.0000,40310.2893,12.1798
TLM7,Eastern Scotland,2024,2033130.0000,13218.6429,153.8078
TLM8,West Central Scotland,2024,1559160.0000,1574.0385,990.5476
TLM9,Southern Scotland,2024,963610.0000,16299.1242,59.1204
TLN0,Northern Ireland,2024,1927855.0000,13792.9516,139.7710
TLC1,Tees Valley and Durham,2025,1251698.0000,3020.5772,414.3903
TLC2,"Northumberland, and Tyne and Wear",2025,1511048.0000,5559.9518,271.7736
TLD1,Cumbria,2025,513650.0000,6769.8936,75.8727
TLD3,Greater Manchester,2025,3017590.0000,1275.9660,2364.9455
TLD4,Lancashire,2025,1615860.0000,3066.1526,526.9992
TLD6,Cheshire,2025,1014835.0000,2266.9522,447.6649
TLD7,Merseyside,2025,1610919.0000,731.2959,2202.8279
TLE1,East Yorkshire and Northern Lincolnshire,2025,965113.0000,3514.2624,274.6275
TLE2,North Yorkshire,2025,848251.0000,8309.3773,102.0836
TLE3,South Yorkshire,2025,1434478.0000,1551.5366,924.5531
TLE4,West Yorkshire,2025,2424324.0000,2029.2090,1194.7138
TLF1,Derbyshire and Nottinghamshire,2025,2290652.0000,4784.1385,478.8014
TLF2,"Leicestershire, Rutland and Northamptonshire",2025,2000980.0000,4902.0238,408.1947
TLF3,Lincolnshire,2025,794009.0000,5937.3041,133.7322
TLG1,"Herefordshire, Worcestershire and Warwickshire",2025,1460769.0000,5895.3984,247.7812
TLG2,Shropshire and Staffordshire,2025,1717895.0000,6201.2573,277.0237
TLG3,West Midlands,2025,3027190.0000,901.7123,3357.1573
TLH1,East Anglia,2025,2677017.0000,12573.1126,212.9160
TLH2,Bedfordshire and Hertfordshire,2025,1993781.0000,2878.5189,692.6413
TLH3,Essex,2025,1943003.0000,3663.8930,530.3111
TLI3,Inner London - West,2025,1120465.0000,108.9398,10285.1758
TLI4,Inner London - East,2025,2395493.0000,210.3056,11390.5336
TLI5,Outer London - East and North East,2025,2012352.0000,432.3276,4654.6924
TLI6,Outer London - South,2025,1351757.0000,355.3178,3804.3605
TLI7,Outer London - West and North West,2025,2242842.0000,465.0676,4822.6150
TLJ1,"Berkshire, Buckinghamshire and Oxfordshire",2025,2660673.0000,5740.4545,463.4952
TLJ2,"Surrey, East and West Sussex",2025,3022520.0000,5445.0928,555.0906
TLJ3,Hampshire and Isle of Wight,2025,2063185.0000,4148.1677,497.3726
TLJ4,Kent,2025,1945466.0000,3738.0939,520.4433
TLK1,"Gloucestershire, Wiltshire and Bath/Bristol area",2025,2675691.0000,7464.2976,358.4652
TLK2,Dorset and Somerset,2025,1387837.0000,6103.3068,227.3910
TLK3,Cornwall and Isles of Scilly,2025,587081.0000,3562.0911,164.8136
TLK4,Devon,2025,1256388.0000,6706.5569,187.3373
TLL1,West Wales and The Valleys,2025,1965616.0000,13100.8352,150.0375
TLL2,East Wales,2025,1209565.0000,7635.9096,158.4048
TLM5,North Eastern Scotland,2025,494820.0000,6498.2001,76.1472
TLM6,Highlands and Islands,2025,489700.0000,40310.2893,12.1483
TLM7,Eastern Scotland,2025,2033260.0000,13218.6429,153.8176
TLM8,West Central Scotland,2025,1563810.0000,1574.0385,993.5017
TLM9,Southern Scotland,2025,963910.0000,16299.1242,59.1388
TLN0,Northern Ireland,2025,1928446.0000,13792.9516,139.8139
