id,title,geography_dim,n_geo_codes,itl2,itl3,note
wellbeing-quarterly,Quarterly personal well-being estimates,uk-only,1,False,False,
wellbeing-local-authority,Personal well-being estimates by local authority,administrative-geography,418,False,False,
weekly-deaths-region,Deaths registered weekly in England and Wales by region,administrative-geography,11,False,False,
weekly-deaths-local-authority,Death registrations and occurrences by local authority and place of death,administrative-geography,331,False,False,
weekly-deaths-health-board,Death registrations and occurrences by health board and place of death,local-health-board,7,False,False,
weekly-deaths-age-sex,Deaths registered weekly in England and Wales by age and sex,administrative-geography,11,False,False,
uk-spending-on-cards,UK spending on credit and debit cards,uk-only,1,False,False,
uk-business-by-enterprises-and-local-units,"UK Business: Activity, Size and Location",administrative-geography,422,False,False,
traffic-camera-activity,Traffic Camera Activity,uk-only,1,False,False,
trade,Trade in goods: country by commodity,uk-only,1,False,False,
tax-benefits-statistics,Effects of Taxes and Benefits on Household Income,uk-only,1,False,False,
suicides-in-the-uk,Suicide registrations in England and Wales by local authority,administrative-geography,359,False,False,
standardised-illness-ratios-national-statistics-socio-economic-classification-ew,"Standardised illness ratios by National Statistics Socio-economic Classification, England and Wales",,0,False,False,
sexual-orientation-by-region,Sexual orientation by English regions and UK countries,administrative-geography,14,False,False,
sexual-orientation-by-age-and-sex,Sexual orientation by age and sex,uk-only,1,False,False,
retail-sales-index-large-and-small-businesses,Retail sales index - large and small businesses,countries,1,False,False,
retail-sales-index-all-businesses,Retail sales index - all businesses,countries,1,False,False,
retail-sales-index,Retail sales index,countries,1,False,False,
regional-gdp-by-year,"Annual GDP for England, Wales and the English regions",nuts,12,False,False,
regional-gdp-by-quarter,"Quarterly GDP for England, Wales and the English regions",nuts,12,False,False,
projections-older-people-sex-ratios,"Local authority ageing statistics, projected sex ratios for older people",administrative-geography,394,False,False,
projections-older-people-in-single-households,"Local authority ageing statistics, household projections for older people",administrative-geography,357,False,False,
output-in-the-construction-industry,Output in the construction industry,administrative-geography,1,False,False,
online-job-advert-estimates,Faster Indicators - Online Job Advert Estimates,uk-only,1,False,False,
older-people-sex-ratios,"Local authority ageing statistics, sex ratios for people aged 65 and over and 85 and over",administrative-geography,395,False,False,
older-people-net-internal-migration,"Local authority ageing statistics, net internal migration people aged 65 and over and 85 and over",administrative-geography,347,False,False,
older-people-economic-activity,"Local authority ageing statistics, older people economic activity",administrative-geography,383,False,False,
mid-year-pop-est,"Population Estimates for UK, England and Wales, Scotland and Northern Ireland",administrative-geography,357,False,False,
life-expectancy-by-local-authority,Life Expectancy by Local Authority,administrative-geography,421,False,False,
labour-market,UK Labour Market,uk-only,1,False,False,
index-private-housing-rental-prices,Index of Private Housing Rental Prices,administrative-geography,15,False,False,
house-prices-local-authority,House price statistics for small areas in England and Wales,administrative-geography,331,False,False,
health-accounts,Expenditure on healthcare: UK Health Accounts,uk-only,1,False,False,
gva-by-industry-by-local-authority,GVA by industry by local authority,administrative-geography,382,False,False,
generational-income,Generational income: The effects of taxes and benefits,uk-only,1,False,False,
gdp-to-four-decimal-places,GDP monthly estimate (incorporating the Index of Services and Index of Production),uk-only,1,False,False,
gdp-by-local-authority,GDP by local authority,administrative-geography,374,False,False,
faster-indicators-shipping-data,Coronavirus and the latest indicators for the UK economy and society: Shipping indicators,uk-only,1,False,False,
cpih01,Consumer Prices Index including owner occupiers' housing costs (CPIH),uk-only,1,False,False,
childrens-wellbeing,Children's Well-being Measures,countries,1,False,False,
ashe-tables-9-and-10,"Earnings and hours worked, place of work and place of residence by Parliamentary constituency: ASHE Tables 9 and 10",parliamentary-constituencies,648,False,False,
ashe-tables-7-and-8,"Earnings and hours worked, place of work and residence by local authority: ASHE Tables 7 and 8 ",administrative-geography,396,False,False,
ashe-tables-3,"Earnings and hours worked, region by occupation by two-digit SOC: ASHE Table 3",administrative-geography,13,False,False,
ashe-tables-27-and-28,"Earnings and hours worked, place of work and place of residence by local enterprise partnerships: ASHE Tables 27 and 28",enterprise-regions,38,False,False,
ashe-tables-26,"Earnings and hours worked, care workers: ASHE Table 26",uk-only,1,False,False,
ashe-tables-25,"Earnings and hours worked, UK region by public and private sector: ASHE Table 25",administrative-geography,12,False,False,
ashe-tables-20,"Earnings and hours worked, age group by occupation by two-digit SOC: ASHE Table 20",uk-only,1,False,False,
ashe-tables-11-and-12,"Earnings and Hours Worked, Work and Residence-Based Travel to Work Area: ASHE Tables 11 and 12",travel-to-work-area,225,False,False,
ashe-table-5,"Earnings and Hours Worked, UK Region by Industry by Two-Digit SIC: ASHE Table 5",administrative-geography,16,False,False,
ageing-population-projections,"Local authority ageing statistics, population projections for older people",administrative-geography,394,False,False,
ageing-population-estimates,"Local authority ageing statistics, based on annual mid-year population estimates",administrative-geography,395,False,False,
TS079,Sexual orientation (detailed),ltla,331,False,False,
TS078,Gender identity,ltla,331,False,False,
TS077,Sexual orientation,ltla,331,False,False,
TS076,Welsh language skills (speaking) by single year of age,ltla,331,False,False,
TS075,Multi religion households,ltla,331,False,False,
TS074,Household Reference Person indicator of previous service in UK armed forces,ltla,331,False,False,
TS073,Population who have previously served in UK armed forces in communal establishments and in households,ltla,331,False,False,
TS072,Number of people in household who have previously served in UK armed forces,ltla,331,False,False,
TS071,Previously served in the UK armed forces,ltla,331,False,False,
TS070,Gender identity (detailed),ltla,331,False,False,
TS068,Schoolchildren and full-time students,ltla,331,False,False,
TS067,Highest level of qualification,ltla,331,False,False,
TS066,Economic activity status,ltla,331,False,False,
TS065,Employment history,ltla,331,False,False,
TS064,Occupation - minor groups,ltla,331,False,False,
TS063,Occupation,ltla,331,False,False,
TS062,NS-SEC,ltla,331,False,False,
TS061,Method used to travel to work,ltla,331,False,False,
TS060,Industry,ltla,331,False,False,
TS059,Hours worked,ltla,331,False,False,
TS058,Distance travelled to work,ltla,331,False,False,
TS056,Second address indicator,ltla,331,False,False,
TS055,Purpose of second address,ltla,331,False,False,
TS054,Tenure,ltla,331,False,False,
TS053,Occupancy rating for rooms,ltla,331,False,False,
TS052,Occupancy rating for bedrooms,ltla,331,False,False,
TS051,Number of rooms,ltla,331,False,False,
TS050,Number of bedrooms,ltla,331,False,False,
TS048,Communal establishment management and type,ltla,331,False,False,
TS047,Communal establishment residents by age and sex,ltla,331,False,False,
TS046,Central heating,ltla,331,False,False,
TS045,Car or van availability,ltla,331,False,False,
TS044,Accommodation type,ltla,331,False,False,
TS041,Number of Households,ltla,331,False,False,
TS040,Number of disabled people in the household,ltla,331,False,False,
TS039ASP,"Provision of unpaid care, age-standardised proportions",ltla,331,False,False,
TS039,Provision of unpaid care,ltla,331,False,False,
TS038ASP,"Disability, age-standardised proportions",ltla,331,False,False,
TS038,Disability,ltla,331,False,False,
TS037ASP,"General health, age-standardised proportions",ltla,331,False,False,
TS037,General health,ltla,331,False,False,
TS036,Welsh language skills (understanding),ltla,331,False,False,
TS035,Welsh language skills (reading),ltla,331,False,False,
TS034,Welsh language skills (writing),ltla,331,False,False,
TS033,Welsh language skills (speaking),ltla,331,False,False,
TS032,Welsh language skills (detailed),ltla,331,False,False,
TS031,Religion (detailed),ltla,331,False,False,
TS030,Religion,ltla,331,False,False,
TS029,Proficiency in English,ltla,331,False,False,
TS028,National identity (detailed),ltla,331,False,False,
TS027,National identity - UK,ltla,331,False,False,
TS026,Multiple main languages in household,ltla,331,False,False,
TS025,Household language,ltla,331,False,False,
TS024,Main language (detailed),ltla,331,False,False,
TS023,Multiple ethnic group,ltla,331,False,False,
TS022,Ethnic group (detailed),ltla,331,False,False,
TS021,Ethnic group,ltla,331,False,False,
TS020,Number of non-UK short-term residents by sex,ltla,331,False,False,
TS019,Migrant Indicator,ltla,331,False,False,
TS018,Age of arrival in the UK,ltla,331,False,False,
TS017,Household size,ltla,331,False,False,
TS016,Length of residence,ltla,331,False,False,
TS015,Year of arrival in UK,ltla,331,False,False,
TS013,Passports held (detailed),ltla,331,False,False,
TS012,Country of birth (detailed),ltla,331,False,False,
TS011,Households by deprivation dimensions,ltla,331,False,False,
TS010,Living arrangements,ltla,331,False,False,
TS009,Sex by single year of age,ltla,331,False,False,
TS008,Sex,ltla,331,False,False,
TS007,Age by single year,ltla,331,False,False,
TS006,Population density,ltla,331,False,False,
TS005,Passports held,ltla,331,False,False,
TS004,Country of birth,ltla,331,False,False,
TS003,Household composition,ltla,331,False,False,
TS002,Legal partnership status,ltla,331,False,False,
TS001,Number of usual residents in households and communal establishments,ltla,331,False,False,
ST013,Number of non-UK born short-term residents by sex by single year of age,rgn,10,False,False,
ST012,Number of non-UK born short-term residents by NS-SEC,ltla,331,False,False,
ST011,Number of non-UK born short-term residents by occupation,ltla,331,False,False,
ST010,Number of non-UK born short-term residents by industry,ltla,331,False,False,
ST009,Number of non-UK born short-term residents by economic activity,ltla,331,False,False,
ST008,Number of non-UK born short-term residents in household spaces by tenure,ltla,331,False,False,
ST007,Number of non-UK born short-term residents by general health,ltla,331,False,False,
ST006,Number of non-UK born short-term residents by passports held (detailed),ltla,331,False,False,
ST005,Number of non-UK born short-term residents by main language,ltla,331,False,False,
ST004,Number of non-UK born short-term residents by country of birth,ltla,331,False,False,
ST003,Number of non-UK born short-term residents by ethnicity,ltla,331,False,False,
ST002,Number of non-UK born short-term residents by sex by age,ltla,331,False,False,
ST001,Number of non-UK born short-term residents by residence type,ltla,331,False,False,
RM205,Dwelling type,ltla,331,False,False,
RM204,Number of Dwellings,ltla,331,False,False,
RM203,Legal partnership status by sex by age - Communal establishment residents,ltla,331,False,False,
RM202,Household size by number of rooms,ltla,331,False,False,
RM201,Tenure by age - Household Reference Persons,ltla,331,False,False,
RM200,Sex by single year of age (detailed),ltla,331,False,False,
RM198,Number of multi-generational households by bedroom occupancy ratings,ltla,331,False,False,
RM197,Number of multi-generational households by household tenure,ltla,331,False,False,
RM196,Communal establishment management and type- communal establishments,ltla,331,False,False,
RM195,Number of households in houses in multiple occupation (HMO) by type of occupancy rating (bedrooms),ltla,331,False,False,
RM194,Number of households in houses in multiple occupation (HMO) by type of central heating in household,ltla,331,False,False,
RM193,Number of households in houses in multiple occupation (HMO) by accommodation type,ltla,331,False,False,
RM192,Number of dwellings that are houses in multiple occupation (HMO),ltla,331,False,False,
RM191,Gender identity by unpaid carer status,ltla,331,False,False,
RM190,Sexual orientation by tenure,ltla,331,False,False,
RM189,Sexual orientation by sex,ltla,331,False,False,
RM188,Sexual orientation by religion,ltla,331,False,False,
RM187,Sexual orientation by occupancy rating (rooms),ltla,331,False,False,
RM186,Sexual orientation by occupancy rating (bedrooms),ltla,331,False,False,
RM185,Sexual orientation by NS-SEC,ltla,331,False,False,
RM184,Sexual orientation by industry,ltla,331,False,False,
RM183,Sexual orientation by hours worked,ltla,331,False,False,
RM182,Sexual orientation by highest qualification held,ltla,331,False,False,
RM181,Sexual orientation by household composition,ltla,331,False,False,
RM180,Sexual orientation by dwelling type,ltla,331,False,False,
RM179,Sexual orientation by type of central heating in household,ltla,331,False,False,
RM178,Sexual orientation by unpaid carer status,ltla,331,False,False,
RM177,Sexual orientation by age,ltla,331,False,False,
RM176,Gender identity by tenure,ltla,331,False,False,
RM175,Gender identity by sexual orientation,ltla,331,False,False,
RM174,Gender identity by sex,ltla,331,False,False,
RM173,Gender identity by religion,ltla,331,False,False,
RM172,Gender identity by occupancy rating (rooms),ltla,331,False,False,
RM171,Gender identity by occupancy rating (bedrooms),ltla,331,False,False,
RM170,Gender identity by NS-SEC,ltla,331,False,False,
RM169,Gender identity by industry,ltla,331,False,False,
RM168,Gender identity by hours worked,ltla,331,False,False,
RM167,Gender identity by highest qualification held,ltla,331,False,False,
RM166,Gender identity by household composition,ltla,331,False,False,
RM165,Gender identity by dwelling type,ltla,331,False,False,
RM164,Gender identity by type of central heating in household,ltla,331,False,False,
RM163,Gender identity by age by sex,ltla,331,False,False,
RM162,Welsh language skills by tenure - Household Reference Persons,ltla,331,False,False,
RM161,Welsh language skills by sex by age,ltla,331,False,False,
RM160,Welsh language skills by country of birth,ltla,331,False,False,
RM158,Number of people who can speak Welsh by household size,ltla,331,False,False,
RM157,Disability by ability to speak Welsh by age,ltla,331,False,False,
RM156,General health by ability to speak Welsh by age,ltla,331,False,False,
RM155,Family type by parents' ability to speak Welsh by age and ability to speak Welsh of dependent child,ltla,331,False,False,
RM154,Ability to speak Welsh by employment history,ltla,331,False,False,
RM153,Ability to speak Welsh by tenure - Household Reference Persons,ltla,331,False,False,
RM152,Ability to speak Welsh by occupation,ltla,331,False,False,
RM151,Ability to speak Welsh by NS-SEC,ltla,331,False,False,
RM150,Ability to speak Welsh by national identity by age,ltla,331,False,False,
RM149,Ability to speak Welsh by industry,ltla,331,False,False,
RM148,Year last worked by age,ltla,331,False,False,
RM147,Veterans by age,ltla,331,False,False,
RM146,Veterans by occupation,ltla,331,False,False,
RM145,Veterans by general health,ltla,331,False,False,
RM144,Veterans by economic activity status,ltla,331,False,False,
RM143,Veterans by disability,ltla,331,False,False,
RM142,Veteran households by tenure,ltla,331,False,False,
RM141,Type of central heating in household by occupancy rating (rooms) by age,ltla,331,False,False,
RM140,Tenure by occupation - Household Reference Persons,ltla,331,False,False,
RM139,Tenure by number of people per room in household by accommodation type,ltla,331,False,False,
RM138,Tenure by NS-SEC - Household Reference Persons,ltla,331,False,False,
RM137,Tenure by number of rooms,ltla,331,False,False,
RM136,Tenure by household size by number of bedrooms,ltla,331,False,False,
RM135,Tenure by household composition,ltla,331,False,False,
RM134,Tenure by ethnic group - Household Reference Persons,ltla,331,False,False,
RM133,Tenure by economic activity status - Household Reference Persons,ltla,331,False,False,
RM132,Tenure by dependent children in household,ltla,331,False,False,
RM131,Tenure by car or van availability by number of usual residents aged 17 or over in household,ltla,331,False,False,
RM130,Tenure by car or van availability by ethnic group of Household Reference Person,ltla,331,False,False,
RM129,Student accommodation by age,ltla,331,False,False,
RM128,Sexual orientation by occupation,ltla,331,False,False,
RM127,Sexual orientation by legal partnership status,ltla,331,False,False,
RM126,Sexual orientation by general health,ltla,331,False,False,
RM125,Sexual orientation by ethnic group,ltla,331,False,False,
RM124,Sexual orientation by economic activity status,ltla,331,False,False,
RM123,Sexual orientation by disability,ltla,331,False,False,
RM122,Sexual orientation by age and sex,ltla,331,False,False,
RM121,Sex by age,ltla,331,False,False,
RM120,Residence type by sex by age,ltla,331,False,False,
RM119,Residence type by age,ltla,331,False,False,
RM118,Religion by age,ltla,331,False,False,
RM117,Religion by accommodation type,ltla,331,False,False,
RM116,Provision of unpaid care by households with people with a disability by economic activity status,ltla,331,False,False,
RM115,Provision of unpaid care by general health by age,ltla,331,False,False,
RM114,Provision of unpaid care by general health by households with people who have a disability,ltla,331,False,False,
RM113,Provision of unpaid care by age,ltla,331,False,False,
RM112,Proficiency in English by economic activity status,ltla,331,False,False,
RM111,Proficiency in English by age,ltla,331,False,False,
RM110,Passports held by year of arrival in the UK,ltla,331,False,False,
RM109,Passports held by age,ltla,331,False,False,
RM108,Passports held by country of birth,ltla,331,False,False,
RM107,Occupation by sex,ltla,331,False,False,
RM106,Occupation by religion,ltla,331,False,False,
RM105,Occupation by hours worked,ltla,331,False,False,
RM104,Occupation by ethnic group,ltla,331,False,False,
RM103,Occupation by economic activity status,ltla,331,False,False,
RM102,Occupation by age,ltla,331,False,False,
RM101,Occupancy rating (rooms) by tenure,ltla,331,False,False,
RM100,Occupancy rating (rooms) by household composition,ltla,331,False,False,
RM099,Occupancy rating (bedrooms) by tenure,ltla,331,False,False,
RM098,Occupancy rating (bedrooms) by household composition,ltla,331,False,False,
RM097,Occupancy rating (bedrooms) by ethnic group of Household Reference Person,ltla,331,False,False,
RM096,Number of bedrooms by tenure by age of dependent children,ltla,331,False,False,
RM095,Number of bedrooms by accommodation type by age of dependent children,ltla,331,False,False,
RM094,NS-SEC of Household Reference Person by household composition,ltla,331,False,False,
RM093,NS-SEC by sex,ltla,331,False,False,
RM092,NS-SEC by religion,ltla,331,False,False,
RM091,NS-SEC by economic activity status,ltla,331,False,False,
RM090,NS-SEC by age,ltla,331,False,False,
RM089,National Identity by sex by age,ltla,331,False,False,
RM088,National identity by religion,ltla,331,False,False,
RM087,National identity by ethnic group,ltla,331,False,False,
RM086,National identity by age,ltla,331,False,False,
RM085,Multi-religion households by tenure,ltla,331,False,False,
RM084,Multi-religion households by occupation of Household Reference Person,ltla,331,False,False,
RM083,Multi-religion households by ethnic group of Household Reference Person,ltla,331,False,False,
RM082,Multi-language households by tenure,ltla,331,False,False,
RM081,Multi-language households by occupation of Household Reference Person,ltla,331,False,False,
RM080,Multi-language households by ethnic group of Household Reference Person,ltla,331,False,False,
RM079,Method used to travel to work by occupation,ltla,331,False,False,
RM078,Method used to travel to work by industry,ltla,331,False,False,
RM077,Method used to travel to work by distance travelled to work,ltla,331,False,False,
RM076,Method used to travel to work by car or van availability,ltla,331,False,False,
RM075,Method used to travel to work by age,ltla,331,False,False,
RM074,Legal partnership status by sex by age,ltla,331,False,False,
RM073,Disability by sex by age,ltla,331,False,False,
RM072,Disability by religion by sex,ltla,331,False,False,
RM071,Disability by provision of unpaid care by sex,ltla,331,False,False,
RM070,Disability by NS-SEC by age,ltla,331,False,False,
RM069,Disability by general health by age,ltla,331,False,False,
RM068,Disability by car or van availability,ltla,331,False,False,
RM067,Living arrangements by sex by age,ltla,331,False,False,
RM066,Living arrangements by age - Household Reference Person,ltla,331,False,False,
RM065,Industry by sex,ltla,331,False,False,
RM064,Industry by ethnic group,ltla,331,False,False,
RM063,Industry by economic activity status,ltla,331,False,False,
RM062,Industry by age,ltla,331,False,False,
RM061,Household composition by religion of Household Reference Person,ltla,331,False,False,
RM060,Household composition by number of people in household with a disability,ltla,331,False,False,
RM059,Household composition by number of bedrooms,ltla,331,False,False,
RM058,Household composition by ethnic group of Household Reference Person,ltla,331,False,False,
RM057,Household composition by age,ltla,331,False,False,
RM056,Hours worked by sex by age,ltla,331,False,False,
RM055,Highest level of qualification by sex,ltla,331,False,False,
RM054,Highest level of qualification by religion,ltla,331,False,False,
RM053,Highest level of qualification by main language,ltla,331,False,False,
RM052,Highest level of qualification by disability,ltla,331,False,False,
RM051,Highest level of qualification by household composition,ltla,331,False,False,
RM049,Highest level of qualification by ethnic group,ltla,331,False,False,
RM048,Highest level of qualification by economic activity status,ltla,331,False,False,
RM047,Highest level of qualification by country of birth,ltla,331,False,False,
RM046,General health by tenure by age,ltla,331,False,False,
RM045,General health by religion by age,ltla,331,False,False,
RM044,General health by NS-SEC,ltla,331,False,False,
RM043,General health by ethnic group by age,ltla,331,False,False,
RM042,General health by car or van availability by sex,ltla,331,False,False,
RM041,Gender identity by occupation,ltla,331,False,False,
RM040,Gender identity by legal partnership status,ltla,331,False,False,
RM039,Gender identity by general health,ltla,331,False,False,
RM038,Gender identity by ethnic group,ltla,331,False,False,
RM037,Gender identity by economic activity status,ltla,331,False,False,
RM036,Gender identity by disability,ltla,331,False,False,
RM035,Gender identity by age,ltla,331,False,False,
RM034,Family status by number of parents working by economic activity status,ltla,331,False,False,
RM033,Ethnic group of dependent child by sex,ltla,331,False,False,
RM032,Ethnic group by sex by age,ltla,331,False,False,
RM031,Ethnic group by religion,ltla,331,False,False,
RM030,Ethnic group by provision of unpaid care by general health,ltla,331,False,False,
RM029,Ethnic group by occupancy rating (rooms),ltla,331,False,False,
RM028,Ethnic group by occupancy rating (bedrooms),ltla,331,False,False,
RM027,Ethnic group by age of arrival in the UK,ltla,331,False,False,
RM026,Ethnic group by accommodation type,ltla,331,False,False,
RM025,Economic activity status by sex by employment history,ltla,331,False,False,
RM024,Economic activity status by sex by age,ltla,331,False,False,
RM023,Economic activity status by religion,ltla,331,False,False,
RM022,Economic activity status by provision of unpaid care by general health,ltla,331,False,False,
RM021,Economic activity status by passports held,ltla,331,False,False,
RM020,Economic activity status by living arrangements,ltla,331,False,False,
RM019,Economic activity status by hours worked by disability,ltla,331,False,False,
RM018,Economic activity status by ethnic group,ltla,331,False,False,
RM017,Economic activity status by country of birth,ltla,331,False,False,
RM016,Distance travelled to work by occupation,ltla,331,False,False,
RM015,Distance travelled to work by car or van availability,ltla,331,False,False,
RM014,Distance travelled to work by age,ltla,331,False,False,
RM012,Dependent children by ethnic group of Household Reference Person by age,ltla,331,False,False,
RM011,Country of birth by age,ltla,331,False,False,
RM010,Country of birth by ethnic group,ltla,331,False,False,
RM009,Concealed family status by family type by dependent children by age of Family Reference Person,ltla,331,False,False,
RM008,Car or van availability by household composition,ltla,331,False,False,
RM006,Age of youngest dependent child by household type,ltla,331,False,False,
RM003,Accommodation type by type of central heating in household by tenure,ltla,331,False,False,
RM002,Accommodation type by household size,ltla,331,False,False,
RM001,Accommodation type by car or van availability by number of usual residents aged 17 years or over in household,ltla,331,False,False,
